Initiating legacy licensing module

LICENSE SYSTEM [202676 13:6:35] Next license update check is after 2026-02-21T12:48:39

Built from 'HEAD' branch; Version is '2019.2.23f1 (87f4fccf3219) revision 8910076'; Using compiler version '191627012'
OS: 'Windows 10  (10.0.0) 64bit' Language: 'en' Physical Memory: 16205 MB
BatchMode: 0, IsHumanControllingUs: 1, StartBugReporterOnCrash: 1, Is64bit: 1, IsPro: 0
[Package Manager] Server::Start -- Port 55993 was selected

 COMMAND LINE ARGUMENTS:
C:\Program Files\Unity\Hub\Editor\2019.2.23f1\Editor\Unity.exe
Exiting without the bug reporter. Application will terminate with return code 0Unity\HighPrecisionStepperJuggler
-acceptSoftwareTermsForThisRunOnly
-useHub
-hubIPC
-cloudEnvironment
production
-licensingIpc
LicenseClient-91701
-hubSessionId
ec372e3d-f684-4f66-8f29-b0bb9d917e21
-accessToken
bKOszRaCwpV6lUT8K4yEaLNnl_I0AV0NiocrBpSAujo008f
Successfully changed project path to: C:\Users\91701\Desktop\Thesis\HighPrecisionStepperJuggler-master\Unity\HighPrecisionStepperJuggler
C:/Users/91701/Desktop/Thesis/HighPrecisionStepperJuggler-master/Unity/HighPrecisionStepperJuggler
Using Asset Import Pipeline V1.
Loading GUID <-> Path mappings...0.000110 seconds
Loading Asset Database...0.050508 seconds
AssetDatabase consistency checks...0.057606 seconds
[Package Manager] Done resolving packages in 1.13s seconds
[Package Manager] 
Registered 44 packages:
  Packages from [https://packages.unity.com]:
    com.unity.collab-proxy@1.2.16 (location: C:\Users\91701\Desktop\Thesis\HighPrecisionStepperJuggler-master\Unity\HighPrecisionStepperJuggler\Library\PackageCache\com.unity.collab-proxy@1.2.16)
    com.unity.ext.nunit@1.0.0 (location: C:\Users\91701\Desktop\Thesis\HighPrecisionStepperJuggler-master\Unity\HighPrecisionStepperJuggler\Library\PackageCache\com.unity.ext.nunit@1.0.0)
    com.unity.ide.rider@1.1.0 (location: C:\Users\91701\Desktop\Thesis\HighPrecisionStepperJuggler-master\Unity\HighPrecisionStepperJuggler\Library\PackageCache\com.unity.ide.rider@1.1.0)
    com.unity.ide.vscode@1.1.3 (location: C:\Users\91701\Desktop\Thesis\HighPrecisionStepperJuggler-master\Unity\HighPrecisionStepperJuggler\Library\PackageCache\com.unity.ide.vscode@1.1.3)
    com.unity.test-framework@1.0.13 (location: C:\Users\91701\Desktop\Thesis\HighPrecisionStepperJuggler-master\Unity\HighPrecisionStepperJuggler\Library\PackageCache\com.unity.test-framework@1.0.13)
    com.unity.textmeshpro@2.0.1 (location: C:\Users\91701\Desktop\Thesis\HighPrecisionStepperJuggler-master\Unity\HighPrecisionStepperJuggler\Library\PackageCache\com.unity.textmeshpro@2.0.1)
    com.unity.render-pipelines.core@6.9.1 (location: C:\Users\91701\Desktop\Thesis\HighPrecisionStepperJuggler-master\Unity\HighPrecisionStepperJuggler\Library\PackageCache\com.unity.render-pipelines.core@6.9.1)
    com.unity.shadergraph@6.9.1 (location: C:\Users\91701\Desktop\Thesis\HighPrecisionStepperJuggler-master\Unity\HighPrecisionStepperJuggler\Library\PackageCache\com.unity.shadergraph@6.9.1)
    com.unity.visualeffectgraph@6.9.1-preview (location: C:\Users\91701\Desktop\Thesis\HighPrecisionStepperJuggler-master\Unity\HighPrecisionStepperJuggler\Library\PackageCache\com.unity.visualeffectgraph@6.9.1-preview)
  Built-in packages:
    com.unity.package-manager-ui@2.2.0 (location: C:\Program Files\Unity\Hub\Editor\2019.2.23f1\Editor\Data\Resources\PackageManager\BuiltInPackages\com.unity.package-manager-ui)
    com.unity.timeline@1.1.0 (location: C:\Program Files\Unity\Hub\Editor\2019.2.23f1\Editor\Data\Resources\PackageManager\BuiltInPackages\com.unity.timeline)
    com.unity.ugui@1.0.0 (location: C:\Program Files\Unity\Hub\Editor\2019.2.23f1\Editor\Data\Resources\PackageManager\BuiltInPackages\com.unity.ugui)
    com.unity.modules.ai@1.0.0 (location: C:\Program Files\Unity\Hub\Editor\2019.2.23f1\Editor\Data\Resources\PackageManager\BuiltInPackages\com.unity.modules.ai)
    com.unity.modules.androidjni@1.0.0 (location: C:\Program Files\Unity\Hub\Editor\2019.2.23f1\Editor\Data\Resources\PackageManager\BuiltInPackages\com.unity.modules.androidjni)
    com.unity.modules.animation@1.0.0 (location: C:\Program Files\Unity\Hub\Editor\2019.2.23f1\Editor\Data\Resources\PackageManager\BuiltInPackages\com.unity.modules.animation)
    com.unity.modules.assetbundle@1.0.0 (location: C:\Program Files\Unity\Hub\Editor\2019.2.23f1\Editor\Data\Resources\PackageManager\BuiltInPackages\com.unity.modules.assetbundle)
    com.unity.modules.audio@1.0.0 (location: C:\Program Files\Unity\Hub\Editor\2019.2.23f1\Editor\Data\Resources\PackageManager\BuiltInPackages\com.unity.modules.audio)
    com.unity.modules.cloth@1.0.0 (location: C:\Program Files\Unity\Hub\Editor\2019.2.23f1\Editor\Data\Resources\PackageManager\BuiltInPackages\com.unity.modules.cloth)
    com.unity.modules.director@1.0.0 (location: C:\Program Files\Unity\Hub\Editor\2019.2.23f1\Editor\Data\Resources\PackageManager\BuiltInPackages\com.unity.modules.director)
    com.unity.modules.imageconversion@1.0.0 (location: C:\Program Files\Unity\Hub\Editor\2019.2.23f1\Editor\Data\Resources\PackageManager\BuiltInPackages\com.unity.modules.imageconversion)
    com.unity.modules.imgui@1.0.0 (location: C:\Program Files\Unity\Hub\Editor\2019.2.23f1\Editor\Data\Resources\PackageManager\BuiltInPackages\com.unity.modules.imgui)
    com.unity.modules.jsonserialize@1.0.0 (location: C:\Program Files\Unity\Hub\Editor\2019.2.23f1\Editor\Data\Resources\PackageManager\BuiltInPackages\com.unity.modules.jsonserialize)
    com.unity.modules.particlesystem@1.0.0 (location: C:\Program Files\Unity\Hub\Editor\2019.2.23f1\Editor\Data\Resources\PackageManager\BuiltInPackages\com.unity.modules.particlesystem)
    com.unity.modules.physics@1.0.0 (location: C:\Program Files\Unity\Hub\Editor\2019.2.23f1\Editor\Data\Resources\PackageManager\BuiltInPackages\com.unity.modules.physics)
    com.unity.modules.physics2d@1.0.0 (location: C:\Program Files\Unity\Hub\Editor\2019.2.23f1\Editor\Data\Resources\PackageManager\BuiltInPackages\com.unity.modules.physics2d)
    com.unity.modules.screencapture@1.0.0 (location: C:\Program Files\Unity\Hub\Editor\2019.2.23f1\Editor\Data\Resources\PackageManager\BuiltInPackages\com.unity.modules.screencapture)
    com.unity.modules.terrain@1.0.0 (location: C:\Program Files\Unity\Hub\Editor\2019.2.23f1\Editor\Data\Resources\PackageManager\BuiltInPackages\com.unity.modules.terrain)
    com.unity.modules.terrainphysics@1.0.0 (location: C:\Program Files\Unity\Hub\Editor\2019.2.23f1\Editor\Data\Resources\PackageManager\BuiltInPackages\com.unity.modules.terrainphysics)
    com.unity.modules.tilemap@1.0.0 (location: C:\Program Files\Unity\Hub\Editor\2019.2.23f1\Editor\Data\Resources\PackageManager\BuiltInPackages\com.unity.modules.tilemap)
    com.unity.modules.ui@1.0.0 (location: C:\Program Files\Unity\Hub\Editor\2019.2.23f1\Editor\Data\Resources\PackageManager\BuiltInPackages\com.unity.modules.ui)
    com.unity.modules.uielements@1.0.0 (location: C:\Program Files\Unity\Hub\Editor\2019.2.23f1\Editor\Data\Resources\PackageManager\BuiltInPackages\com.unity.modules.uielements)
    com.unity.modules.umbra@1.0.0 (location: C:\Program Files\Unity\Hub\Editor\2019.2.23f1\Editor\Data\Resources\PackageManager\BuiltInPackages\com.unity.modules.umbra)
    com.unity.modules.unityanalytics@1.0.0 (location: C:\Program Files\Unity\Hub\Editor\2019.2.23f1\Editor\Data\Resources\PackageManager\BuiltInPackages\com.unity.modules.unityanalytics)
    com.unity.modules.unitywebrequest@1.0.0 (location: C:\Program Files\Unity\Hub\Editor\2019.2.23f1\Editor\Data\Resources\PackageManager\BuiltInPackages\com.unity.modules.unitywebrequest)
    com.unity.modules.unitywebrequestassetbundle@1.0.0 (location: C:\Program Files\Unity\Hub\Editor\2019.2.23f1\Editor\Data\Resources\PackageManager\BuiltInPackages\com.unity.modules.unitywebrequestassetbundle)
    com.unity.modules.unitywebrequestaudio@1.0.0 (location: C:\Program Files\Unity\Hub\Editor\2019.2.23f1\Editor\Data\Resources\PackageManager\BuiltInPackages\com.unity.modules.unitywebrequestaudio)
    com.unity.modules.unitywebrequesttexture@1.0.0 (location: C:\Program Files\Unity\Hub\Editor\2019.2.23f1\Editor\Data\Resources\PackageManager\BuiltInPackages\com.unity.modules.unitywebrequesttexture)
    com.unity.modules.unitywebrequestwww@1.0.0 (location: C:\Program Files\Unity\Hub\Editor\2019.2.23f1\Editor\Data\Resources\PackageManager\BuiltInPackages\com.unity.modules.unitywebrequestwww)
    com.unity.modules.vehicles@1.0.0 (location: C:\Program Files\Unity\Hub\Editor\2019.2.23f1\Editor\Data\Resources\PackageManager\BuiltInPackages\com.unity.modules.vehicles)
    com.unity.modules.video@1.0.0 (location: C:\Program Files\Unity\Hub\Editor\2019.2.23f1\Editor\Data\Resources\PackageManager\BuiltInPackages\com.unity.modules.video)
    com.unity.modules.vr@1.0.0 (location: C:\Program Files\Unity\Hub\Editor\2019.2.23f1\Editor\Data\Resources\PackageManager\BuiltInPackages\com.unity.modules.vr)
    com.unity.modules.wind@1.0.0 (location: C:\Program Files\Unity\Hub\Editor\2019.2.23f1\Editor\Data\Resources\PackageManager\BuiltInPackages\com.unity.modules.wind)
    com.unity.modules.xr@1.0.0 (location: C:\Program Files\Unity\Hub\Editor\2019.2.23f1\Editor\Data\Resources\PackageManager\BuiltInPackages\com.unity.modules.xr)
  Local packages:
    com.unity.render-pipelines.high-definition@file:C:\Users\91701\Desktop\Thesis\HighPrecisionStepperJuggler-master\Unity\ScriptableRenderPipeline-6.9.1\com.unity.render-pipelines.high-definition (location: C:\Users\91701\Desktop\Thesis\HighPrecisionStepperJuggler-master\Unity\ScriptableRenderPipeline-6.9.1\com.unity.render-pipelines.high-definition)

[XR] No new subsystems found in resolved package list.
[Package Manager] Done registering packages in 0.05s seconds
Refreshing native plugins compatible for Editor in 19.38 ms, found 2 plugins.
Preloading 0 native plugins for Editor in 0.00 ms.
IsTimeToCheckForNewEditor: Update time 1783322313 current 1783336000
Initialize engine version: 2019.2.23f1 (87f4fccf3219)
[XR] Discovering subsystems at path C:/Program Files/Unity/Hub/Editor/2019.2.23f1/Editor/Data/Resources/UnitySubsystems
[XR] Discovering subsystems at path C:/Users/91701/Desktop/Thesis/HighPrecisionStepperJuggler-master/Unity/HighPrecisionStepperJuggler/Assets
GfxDevice: creating device client; threaded=1
Direct3D:
    Version:  Direct3D 11.0 [level 11.1]
    Renderer: NVIDIA GeForce RTX 3050 Laptop GPU (ID=0x25a2)
    Vendor:   
    VRAM:     3962 MB
    Driver:   32.0.15.9186
WARNING: Shader Unsupported: 'HDRP/Lit' - Pass 'IndirectDXR' has no vertex shader
WARNING: Shader Unsupported: 'HDRP/Lit' - Pass 'ForwardDXR' has no vertex shader
WARNING: Shader Unsupported: 'HDRP/Lit' - Pass 'VisibilityDXR' has no vertex shader
WARNING: Shader Unsupported: 'HDRP/Lit' - All passes removed
WARNING: Shader Did you use #pragma only_renderers and omit this platform?
WARNING: Shader Unsupported: 'HDRP/Unlit' - Pass 'IndirectDXR' has no vertex shader
WARNING: Shader Unsupported: 'HDRP/Unlit' - Pass 'ForwardDXR' has no vertex shader
WARNING: Shader Unsupported: 'HDRP/Unlit' - Pass 'VisibilityDXR' has no vertex shader
WARNING: Shader Unsupported: 'HDRP/Unlit' - All passes removed
WARNING: Shader Did you use #pragma only_renderers and omit this platform?
[EnlightenBakeManager] m_Clear = false;
Initialize mono
Mono path[0] = 'C:/Program Files/Unity/Hub/Editor/2019.2.23f1/Editor/Data/Managed'
Mono path[1] = 'C:/Program Files/Unity/Hub/Editor/2019.2.23f1/Editor/Data/MonoBleedingEdge/lib/mono/unityjit'
Mono config path = 'C:/Program Files/Unity/Hub/Editor/2019.2.23f1/Editor/Data/MonoBleedingEdge/etc'
Using monoOptions --debugger-agent=transport=dt_socket,embedding=1,server=y,suspend=n,address=127.0.0.1:56244
Begin MonoManager ReloadAssembly
Registering precompiled unity dll's ...
Register platform support module: C:/Program Files/Unity/Hub/Editor/2019.2.23f1/Editor/Data/PlaybackEngines/WindowsStandaloneSupport/UnityEditor.WindowsStandalone.Extensions.dll
Register platform support module: C:/Program Files/Unity/Hub/Editor/2019.2.23f1/Editor/Data/PlaybackEngines/WebGLSupport/UnityEditor.WebGL.Extensions.dll
Register platform support module: C:/Program Files/Unity/Hub/Editor/2019.2.23f1/Editor/Data/PlaybackEngines/MetroSupport/UnityEditor.UWP.Extensions.dll
Registered in 0.004155 seconds.
Native extension for WebGL target not found
Native extension for WindowsStandalone target not found
Refreshing native plugins compatible for Editor in 0.39 ms, found 2 plugins.
Preloading 0 native plugins for Editor in 0.00 ms.
Mono: successfully reloaded assembly
- Completed reload, in  3.719 seconds
Registering precompiled user dll's ...
Registered in 0.171009 seconds.
Platform modules already initialized, skipping
Begin MonoManager ReloadAssembly
Symbol file data-00000179806A6210 doesn't match image C:\Users\91701\Desktop\Thesis\HighPrecisionStepperJuggler-master\Unity\HighPrecisionStepperJuggler\Library\ScriptAssemblies\Assembly-CSharp.dll
Symbol file LoadedFromMemory is not a mono symbol file
Symbol file LoadedFromMemory doesn't match image C:\Users\91701\Desktop\Thesis\HighPrecisionStepperJuggler-master\Unity\HighPrecisionStepperJuggler\Library\PackageCache\com.unity.ext.nunit@1.0.0\net35\unity-custom\nunit.framework.dll
Native extension for WebGL target not found
Native extension for WindowsStandalone target not found
Refreshing native plugins compatible for Editor in 0.45 ms, found 2 plugins.
Preloading 0 native plugins for Editor in 0.00 ms.
Mono: successfully reloaded assembly
- Completed reload, in  0.903 seconds
Platform modules already initialized, skipping
Validating Project structure ... 0.010480 seconds.
Refresh: detecting if any assets need to be imported or removed ...
Refreshing native plugins compatible for Editor in 0.44 ms, found 2 plugins.
Preloading 0 native plugins for Editor in 0.00 ms.
Refresh: detecting if any assets need to be imported or removed ...

Refresh Completed time: 0.089265s
	Asset Scan time: 0.087596s
	Asset Hashing: 0.000000s [0 B, 0.000000 mb/s]
	Asset Import (Scripting) time: 0.000000s (count: 0)
	Post Processs Assets (Scripting) time: 0.000000s
	Asset Rehashing: 0.000000s [0 B, 0.000000 mb/s]
	Asset Import (Non Scripting) time: 0.000000s (count: 0)
	Post Process Assets (Non Scripting) time: 0.000000s
	Dependent Assets to Import Queue time: 0.000000s

WARNING: Shader Unsupported: 'HDRP/Unlit' - Pass 'IndirectDXR' has no vertex shader
WARNING: Shader Unsupported: 'HDRP/Unlit' - Pass 'ForwardDXR' has no vertex shader
WARNING: Shader Unsupported: 'HDRP/Unlit' - Pass 'VisibilityDXR' has no vertex shader
WARNING: Shader Unsupported: 'HDRP/Unlit' - All passes removed
WARNING: Shader Did you use #pragma only_renderers and omit this platform?
WARNING: Shader Unsupported: 'HDRP/Lit' - Pass 'IndirectDXR' has no vertex shader
WARNING: Shader Unsupported: 'HDRP/Lit' - Pass 'ForwardDXR' has no vertex shader
WARNING: Shader Unsupported: 'HDRP/Lit' - Pass 'VisibilityDXR' has no vertex shader
WARNING: Shader Unsupported: 'HDRP/Lit' - All passes removed
WARNING: Shader Did you use #pragma only_renderers and omit this platform?
Launched and connected shader compiler UnityShaderCompiler.exe after 0.05 seconds
Warming cache for 4711 main assets: 0.008070 seconds elapsed
Initializing Unity extensions:
 'C:/Program Files/Unity/Hub/Editor/2019.2.23f1/Editor/Data/UnityExtensions/Unity/UnityVR/Editor/UnityEditor.VR.dll'  GUID: 4ba2329b63d54f0187bcaa12486b1b0f
Unloading 2952 Unused Serialized files (Serialized files now loaded: 0)
Loaded scene 'Assets/HighPrecisionStepperJuggler/MainScene.unity'
	Deserialize:            203.592 ms
	Integration:            414.509 ms
	Integration of assets:  8.978 ms
	Thread Wait Time:       29.976 ms
	Total Operation Time:   657.056 ms
System memory in use before: 94.3 MB.
System memory in use after: 94.7 MB.

Unloading 285 unused Assets to reduce memory usage. Loaded Objects now: 5909.
Total: 3.857500 ms (FindLiveObjects: 0.637300 ms CreateObjectMapping: 0.257600 ms MarkObjects: 2.773900 ms  DeleteObjects: 0.188200 ms)

<RI> Initialized touch support.
<RI> Initialized touch support.
<RI> Initialized touch support.
<RI> Initialized touch support.
<RI> Initialized touch support.
<RI> Initialized touch support.
<RI> Initializing input.
<RI> Input initialized.
[Project] Loading completed in 34.238 seconds
	Project init time: 				33.062 seconds
		Template init time: 		0.000 seconds
		Services packages init time: 	1.564 seconds
		Package Manager init time: 		0.163 seconds
		Asset Database init time: 		2.049 seconds
		Global illumination init time: 	0.403 seconds
		Assemblies load time: 			23.434 seconds
		Unity extensions init time: 	0.001 seconds
		Asset Database refresh time: 	0.089 seconds
	Scene opening time: 			0.995 seconds
EditorUpdateCheck: Failed The requested URL returned error: 404 Not Found
Unloading 73 Unused Serialized files (Serialized files now loaded: 0)
System memory in use before: 403.6 MB.
System memory in use after: 403.9 MB.

Unloading 38 unused Assets to reduce memory usage. Loaded Objects now: 6412.
Total: 9.974900 ms (FindLiveObjects: 0.863400 ms CreateObjectMapping: 0.332000 ms MarkObjects: 8.632000 ms  DeleteObjects: 0.146300 ms)

Created GICache directory at C:/Users/91701/AppData/LocalLow/Unity/Caches/GiCache. Took: 0.064s, timestamps: [37.375 - 37.439]
Setting up 6 worker threads for Enlighten.
  Thread -> id: 1c08 -> priority: 1 
  Thread -> id: 2f18 -> priority: 1 
  Thread -> id: 5480 -> priority: 1 
  Thread -> id: 31e0 -> priority: 1 
  Thread -> id: 5150 -> priority: 1 
  Thread -> id: 46e4 -> priority: 1 
TrimDiskCacheJob: Current cache size 3mb
Refresh: detecting if any assets need to be imported or removed ...

Refresh Completed time: 0.099226s
	Asset Scan time: 0.097447s
	Asset Hashing: 0.000000s [0 B, 0.000000 mb/s]
	Asset Import (Scripting) time: 0.000000s (count: 0)
	Post Processs Assets (Scripting) time: 0.000000s
	Asset Rehashing: 0.000000s [0 B, 0.000000 mb/s]
	Asset Import (Non Scripting) time: 0.000000s (count: 0)
	Post Process Assets (Non Scripting) time: 0.000000s
	Dependent Assets to Import Queue time: 0.000000s

Reloading assemblies for play mode.
Begin MonoManager ReloadAssembly
Symbol file data-00000179CE7C3C50 doesn't match image C:\Users\91701\Desktop\Thesis\HighPrecisionStepperJuggler-master\Unity\HighPrecisionStepperJuggler\Library\ScriptAssemblies\Assembly-CSharp.dll
Symbol file LoadedFromMemory is not a mono symbol file
Symbol file LoadedFromMemory doesn't match image C:\Users\91701\Desktop\Thesis\HighPrecisionStepperJuggler-master\Unity\HighPrecisionStepperJuggler\Library\PackageCache\com.unity.ext.nunit@1.0.0\net35\unity-custom\nunit.framework.dll
Native extension for WebGL target not found
Native extension for WindowsStandalone target not found
Refreshing native plugins compatible for Editor in 1.72 ms, found 2 plugins.
Preloading 0 native plugins for Editor in 0.00 ms.
Mono: successfully reloaded assembly
- Completed reload, in  2.419 seconds
Platform modules already initialized, skipping
[SerialInterface] Available ports: COM3
UnityEngine.DebugLogHandler:Internal_Log(LogType, LogOption, String, Object)
UnityEngine.DebugLogHandler:LogFormat(LogType, Object, String, Object[])
UnityEngine.Logger:Log(LogType, Object)
UnityEngine.Debug:Log(Object)
HighPrecisionStepperJuggler.SerialInterface:Awake()
 
(Filename: C:\build\output\unity\unity\Runtime/Export/Debug/Debug.bindings.h Line: 35)

[SerialInterface] Configured port name: COM3
UnityEngine.DebugLogHandler:Internal_Log(LogType, LogOption, String, Object)
UnityEngine.DebugLogHandler:LogFormat(LogType, Object, String, Object[])
UnityEngine.Logger:Log(LogType, Object)
UnityEngine.Debug:Log(Object)
HighPrecisionStepperJuggler.SerialInterface:Awake()
 
(Filename: C:\build\output\unity\unity\Runtime/Export/Debug/Debug.bindings.h Line: 35)

Loaded scene 'Temp/__Backupscenes/0.backup'
	Deserialize:            20.774 ms
	Integration:            52.755 ms
	Integration of assets:  0.018 ms
	Thread Wait Time:       17.071 ms
	Total Operation Time:   90.616 ms
Ball r, x, y :0.1, 240, 320
UnityEngine.DebugLogHandler:Internal_Log(LogType, LogOption, String, Object)
UnityEngine.DebugLogHandler:LogFormat(LogType, Object, String, Object[])
UnityEngine.Logger:Log(LogType, Object)
UnityEngine.Debug:Log(Object)
HighPrecisionStepperJuggler.ImageProcessingInstructionSender:Update()
 
(Filename: C:\build\output\unity\unity\Runtime/Export/Debug/Debug.bindings.h Line: 35)

Ball r, x, y :0.1, 240, 320
UnityEngine.DebugLogHandler:Internal_Log(LogType, LogOption, String, Object)
UnityEngine.DebugLogHandler:LogFormat(LogType, Object, String, Object[])
UnityEngine.Logger:Log(LogType, Object)
UnityEngine.Debug:Log(Object)
HighPrecisionStepperJuggler.ImageProcessingInstructionSender:Update()
 
(Filename: C:\build\output\unity\unity\Runtime/Export/Debug/Debug.bindings.h Line: 35)

D3D11: Failed to create RenderTexture (761 x 565 fmt 9 aa 1), error 0x8007000e
 
(Filename: C:\build\output\unity\unity\Runtime/GfxDevice/d3d11/RenderTextureD3D11.cpp Line: 207)

gi::BakeBackendSwitch: Clear() active clients.
gi::BakeBackendSwitch: switching bake backend from 3 to 1.
Ball r, x, y :0.1, 240, 320
UnityEngine.DebugLogHandler:Internal_Log(LogType, LogOption, String, Object)
UnityEngine.DebugLogHandler:LogFormat(LogType, Object, String, Object[])
UnityEngine.Logger:Log(LogType, Object)
UnityEngine.Debug:Log(Object)
HighPrecisionStepperJuggler.ImageProcessingInstructionSender:Update()
 
(Filename: C:\build\output\unity\unity\Runtime/Export/Debug/Debug.bindings.h Line: 35)

Ball r, x, y :0.1, 240, 320
UnityEngine.DebugLogHandler:Internal_Log(LogType, LogOption, String, Object)
UnityEngine.DebugLogHandler:LogFormat(LogType, Object, String, Object[])
UnityEngine.Logger:Log(LogType, Object)
UnityEngine.Debug:Log(Object)
HighPrecisionStepperJuggler.ImageProcessingInstructionSender:Update()
 
(Filename: C:\build\output\unity\unity\Runtime/Export/Debug/Debug.bindings.h Line: 35)

Ball r, x, y :0.1, 240, 320
UnityEngine.DebugLogHandler:Internal_Log(LogType, LogOption, String, Object)
UnityEngine.DebugLogHandler:LogFormat(LogType, Object, String, Object[])
UnityEngine.Logger:Log(LogType, Object)
UnityEngine.Debug:Log(Object)
HighPrecisionStepperJuggler.ImageProcessingInstructionSender:Update()
 
(Filename: C:\build\output\unity\unity\Runtime/Export/Debug/Debug.bindings.h Line: 35)

Ball r, x, y :0.1, 240, 320
UnityEngine.DebugLogHandler:Internal_Log(LogType, LogOption, String, Object)
UnityEngine.DebugLogHandler:LogFormat(LogType, Object, String, Object[])
UnityEngine.Logger:Log(LogType, Object)
UnityEngine.Debug:Log(Object)
HighPrecisionStepperJuggler.ImageProcessingInstructionSender:Update()
 
(Filename: C:\build\output\unity\unity\Runtime/Export/Debug/Debug.bindings.h Line: 35)

Ball r, x, y :0.1, 240, 320
UnityEngine.DebugLogHandler:Internal_Log(LogType, LogOption, String, Object)
UnityEngine.DebugLogHandler:LogFormat(LogType, Object, String, Object[])
UnityEngine.Logger:Log(LogType, Object)
UnityEngine.Debug:Log(Object)
HighPrecisionStepperJuggler.ImageProcessingInstructionSender:Update()
 
(Filename: C:\build\output\unity\unity\Runtime/Export/Debug/Debug.bindings.h Line: 35)

Ball r, x, y :0.1, 240, 320
UnityEngine.DebugLogHandler:Internal_Log(LogType, LogOption, String, Object)
UnityEngine.DebugLogHandler:LogFormat(LogType, Object, String, Object[])
UnityEngine.Logger:Log(LogType, Object)
UnityEngine.Debug:Log(Object)
HighPrecisionStepperJuggler.ImageProcessingInstructionSender:Update()
 
(Filename: C:\build\output\unity\unity\Runtime/Export/Debug/Debug.bindings.h Line: 35)

Ball r, x, y :0.1, 240, 320
UnityEngine.DebugLogHandler:Internal_Log(LogType, LogOption, String, Object)
UnityEngine.DebugLogHandler:LogFormat(LogType, Object, String, Object[])
UnityEngine.Logger:Log(LogType, Object)
UnityEngine.Debug:Log(Object)
HighPrecisionStepperJuggler.ImageProcessingInstructionSender:Update()
 
(Filename: C:\build\output\unity\unity\Runtime/Export/Debug/Debug.bindings.h Line: 35)

Ball r, x, y :0.1, 240, 320
UnityEngine.DebugLogHandler:Internal_Log(LogType, LogOption, String, Object)
UnityEngine.DebugLogHandler:LogFormat(LogType, Object, String, Object[])
UnityEngine.Logger:Log(LogType, Object)
UnityEngine.Debug:Log(Object)
HighPrecisionStepperJuggler.ImageProcessingInstructionSender:Update()
 
(Filename: C:\build\output\unity\unity\Runtime/Export/Debug/Debug.bindings.h Line: 35)

Ball r, x, y :0.1, 240, 320
UnityEngine.DebugLogHandler:Internal_Log(LogType, LogOption, String, Object)
UnityEngine.DebugLogHandler:LogFormat(LogType, Object, String, Object[])
UnityEngine.Logger:Log(LogType, Object)
UnityEngine.Debug:Log(Object)
HighPrecisionStepperJuggler.ImageProcessingInstructionSender:Update()
 
(Filename: C:\build\output\unity\unity\Runtime/Export/Debug/Debug.bindings.h Line: 35)

Ball r, x, y :0.1, 240, 320
UnityEngine.DebugLogHandler:Internal_Log(LogType, LogOption, String, Object)
UnityEngine.DebugLogHandler:LogFormat(LogType, Object, String, Object[])
UnityEngine.Logger:Log(LogType, Object)
UnityEngine.Debug:Log(Object)
HighPrecisionStepperJuggler.ImageProcessingInstructionSender:Update()
 
(Filename: C:\build\output\unity\unity\Runtime/Export/Debug/Debug.bindings.h Line: 35)

Ball r, x, y :0.1, 240, 320
UnityEngine.DebugLogHandler:Internal_Log(LogType, LogOption, String, Object)
UnityEngine.DebugLogHandler:LogFormat(LogType, Object, String, Object[])
UnityEngine.Logger:Log(LogType, Object)
UnityEngine.Debug:Log(Object)
HighPrecisionStepperJuggler.ImageProcessingInstructionSender:Update()
 
(Filename: C:\build\output\unity\unity\Runtime/Export/Debug/Debug.bindings.h Line: 35)

Ball r, x, y :0.1, 240, 320
UnityEngine.DebugLogHandler:Internal_Log(LogType, LogOption, String, Object)
UnityEngine.DebugLogHandler:LogFormat(LogType, Object, String, Object[])
UnityEngine.Logger:Log(LogType, Object)
UnityEngine.Debug:Log(Object)
HighPrecisionStepperJuggler.ImageProcessingInstructionSender:Update()
 
(Filename: C:\build\output\unity\unity\Runtime/Export/Debug/Debug.bindings.h Line: 35)

Ball r, x, y :0.1, 240, 320
UnityEngine.DebugLogHandler:Internal_Log(LogType, LogOption, String, Object)
UnityEngine.DebugLogHandler:LogFormat(LogType, Object, String, Object[])
UnityEngine.Logger:Log(LogType, Object)
UnityEngine.Debug:Log(Object)
HighPrecisionStepperJuggler.ImageProcessingInstructionSender:Update()
 
(Filename: C:\build\output\unity\unity\Runtime/Export/Debug/Debug.bindings.h Line: 35)

Ball r, x, y :0.1, 240, 320
UnityEngine.DebugLogHandler:Internal_Log(LogType, LogOption, String, Object)
UnityEngine.DebugLogHandler:LogFormat(LogType, Object, String, Object[])
UnityEngine.Logger:Log(LogType, Object)
UnityEngine.Debug:Log(Object)
HighPrecisionStepperJuggler.ImageProcessingInstructionSender:Update()
 
(Filename: C:\build\output\unity\unity\Runtime/Export/Debug/Debug.bindings.h Line: 35)

Ball r, x, y :0.1, 240, 320
UnityEngine.DebugLogHandler:Internal_Log(LogType, LogOption, String, Object)
UnityEngine.DebugLogHandler:LogFormat(LogType, Object, String, Object[])
UnityEngine.Logger:Log(LogType, Object)
UnityEngine.Debug:Log(Object)
HighPrecisionStepperJuggler.ImageProcessingInstructionSender:Update()
 
(Filename: C:\build\output\unity\unity\Runtime/Export/Debug/Debug.bindings.h Line: 35)

Ball r, x, y :0.1, 240, 320
UnityEngine.DebugLogHandler:Internal_Log(LogType, LogOption, String, Object)
UnityEngine.DebugLogHandler:LogFormat(LogType, Object, String, Object[])
UnityEngine.Logger:Log(LogType, Object)
UnityEngine.Debug:Log(Object)
HighPrecisionStepperJuggler.ImageProcessingInstructionSender:Update()
 
(Filename: C:\build\output\unity\unity\Runtime/Export/Debug/Debug.bindings.h Line: 35)

Ball r, x, y :0.1, 240, 320
UnityEngine.DebugLogHandler:Internal_Log(LogType, LogOption, String, Object)
UnityEngine.DebugLogHandler:LogFormat(LogType, Object, String, Object[])
UnityEngine.Logger:Log(LogType, Object)
UnityEngine.Debug:Log(Object)
HighPrecisionStepperJuggler.ImageProcessingInstructionSender:Update()
 
(Filename: C:\build\output\unity\unity\Runtime/Export/Debug/Debug.bindings.h Line: 35)

Ball r, x, y :0.1, 240, 320
UnityEngine.DebugLogHandler:Internal_Log(LogType, LogOption, String, Object)
UnityEngine.DebugLogHandler:LogFormat(LogType, Object, String, Object[])
UnityEngine.Logger:Log(LogType, Object)
UnityEngine.Debug:Log(Object)
HighPrecisionStepperJuggler.ImageProcessingInstructionSender:Update()
 
(Filename: C:\build\output\unity\unity\Runtime/Export/Debug/Debug.bindings.h Line: 35)

Ball r, x, y :0.1, 240, 320
UnityEngine.DebugLogHandler:Internal_Log(LogType, LogOption, String, Object)
UnityEngine.DebugLogHandler:LogFormat(LogType, Object, String, Object[])
UnityEngine.Logger:Log(LogType, Object)
UnityEngine.Debug:Log(Object)
HighPrecisionStepperJuggler.ImageProcessingInstructionSender:Update()
 
(Filename: C:\build\output\unity\unity\Runtime/Export/Debug/Debug.bindings.h Line: 35)

Ball r, x, y :0.1, 240, 320
UnityEngine.DebugLogHandler:Internal_Log(LogType, LogOption, String, Object)
UnityEngine.DebugLogHandler:LogFormat(LogType, Object, String, Object[])
UnityEngine.Logger:Log(LogType, Object)
UnityEngine.Debug:Log(Object)
HighPrecisionStepperJuggler.ImageProcessingInstructionSender:Update()
 
(Filename: C:\build\output\unity\unity\Runtime/Export/Debug/Debug.bindings.h Line: 35)

Ball r, x, y :0.1, 240, 320
UnityEngine.DebugLogHandler:Internal_Log(LogType, LogOption, String, Object)
UnityEngine.DebugLogHandler:LogFormat(LogType, Object, String, Object[])
UnityEngine.Logger:Log(LogType, Object)
UnityEngine.Debug:Log(Object)
HighPrecisionStepperJuggler.ImageProcessingInstructionSender:Update()
 
(Filename: C:\build\output\unity\unity\Runtime/Export/Debug/Debug.bindings.h Line: 35)

Ball r, x, y :0.1, 240, 320
UnityEngine.DebugLogHandler:Internal_Log(LogType, LogOption, String, Object)
UnityEngine.DebugLogHandler:LogFormat(LogType, Object, String, Object[])
UnityEngine.Logger:Log(LogType, Object)
UnityEngine.Debug:Log(Object)
HighPrecisionStepperJuggler.ImageProcessingInstructionSender:Update()
 
(Filename: C:\build\output\unity\unity\Runtime/Export/Debug/Debug.bindings.h Line: 35)

Ball r, x, y :0.1, 240, 320
UnityEngine.DebugLogHandler:Internal_Log(LogType, LogOption, String, Object)
UnityEngine.DebugLogHandler:LogFormat(LogType, Object, String, Object[])
UnityEngine.Logger:Log(LogType, Object)
UnityEngine.Debug:Log(Object)
HighPrecisionStepperJuggler.ImageProcessingInstructionSender:Update()
 
(Filename: C:\build\output\unity\unity\Runtime/Export/Debug/Debug.bindings.h Line: 35)

Ball r, x, y :0.1, 240, 320
UnityEngine.DebugLogHandler:Internal_Log(LogType, LogOption, String, Object)
UnityEngine.DebugLogHandler:LogFormat(LogType, Object, String, Object[])
UnityEngine.Logger:Log(LogType, Object)
UnityEngine.Debug:Log(Object)
HighPrecisionStepperJuggler.ImageProcessingInstructionSender:Update()
 
(Filename: C:\build\output\unity\unity\Runtime/Export/Debug/Debug.bindings.h Line: 35)

Ball r, x, y :0.1, 240, 320
UnityEngine.DebugLogHandler:Internal_Log(LogType, LogOption, String, Object)
UnityEngine.DebugLogHandler:LogFormat(LogType, Object, String, Object[])
UnityEngine.Logger:Log(LogType, Object)
UnityEngine.Debug:Log(Object)
HighPrecisionStepperJuggler.ImageProcessingInstructionSender:Update()
 
(Filename: C:\build\output\unity\unity\Runtime/Export/Debug/Debug.bindings.h Line: 35)

Ball r, x, y :0.1, 240, 320
UnityEngine.DebugLogHandler:Internal_Log(LogType, LogOption, String, Object)
UnityEngine.DebugLogHandler:LogFormat(LogType, Object, String, Object[])
UnityEngine.Logger:Log(LogType, Object)
UnityEngine.Debug:Log(Object)
HighPrecisionStepperJuggler.ImageProcessingInstructionSender:Update()
 
(Filename: C:\build\output\unity\unity\Runtime/Export/Debug/Debug.bindings.h Line: 35)

Ball r, x, y :0.1, 240, 320
UnityEngine.DebugLogHandler:Internal_Log(LogType, LogOption, String, Object)
UnityEngine.DebugLogHandler:LogFormat(LogType, Object, String, Object[])
UnityEngine.Logger:Log(LogType, Object)
UnityEngine.Debug:Log(Object)
HighPrecisionStepperJuggler.ImageProcessingInstructionSender:Update()
 
(Filename: C:\build\output\unity\unity\Runtime/Export/Debug/Debug.bindings.h Line: 35)

Ball r, x, y :0.1, 240, 320
UnityEngine.DebugLogHandler:Internal_Log(LogType, LogOption, String, Object)
UnityEngine.DebugLogHandler:LogFormat(LogType, Object, String, Object[])
UnityEngine.Logger:Log(LogType, Object)
UnityEngine.Debug:Log(Object)
HighPrecisionStepperJuggler.ImageProcessingInstructionSender:Update()
 
(Filename: C:\build\output\unity\unity\Runtime/Export/Debug/Debug.bindings.h Line: 35)

Ball r, x, y :0.1, 240, 320
UnityEngine.DebugLogHandler:Internal_Log(LogType, LogOption, String, Object)
UnityEngine.DebugLogHandler:LogFormat(LogType, Object, String, Object[])
UnityEngine.Logger:Log(LogType, Object)
UnityEngine.Debug:Log(Object)
HighPrecisionStepperJuggler.ImageProcessingInstructionSender:Update()
 
(Filename: C:\build\output\unity\unity\Runtime/Export/Debug/Debug.bindings.h Line: 35)

Ball r, x, y :0.1, 240, 320
UnityEngine.DebugLogHandler:Internal_Log(LogType, LogOption, String, Object)
UnityEngine.DebugLogHandler:LogFormat(LogType, Object, String, Object[])
UnityEngine.Logger:Log(LogType, Object)
UnityEngine.Debug:Log(Object)
HighPrecisionStepperJuggler.ImageProcessingInstructionSender:Update()
 
(Filename: C:\build\output\unity\unity\Runtime/Export/Debug/Debug.bindings.h Line: 35)

Ball r, x, y :0.1, 240, 320
UnityEngine.DebugLogHandler:Internal_Log(LogType, LogOption, String, Object)
UnityEngine.DebugLogHandler:LogFormat(LogType, Object, String, Object[])
UnityEngine.Logger:Log(LogType, Object)
UnityEngine.Debug:Log(Object)
HighPrecisionStepperJuggler.ImageProcessingInstructionSender:Update()
 
(Filename: C:\build\output\unity\unity\Runtime/Export/Debug/Debug.bindings.h Line: 35)

Ball r, x, y :0.1, 240, 320
UnityEngine.DebugLogHandler:Internal_Log(LogType, LogOption, String, Object)
UnityEngine.DebugLogHandler:LogFormat(LogType, Object, String, Object[])
UnityEngine.Logger:Log(LogType, Object)
UnityEngine.Debug:Log(Object)
HighPrecisionStepperJuggler.ImageProcessingInstructionSender:Update()
 
(Filename: C:\build\output\unity\unity\Runtime/Export/Debug/Debug.bindings.h Line: 35)

Ball r, x, y :0.1, 240, 320
UnityEngine.DebugLogHandler:Internal_Log(LogType, LogOption, String, Object)
UnityEngine.DebugLogHandler:LogFormat(LogType, Object, String, Object[])
UnityEngine.Logger:Log(LogType, Object)
UnityEngine.Debug:Log(Object)
HighPrecisionStepperJuggler.ImageProcessingInstructionSender:Update()
 
(Filename: C:\build\output\unity\unity\Runtime/Export/Debug/Debug.bindings.h Line: 35)

Ball r, x, y :0.1, 240, 320
UnityEngine.DebugLogHandler:Internal_Log(LogType, LogOption, String, Object)
UnityEngine.DebugLogHandler:LogFormat(LogType, Object, String, Object[])
UnityEngine.Logger:Log(LogType, Object)
UnityEngine.Debug:Log(Object)
HighPrecisionStepperJuggler.ImageProcessingInstructionSender:Update()
 
(Filename: C:\build\output\unity\unity\Runtime/Export/Debug/Debug.bindings.h Line: 35)

Ball r, x, y :0.1, 240, 320
UnityEngine.DebugLogHandler:Internal_Log(LogType, LogOption, String, Object)
UnityEngine.DebugLogHandler:LogFormat(LogType, Object, String, Object[])
UnityEngine.Logger:Log(LogType, Object)
UnityEngine.Debug:Log(Object)
HighPrecisionStepperJuggler.ImageProcessingInstructionSender:Update()
 
(Filename: C:\build\output\unity\unity\Runtime/Export/Debug/Debug.bindings.h Line: 35)

Ball r, x, y :0.1, 240, 320
UnityEngine.DebugLogHandler:Internal_Log(LogType, LogOption, String, Object)
UnityEngine.DebugLogHandler:LogFormat(LogType, Object, String, Object[])
UnityEngine.Logger:Log(LogType, Object)
UnityEngine.Debug:Log(Object)
HighPrecisionStepperJuggler.ImageProcessingInstructionSender:Update()
 
(Filename: C:\build\output\unity\unity\Runtime/Export/Debug/Debug.bindings.h Line: 35)

Ball r, x, y :0.1, 240, 320
UnityEngine.DebugLogHandler:Internal_Log(LogType, LogOption, String, Object)
UnityEngine.DebugLogHandler:LogFormat(LogType, Object, String, Object[])
UnityEngine.Logger:Log(LogType, Object)
UnityEngine.Debug:Log(Object)
HighPrecisionStepperJuggler.ImageProcessingInstructionSender:Update()
 
(Filename: C:\build\output\unity\unity\Runtime/Export/Debug/Debug.bindings.h Line: 35)

Ball r, x, y :0.1, 240, 320
UnityEngine.DebugLogHandler:Internal_Log(LogType, LogOption, String, Object)
UnityEngine.DebugLogHandler:LogFormat(LogType, Object, String, Object[])
UnityEngine.Logger:Log(LogType, Object)
UnityEngine.Debug:Log(Object)
HighPrecisionStepperJuggler.ImageProcessingInstructionSender:Update()
 
(Filename: C:\build\output\unity\unity\Runtime/Export/Debug/Debug.bindings.h Line: 35)

Ball r, x, y :0.1, 240, 320
UnityEngine.DebugLogHandler:Internal_Log(LogType, LogOption, String, Object)
UnityEngine.DebugLogHandler:LogFormat(LogType, Object, String, Object[])
UnityEngine.Logger:Log(LogType, Object)
UnityEngine.Debug:Log(Object)
HighPrecisionStepperJuggler.ImageProcessingInstructionSender:Update()
 
(Filename: C:\build\output\unity\unity\Runtime/Export/Debug/Debug.bindings.h Line: 35)

Ball r, x, y :0.1, 240, 320
UnityEngine.DebugLogHandler:Internal_Log(LogType, LogOption, String, Object)
UnityEngine.DebugLogHandler:LogFormat(LogType, Object, String, Object[])
UnityEngine.Logger:Log(LogType, Object)
UnityEngine.Debug:Log(Object)
HighPrecisionStepperJuggler.ImageProcessingInstructionSender:Update()
 
(Filename: C:\build\output\unity\unity\Runtime/Export/Debug/Debug.bindings.h Line: 35)

Ball r, x, y :0.1, 240, 320
UnityEngine.DebugLogHandler:Internal_Log(LogType, LogOption, String, Object)
UnityEngine.DebugLogHandler:LogFormat(LogType, Object, String, Object[])
UnityEngine.Logger:Log(LogType, Object)
UnityEngine.Debug:Log(Object)
HighPrecisionStepperJuggler.ImageProcessingInstructionSender:Update()
 
(Filename: C:\build\output\unity\unity\Runtime/Export/Debug/Debug.bindings.h Line: 35)

Ball r, x, y :0.1, 240, 320
UnityEngine.DebugLogHandler:Internal_Log(LogType, LogOption, String, Object)
UnityEngine.DebugLogHandler:LogFormat(LogType, Object, String, Object[])
UnityEngine.Logger:Log(LogType, Object)
UnityEngine.Debug:Log(Object)
HighPrecisionStepperJuggler.ImageProcessingInstructionSender:Update()
 
(Filename: C:\build\output\unity\unity\Runtime/Export/Debug/Debug.bindings.h Line: 35)

Ball r, x, y :0.1, 240, 320
UnityEngine.DebugLogHandler:Internal_Log(LogType, LogOption, String, Object)
UnityEngine.DebugLogHandler:LogFormat(LogType, Object, String, Object[])
UnityEngine.Logger:Log(LogType, Object)
UnityEngine.Debug:Log(Object)
HighPrecisionStepperJuggler.ImageProcessingInstructionSender:Update()
 
(Filename: C:\build\output\unity\unity\Runtime/Export/Debug/Debug.bindings.h Line: 35)

Ball r, x, y :0.1, 240, 320
UnityEngine.DebugLogHandler:Internal_Log(LogType, LogOption, String, Object)
UnityEngine.DebugLogHandler:LogFormat(LogType, Object, String, Object[])
UnityEngine.Logger:Log(LogType, Object)
UnityEngine.Debug:Log(Object)
HighPrecisionStepperJuggler.ImageProcessingInstructionSender:Update()
 
(Filename: C:\build\output\unity\unity\Runtime/Export/Debug/Debug.bindings.h Line: 35)

Ball r, x, y :0.1, 240, 320
UnityEngine.DebugLogHandler:Internal_Log(LogType, LogOption, String, Object)
UnityEngine.DebugLogHandler:LogFormat(LogType, Object, String, Object[])
UnityEngine.Logger:Log(LogType, Object)
UnityEngine.Debug:Log(Object)
HighPrecisionStepperJuggler.ImageProcessingInstructionSender:Update()
 
(Filename: C:\build\output\unity\unity\Runtime/Export/Debug/Debug.bindings.h Line: 35)

Ball r, x, y :0.1, 240, 320
UnityEngine.DebugLogHandler:Internal_Log(LogType, LogOption, String, Object)
UnityEngine.DebugLogHandler:LogFormat(LogType, Object, String, Object[])
UnityEngine.Logger:Log(LogType, Object)
UnityEngine.Debug:Log(Object)
HighPrecisionStepperJuggler.ImageProcessingInstructionSender:Update()
 
(Filename: C:\build\output\unity\unity\Runtime/Export/Debug/Debug.bindings.h Line: 35)

Ball r, x, y :0.1, 240, 320
UnityEngine.DebugLogHandler:Internal_Log(LogType, LogOption, String, Object)
UnityEngine.DebugLogHandler:LogFormat(LogType, Object, String, Object[])
UnityEngine.Logger:Log(LogType, Object)
UnityEngine.Debug:Log(Object)
HighPrecisionStepperJuggler.ImageProcessingInstructionSender:Update()
 
(Filename: C:\build\output\unity\unity\Runtime/Export/Debug/Debug.bindings.h Line: 35)

Ball r, x, y :0.1, 240, 320
UnityEngine.DebugLogHandler:Internal_Log(LogType, LogOption, String, Object)
UnityEngine.DebugLogHandler:LogFormat(LogType, Object, String, Object[])
UnityEngine.Logger:Log(LogType, Object)
UnityEngine.Debug:Log(Object)
HighPrecisionStepperJuggler.ImageProcessingInstructionSender:Update()
 
(Filename: C:\build\output\unity\unity\Runtime/Export/Debug/Debug.bindings.h Line: 35)

Ball r, x, y :0.1, 240, 320
UnityEngine.DebugLogHandler:Internal_Log(LogType, LogOption, String, Object)
UnityEngine.DebugLogHandler:LogFormat(LogType, Object, String, Object[])
UnityEngine.Logger:Log(LogType, Object)
UnityEngine.Debug:Log(Object)
HighPrecisionStepperJuggler.ImageProcessingInstructionSender:Update()
 
(Filename: C:\build\output\unity\unity\Runtime/Export/Debug/Debug.bindings.h Line: 35)

Ball r, x, y :0.1, 240, 320
UnityEngine.DebugLogHandler:Internal_Log(LogType, LogOption, String, Object)
UnityEngine.DebugLogHandler:LogFormat(LogType, Object, String, Object[])
UnityEngine.Logger:Log(LogType, Object)
UnityEngine.Debug:Log(Object)
HighPrecisionStepperJuggler.ImageProcessingInstructionSender:Update()
 
(Filename: C:\build\output\unity\unity\Runtime/Export/Debug/Debug.bindings.h Line: 35)

Ball r, x, y :0.1, 240, 320
UnityEngine.DebugLogHandler:Internal_Log(LogType, LogOption, String, Object)
UnityEngine.DebugLogHandler:LogFormat(LogType, Object, String, Object[])
UnityEngine.Logger:Log(LogType, Object)
UnityEngine.Debug:Log(Object)
HighPrecisionStepperJuggler.ImageProcessingInstructionSender:Update()
 
(Filename: C:\build\output\unity\unity\Runtime/Export/Debug/Debug.bindings.h Line: 35)

Ball r, x, y :0.1, 240, 320
UnityEngine.DebugLogHandler:Internal_Log(LogType, LogOption, String, Object)
UnityEngine.DebugLogHandler:LogFormat(LogType, Object, String, Object[])
UnityEngine.Logger:Log(LogType, Object)
UnityEngine.Debug:Log(Object)
HighPrecisionStepperJuggler.ImageProcessingInstructionSender:Update()
 
(Filename: C:\build\output\unity\unity\Runtime/Export/Debug/Debug.bindings.h Line: 35)

Ball r, x, y :0.1, 240, 320
UnityEngine.DebugLogHandler:Internal_Log(LogType, LogOption, String, Object)
UnityEngine.DebugLogHandler:LogFormat(LogType, Object, String, Object[])
UnityEngine.Logger:Log(LogType, Object)
UnityEngine.Debug:Log(Object)
HighPrecisionStepperJuggler.ImageProcessingInstructionSender:Update()
 
(Filename: C:\build\output\unity\unity\Runtime/Export/Debug/Debug.bindings.h Line: 35)

Ball r, x, y :0.1, 240, 320
UnityEngine.DebugLogHandler:Internal_Log(LogType, LogOption, String, Object)
UnityEngine.DebugLogHandler:LogFormat(LogType, Object, String, Object[])
UnityEngine.Logger:Log(LogType, Object)
UnityEngine.Debug:Log(Object)
HighPrecisionStepperJuggler.ImageProcessingInstructionSender:Update()
 
(Filename: C:\build\output\unity\unity\Runtime/Export/Debug/Debug.bindings.h Line: 35)

Ball r, x, y :0.1, 240, 320
UnityEngine.DebugLogHandler:Internal_Log(LogType, LogOption, String, Object)
UnityEngine.DebugLogHandler:LogFormat(LogType, Object, String, Object[])
UnityEngine.Logger:Log(LogType, Object)
UnityEngine.Debug:Log(Object)
HighPrecisionStepperJuggler.ImageProcessingInstructionSender:Update()
 
(Filename: C:\build\output\unity\unity\Runtime/Export/Debug/Debug.bindings.h Line: 35)

Ball r, x, y :0.1, 240, 320
UnityEngine.DebugLogHandler:Internal_Log(LogType, LogOption, String, Object)
UnityEngine.DebugLogHandler:LogFormat(LogType, Object, String, Object[])
UnityEngine.Logger:Log(LogType, Object)
UnityEngine.Debug:Log(Object)
HighPrecisionStepperJuggler.ImageProcessingInstructionSender:Update()
 
(Filename: C:\build\output\unity\unity\Runtime/Export/Debug/Debug.bindings.h Line: 35)

Ball r, x, y :0.1, 240, 320
UnityEngine.DebugLogHandler:Internal_Log(LogType, LogOption, String, Object)
UnityEngine.DebugLogHandler:LogFormat(LogType, Object, String, Object[])
UnityEngine.Logger:Log(LogType, Object)
UnityEngine.Debug:Log(Object)
HighPrecisionStepperJuggler.ImageProcessingInstructionSender:Update()
 
(Filename: C:\build\output\unity\unity\Runtime/Export/Debug/Debug.bindings.h Line: 35)

Ball r, x, y :0.1, 240, 320
UnityEngine.DebugLogHandler:Internal_Log(LogType, LogOption, String, Object)
UnityEngine.DebugLogHandler:LogFormat(LogType, Object, String, Object[])
UnityEngine.Logger:Log(LogType, Object)
UnityEngine.Debug:Log(Object)
HighPrecisionStepperJuggler.ImageProcessingInstructionSender:Update()
 
(Filename: C:\build\output\unity\unity\Runtime/Export/Debug/Debug.bindings.h Line: 35)

Ball r, x, y :0.1, 240, 320
UnityEngine.DebugLogHandler:Internal_Log(LogType, LogOption, String, Object)
UnityEngine.DebugLogHandler:LogFormat(LogType, Object, String, Object[])
UnityEngine.Logger:Log(LogType, Object)
UnityEngine.Debug:Log(Object)
HighPrecisionStepperJuggler.ImageProcessingInstructionSender:Update()
 
(Filename: C:\build\output\unity\unity\Runtime/Export/Debug/Debug.bindings.h Line: 35)

Ball r, x, y :0.1, 240, 320
UnityEngine.DebugLogHandler:Internal_Log(LogType, LogOption, String, Object)
UnityEngine.DebugLogHandler:LogFormat(LogType, Object, String, Object[])
UnityEngine.Logger:Log(LogType, Object)
UnityEngine.Debug:Log(Object)
HighPrecisionStepperJuggler.ImageProcessingInstructionSender:Update()
 
(Filename: C:\build\output\unity\unity\Runtime/Export/Debug/Debug.bindings.h Line: 35)

Ball r, x, y :0.1, 240, 320
UnityEngine.DebugLogHandler:Internal_Log(LogType, LogOption, String, Object)
UnityEngine.DebugLogHandler:LogFormat(LogType, Object, String, Object[])
UnityEngine.Logger:Log(LogType, Object)
UnityEngine.Debug:Log(Object)
HighPrecisionStepperJuggler.ImageProcessingInstructionSender:Update()
 
(Filename: C:\build\output\unity\unity\Runtime/Export/Debug/Debug.bindings.h Line: 35)

Ball r, x, y :0.1, 240, 320
UnityEngine.DebugLogHandler:Internal_Log(LogType, LogOption, String, Object)
UnityEngine.DebugLogHandler:LogFormat(LogType, Object, String, Object[])
UnityEngine.Logger:Log(LogType, Object)
UnityEngine.Debug:Log(Object)
HighPrecisionStepperJuggler.ImageProcessingInstructionSender:Update()
 
(Filename: C:\build\output\unity\unity\Runtime/Export/Debug/Debug.bindings.h Line: 35)

Ball r, x, y :0.1, 240, 320
UnityEngine.DebugLogHandler:Internal_Log(LogType, LogOption, String, Object)
UnityEngine.DebugLogHandler:LogFormat(LogType, Object, String, Object[])
UnityEngine.Logger:Log(LogType, Object)
UnityEngine.Debug:Log(Object)
HighPrecisionStepperJuggler.ImageProcessingInstructionSender:Update()
 
(Filename: C:\build\output\unity\unity\Runtime/Export/Debug/Debug.bindings.h Line: 35)

Ball r, x, y :0.1, 240, 320
UnityEngine.DebugLogHandler:Internal_Log(LogType, LogOption, String, Object)
UnityEngine.DebugLogHandler:LogFormat(LogType, Object, String, Object[])
UnityEngine.Logger:Log(LogType, Object)
UnityEngine.Debug:Log(Object)
HighPrecisionStepperJuggler.ImageProcessingInstructionSender:Update()
 
(Filename: C:\build\output\unity\unity\Runtime/Export/Debug/Debug.bindings.h Line: 35)

Ball r, x, y :0.1, 240, 320
UnityEngine.DebugLogHandler:Internal_Log(LogType, LogOption, String, Object)
UnityEngine.DebugLogHandler:LogFormat(LogType, Object, String, Object[])
UnityEngine.Logger:Log(LogType, Object)
UnityEngine.Debug:Log(Object)
HighPrecisionStepperJuggler.ImageProcessingInstructionSender:Update()
 
(Filename: C:\build\output\unity\unity\Runtime/Export/Debug/Debug.bindings.h Line: 35)

Ball r, x, y :0.1, 240, 320
UnityEngine.DebugLogHandler:Internal_Log(LogType, LogOption, String, Object)
UnityEngine.DebugLogHandler:LogFormat(LogType, Object, String, Object[])
UnityEngine.Logger:Log(LogType, Object)
UnityEngine.Debug:Log(Object)
HighPrecisionStepperJuggler.ImageProcessingInstructionSender:Update()
 
(Filename: C:\build\output\unity\unity\Runtime/Export/Debug/Debug.bindings.h Line: 35)

Ball r, x, y :0.1, 240, 320
UnityEngine.DebugLogHandler:Internal_Log(LogType, LogOption, String, Object)
UnityEngine.DebugLogHandler:LogFormat(LogType, Object, String, Object[])
UnityEngine.Logger:Log(LogType, Object)
UnityEngine.Debug:Log(Object)
HighPrecisionStepperJuggler.ImageProcessingInstructionSender:Update()
 
(Filename: C:\build\output\unity\unity\Runtime/Export/Debug/Debug.bindings.h Line: 35)

Ball r, x, y :0.1, 240, 320
UnityEngine.DebugLogHandler:Internal_Log(LogType, LogOption, String, Object)
UnityEngine.DebugLogHandler:LogFormat(LogType, Object, String, Object[])
UnityEngine.Logger:Log(LogType, Object)
UnityEngine.Debug:Log(Object)
HighPrecisionStepperJuggler.ImageProcessingInstructionSender:Update()
 
(Filename: C:\build\output\unity\unity\Runtime/Export/Debug/Debug.bindings.h Line: 35)

Ball r, x, y :0.1, 240, 320
UnityEngine.DebugLogHandler:Internal_Log(LogType, LogOption, String, Object)
UnityEngine.DebugLogHandler:LogFormat(LogType, Object, String, Object[])
UnityEngine.Logger:Log(LogType, Object)
UnityEngine.Debug:Log(Object)
HighPrecisionStepperJuggler.ImageProcessingInstructionSender:Update()
 
(Filename: C:\build\output\unity\unity\Runtime/Export/Debug/Debug.bindings.h Line: 35)

Ball r, x, y :0.1, 240, 320
UnityEngine.DebugLogHandler:Internal_Log(LogType, LogOption, String, Object)
UnityEngine.DebugLogHandler:LogFormat(LogType, Object, String, Object[])
UnityEngine.Logger:Log(LogType, Object)
UnityEngine.Debug:Log(Object)
HighPrecisionStepperJuggler.ImageProcessingInstructionSender:Update()
 
(Filename: C:\build\output\unity\unity\Runtime/Export/Debug/Debug.bindings.h Line: 35)

Ball r, x, y :0.1, 240, 320
UnityEngine.DebugLogHandler:Internal_Log(LogType, LogOption, String, Object)
UnityEngine.DebugLogHandler:LogFormat(LogType, Object, String, Object[])
UnityEngine.Logger:Log(LogType, Object)
UnityEngine.Debug:Log(Object)
HighPrecisionStepperJuggler.ImageProcessingInstructionSender:Update()
 
(Filename: C:\build\output\unity\unity\Runtime/Export/Debug/Debug.bindings.h Line: 35)

Ball r, x, y :0.1, 240, 320
UnityEngine.DebugLogHandler:Internal_Log(LogType, LogOption, String, Object)
UnityEngine.DebugLogHandler:LogFormat(LogType, Object, String, Object[])
UnityEngine.Logger:Log(LogType, Object)
UnityEngine.Debug:Log(Object)
HighPrecisionStepperJuggler.ImageProcessingInstructionSender:Update()
 
(Filename: C:\build\output\unity\unity\Runtime/Export/Debug/Debug.bindings.h Line: 35)

Ball r, x, y :0.1, 240, 320
UnityEngine.DebugLogHandler:Internal_Log(LogType, LogOption, String, Object)
UnityEngine.DebugLogHandler:LogFormat(LogType, Object, String, Object[])
UnityEngine.Logger:Log(LogType, Object)
UnityEngine.Debug:Log(Object)
HighPrecisionStepperJuggler.ImageProcessingInstructionSender:Update()
 
(Filename: C:\build\output\unity\unity\Runtime/Export/Debug/Debug.bindings.h Line: 35)

Ball r, x, y :0.1, 240, 320
UnityEngine.DebugLogHandler:Internal_Log(LogType, LogOption, String, Object)
UnityEngine.DebugLogHandler:LogFormat(LogType, Object, String, Object[])
UnityEngine.Logger:Log(LogType, Object)
UnityEngine.Debug:Log(Object)
HighPrecisionStepperJuggler.ImageProcessingInstructionSender:Update()
 
(Filename: C:\build\output\unity\unity\Runtime/Export/Debug/Debug.bindings.h Line: 35)

Ball r, x, y :0.1, 240, 320
UnityEngine.DebugLogHandler:Internal_Log(LogType, LogOption, String, Object)
UnityEngine.DebugLogHandler:LogFormat(LogType, Object, String, Object[])
UnityEngine.Logger:Log(LogType, Object)
UnityEngine.Debug:Log(Object)
HighPrecisionStepperJuggler.ImageProcessingInstructionSender:Update()
 
(Filename: C:\build\output\unity\unity\Runtime/Export/Debug/Debug.bindings.h Line: 35)

Ball r, x, y :0.1, 240, 320
UnityEngine.DebugLogHandler:Internal_Log(LogType, LogOption, String, Object)
UnityEngine.DebugLogHandler:LogFormat(LogType, Object, String, Object[])
UnityEngine.Logger:Log(LogType, Object)
UnityEngine.Debug:Log(Object)
HighPrecisionStepperJuggler.ImageProcessingInstructionSender:Update()
 
(Filename: C:\build\output\unity\unity\Runtime/Export/Debug/Debug.bindings.h Line: 35)

Ball r, x, y :0.1, 240, 320
UnityEngine.DebugLogHandler:Internal_Log(LogType, LogOption, String, Object)
UnityEngine.DebugLogHandler:LogFormat(LogType, Object, String, Object[])
UnityEngine.Logger:Log(LogType, Object)
UnityEngine.Debug:Log(Object)
HighPrecisionStepperJuggler.ImageProcessingInstructionSender:Update()
 
(Filename: C:\build\output\unity\unity\Runtime/Export/Debug/Debug.bindings.h Line: 35)

Ball r, x, y :0.1, 240, 320
UnityEngine.DebugLogHandler:Internal_Log(LogType, LogOption, String, Object)
UnityEngine.DebugLogHandler:LogFormat(LogType, Object, String, Object[])
UnityEngine.Logger:Log(LogType, Object)
UnityEngine.Debug:Log(Object)
HighPrecisionStepperJuggler.ImageProcessingInstructionSender:Update()
 
(Filename: C:\build\output\unity\unity\Runtime/Export/Debug/Debug.bindings.h Line: 35)

Ball r, x, y :0.1, 240, 320
UnityEngine.DebugLogHandler:Internal_Log(LogType, LogOption, String, Object)
UnityEngine.DebugLogHandler:LogFormat(LogType, Object, String, Object[])
UnityEngine.Logger:Log(LogType, Object)
UnityEngine.Debug:Log(Object)
HighPrecisionStepperJuggler.ImageProcessingInstructionSender:Update()
 
(Filename: C:\build\output\unity\unity\Runtime/Export/Debug/Debug.bindings.h Line: 35)

Ball r, x, y :0.1, 240, 320
UnityEngine.DebugLogHandler:Internal_Log(LogType, LogOption, String, Object)
UnityEngine.DebugLogHandler:LogFormat(LogType, Object, String, Object[])
UnityEngine.Logger:Log(LogType, Object)
UnityEngine.Debug:Log(Object)
HighPrecisionStepperJuggler.ImageProcessingInstructionSender:Update()
 
(Filename: C:\build\output\unity\unity\Runtime/Export/Debug/Debug.bindings.h Line: 35)

Ball r, x, y :0.1, 240, 320
UnityEngine.DebugLogHandler:Internal_Log(LogType, LogOption, String, Object)
UnityEngine.DebugLogHandler:LogFormat(LogType, Object, String, Object[])
UnityEngine.Logger:Log(LogType, Object)
UnityEngine.Debug:Log(Object)
HighPrecisionStepperJuggler.ImageProcessingInstructionSender:Update()
 
(Filename: C:\build\output\unity\unity\Runtime/Export/Debug/Debug.bindings.h Line: 35)

Ball r, x, y :0.1, 240, 320
UnityEngine.DebugLogHandler:Internal_Log(LogType, LogOption, String, Object)
UnityEngine.DebugLogHandler:LogFormat(LogType, Object, String, Object[])
UnityEngine.Logger:Log(LogType, Object)
UnityEngine.Debug:Log(Object)
HighPrecisionStepperJuggler.ImageProcessingInstructionSender:Update()
 
(Filename: C:\build\output\unity\unity\Runtime/Export/Debug/Debug.bindings.h Line: 35)

Ball r, x, y :0.1, 240, 320
UnityEngine.DebugLogHandler:Internal_Log(LogType, LogOption, String, Object)
UnityEngine.DebugLogHandler:LogFormat(LogType, Object, String, Object[])
UnityEngine.Logger:Log(LogType, Object)
UnityEngine.Debug:Log(Object)
HighPrecisionStepperJuggler.ImageProcessingInstructionSender:Update()
 
(Filename: C:\build\output\unity\unity\Runtime/Export/Debug/Debug.bindings.h Line: 35)

Ball r, x, y :0.1, 240, 320
UnityEngine.DebugLogHandler:Internal_Log(LogType, LogOption, String, Object)
UnityEngine.DebugLogHandler:LogFormat(LogType, Object, String, Object[])
UnityEngine.Logger:Log(LogType, Object)
UnityEngine.Debug:Log(Object)
HighPrecisionStepperJuggler.ImageProcessingInstructionSender:Update()
 
(Filename: C:\build\output\unity\unity\Runtime/Export/Debug/Debug.bindings.h Line: 35)

Ball r, x, y :0.1, 240, 320
UnityEngine.DebugLogHandler:Internal_Log(LogType, LogOption, String, Object)
UnityEngine.DebugLogHandler:LogFormat(LogType, Object, String, Object[])
UnityEngine.Logger:Log(LogType, Object)
UnityEngine.Debug:Log(Object)
HighPrecisionStepperJuggler.ImageProcessingInstructionSender:Update()
 
(Filename: C:\build\output\unity\unity\Runtime/Export/Debug/Debug.bindings.h Line: 35)

Ball r, x, y :0.1, 240, 320
UnityEngine.DebugLogHandler:Internal_Log(LogType, LogOption, String, Object)
UnityEngine.DebugLogHandler:LogFormat(LogType, Object, String, Object[])
UnityEngine.Logger:Log(LogType, Object)
UnityEngine.Debug:Log(Object)
HighPrecisionStepperJuggler.ImageProcessingInstructionSender:Update()
 
(Filename: C:\build\output\unity\unity\Runtime/Export/Debug/Debug.bindings.h Line: 35)

Ball r, x, y :0.1, 240, 320
UnityEngine.DebugLogHandler:Internal_Log(LogType, LogOption, String, Object)
UnityEngine.DebugLogHandler:LogFormat(LogType, Object, String, Object[])
UnityEngine.Logger:Log(LogType, Object)
UnityEngine.Debug:Log(Object)
HighPrecisionStepperJuggler.ImageProcessingInstructionSender:Update()
 
(Filename: C:\build\output\unity\unity\Runtime/Export/Debug/Debug.bindings.h Line: 35)

Ball r, x, y :0.1, 240, 320
UnityEngine.DebugLogHandler:Internal_Log(LogType, LogOption, String, Object)
UnityEngine.DebugLogHandler:LogFormat(LogType, Object, String, Object[])
UnityEngine.Logger:Log(LogType, Object)
UnityEngine.Debug:Log(Object)
HighPrecisionStepperJuggler.ImageProcessingInstructionSender:Update()
 
(Filename: C:\build\output\unity\unity\Runtime/Export/Debug/Debug.bindings.h Line: 35)

Ball r, x, y :0.1, 240, 320
UnityEngine.DebugLogHandler:Internal_Log(LogType, LogOption, String, Object)
UnityEngine.DebugLogHandler:LogFormat(LogType, Object, String, Object[])
UnityEngine.Logger:Log(LogType, Object)
UnityEngine.Debug:Log(Object)
HighPrecisionStepperJuggler.ImageProcessingInstructionSender:Update()
 
(Filename: C:\build\output\unity\unity\Runtime/Export/Debug/Debug.bindings.h Line: 35)

Ball r, x, y :0.1, 240, 320
UnityEngine.DebugLogHandler:Internal_Log(LogType, LogOption, String, Object)
UnityEngine.DebugLogHandler:LogFormat(LogType, Object, String, Object[])
UnityEngine.Logger:Log(LogType, Object)
UnityEngine.Debug:Log(Object)
HighPrecisionStepperJuggler.ImageProcessingInstructionSender:Update()
 
(Filename: C:\build\output\unity\unity\Runtime/Export/Debug/Debug.bindings.h Line: 35)

Ball r, x, y :0.1, 240, 320
UnityEngine.DebugLogHandler:Internal_Log(LogType, LogOption, String, Object)
UnityEngine.DebugLogHandler:LogFormat(LogType, Object, String, Object[])
UnityEngine.Logger:Log(LogType, Object)
UnityEngine.Debug:Log(Object)
HighPrecisionStepperJuggler.ImageProcessingInstructionSender:Update()
 
(Filename: C:\build\output\unity\unity\Runtime/Export/Debug/Debug.bindings.h Line: 35)

Ball r, x, y :0.1, 240, 320
UnityEngine.DebugLogHandler:Internal_Log(LogType, LogOption, String, Object)
UnityEngine.DebugLogHandler:LogFormat(LogType, Object, String, Object[])
UnityEngine.Logger:Log(LogType, Object)
UnityEngine.Debug:Log(Object)
HighPrecisionStepperJuggler.ImageProcessingInstructionSender:Update()
 
(Filename: C:\build\output\unity\unity\Runtime/Export/Debug/Debug.bindings.h Line: 35)

Ball r, x, y :0.1, 240, 320
UnityEngine.DebugLogHandler:Internal_Log(LogType, LogOption, String, Object)
UnityEngine.DebugLogHandler:LogFormat(LogType, Object, String, Object[])
UnityEngine.Logger:Log(LogType, Object)
UnityEngine.Debug:Log(Object)
HighPrecisionStepperJuggler.ImageProcessingInstructionSender:Update()
 
(Filename: C:\build\output\unity\unity\Runtime/Export/Debug/Debug.bindings.h Line: 35)

Ball r, x, y :0.1, 240, 320
UnityEngine.DebugLogHandler:Internal_Log(LogType, LogOption, String, Object)
UnityEngine.DebugLogHandler:LogFormat(LogType, Object, String, Object[])
UnityEngine.Logger:Log(LogType, Object)
UnityEngine.Debug:Log(Object)
HighPrecisionStepperJuggler.ImageProcessingInstructionSender:Update()
 
(Filename: C:\build\output\unity\unity\Runtime/Export/Debug/Debug.bindings.h Line: 35)

Ball r, x, y :0.1, 240, 320
UnityEngine.DebugLogHandler:Internal_Log(LogType, LogOption, String, Object)
UnityEngine.DebugLogHandler:LogFormat(LogType, Object, String, Object[])
UnityEngine.Logger:Log(LogType, Object)
UnityEngine.Debug:Log(Object)
HighPrecisionStepperJuggler.ImageProcessingInstructionSender:Update()
 
(Filename: C:\build\output\unity\unity\Runtime/Export/Debug/Debug.bindings.h Line: 35)

Ball r, x, y :0.1, 240, 320
UnityEngine.DebugLogHandler:Internal_Log(LogType, LogOption, String, Object)
UnityEngine.DebugLogHandler:LogFormat(LogType, Object, String, Object[])
UnityEngine.Logger:Log(LogType, Object)
UnityEngine.Debug:Log(Object)
HighPrecisionStepperJuggler.ImageProcessingInstructionSender:Update()
 
(Filename: C:\build\output\unity\unity\Runtime/Export/Debug/Debug.bindings.h Line: 35)

Ball r, x, y :0.1, 240, 320
UnityEngine.DebugLogHandler:Internal_Log(LogType, LogOption, String, Object)
UnityEngine.DebugLogHandler:LogFormat(LogType, Object, String, Object[])
UnityEngine.Logger:Log(LogType, Object)
UnityEngine.Debug:Log(Object)
HighPrecisionStepperJuggler.ImageProcessingInstructionSender:Update()
 
(Filename: C:\build\output\unity\unity\Runtime/Export/Debug/Debug.bindings.h Line: 35)

Ball r, x, y :0.1, 240, 320
UnityEngine.DebugLogHandler:Internal_Log(LogType, LogOption, String, Object)
UnityEngine.DebugLogHandler:LogFormat(LogType, Object, String, Object[])
UnityEngine.Logger:Log(LogType, Object)
UnityEngine.Debug:Log(Object)
HighPrecisionStepperJuggler.ImageProcessingInstructionSender:Update()
 
(Filename: C:\build\output\unity\unity\Runtime/Export/Debug/Debug.bindings.h Line: 35)

Ball r, x, y :0.1, 240, 320
UnityEngine.DebugLogHandler:Internal_Log(LogType, LogOption, String, Object)
UnityEngine.DebugLogHandler:LogFormat(LogType, Object, String, Object[])
UnityEngine.Logger:Log(LogType, Object)
UnityEngine.Debug:Log(Object)
HighPrecisionStepperJuggler.ImageProcessingInstructionSender:Update()
 
(Filename: C:\build\output\unity\unity\Runtime/Export/Debug/Debug.bindings.h Line: 35)

Ball r, x, y :0.1, 240, 320
UnityEngine.DebugLogHandler:Internal_Log(LogType, LogOption, String, Object)
UnityEngine.DebugLogHandler:LogFormat(LogType, Object, String, Object[])
UnityEngine.Logger:Log(LogType, Object)
UnityEngine.Debug:Log(Object)
HighPrecisionStepperJuggler.ImageProcessingInstructionSender:Update()
 
(Filename: C:\build\output\unity\unity\Runtime/Export/Debug/Debug.bindings.h Line: 35)

Ball r, x, y :0.1, 240, 320
UnityEngine.DebugLogHandler:Internal_Log(LogType, LogOption, String, Object)
UnityEngine.DebugLogHandler:LogFormat(LogType, Object, String, Object[])
UnityEngine.Logger:Log(LogType, Object)
UnityEngine.Debug:Log(Object)
HighPrecisionStepperJuggler.ImageProcessingInstructionSender:Update()
 
(Filename: C:\build\output\unity\unity\Runtime/Export/Debug/Debug.bindings.h Line: 35)

Ball r, x, y :0.1, 240, 320
UnityEngine.DebugLogHandler:Internal_Log(LogType, LogOption, String, Object)
UnityEngine.DebugLogHandler:LogFormat(LogType, Object, String, Object[])
UnityEngine.Logger:Log(LogType, Object)
UnityEngine.Debug:Log(Object)
HighPrecisionStepperJuggler.ImageProcessingInstructionSender:Update()
 
(Filename: C:\build\output\unity\unity\Runtime/Export/Debug/Debug.bindings.h Line: 35)

Ball r, x, y :0.1, 240, 320
UnityEngine.DebugLogHandler:Internal_Log(LogType, LogOption, String, Object)
UnityEngine.DebugLogHandler:LogFormat(LogType, Object, String, Object[])
UnityEngine.Logger:Log(LogType, Object)
UnityEngine.Debug:Log(Object)
HighPrecisionStepperJuggler.ImageProcessingInstructionSender:Update()
 
(Filename: C:\build\output\unity\unity\Runtime/Export/Debug/Debug.bindings.h Line: 35)

Ball r, x, y :0.1, 240, 320
UnityEngine.DebugLogHandler:Internal_Log(LogType, LogOption, String, Object)
UnityEngine.DebugLogHandler:LogFormat(LogType, Object, String, Object[])
UnityEngine.Logger:Log(LogType, Object)
UnityEngine.Debug:Log(Object)
HighPrecisionStepperJuggler.ImageProcessingInstructionSender:Update()
 
(Filename: C:\build\output\unity\unity\Runtime/Export/Debug/Debug.bindings.h Line: 35)

Ball r, x, y :0.1, 240, 320
UnityEngine.DebugLogHandler:Internal_Log(LogType, LogOption, String, Object)
UnityEngine.DebugLogHandler:LogFormat(LogType, Object, String, Object[])
UnityEngine.Logger:Log(LogType, Object)
UnityEngine.Debug:Log(Object)
HighPrecisionStepperJuggler.ImageProcessingInstructionSender:Update()
 
(Filename: C:\build\output\unity\unity\Runtime/Export/Debug/Debug.bindings.h Line: 35)

Ball r, x, y :0.1, 240, 320
UnityEngine.DebugLogHandler:Internal_Log(LogType, LogOption, String, Object)
UnityEngine.DebugLogHandler:LogFormat(LogType, Object, String, Object[])
UnityEngine.Logger:Log(LogType, Object)
UnityEngine.Debug:Log(Object)
HighPrecisionStepperJuggler.ImageProcessingInstructionSender:Update()
 
(Filename: C:\build\output\unity\unity\Runtime/Export/Debug/Debug.bindings.h Line: 35)

Ball r, x, y :0.1, 240, 320
UnityEngine.DebugLogHandler:Internal_Log(LogType, LogOption, String, Object)
UnityEngine.DebugLogHandler:LogFormat(LogType, Object, String, Object[])
UnityEngine.Logger:Log(LogType, Object)
UnityEngine.Debug:Log(Object)
HighPrecisionStepperJuggler.ImageProcessingInstructionSender:Update()
 
(Filename: C:\build\output\unity\unity\Runtime/Export/Debug/Debug.bindings.h Line: 35)

Ball r, x, y :0.1, 240, 320
UnityEngine.DebugLogHandler:Internal_Log(LogType, LogOption, String, Object)
UnityEngine.DebugLogHandler:LogFormat(LogType, Object, String, Object[])
UnityEngine.Logger:Log(LogType, Object)
UnityEngine.Debug:Log(Object)
HighPrecisionStepperJuggler.ImageProcessingInstructionSender:Update()
 
(Filename: C:\build\output\unity\unity\Runtime/Export/Debug/Debug.bindings.h Line: 35)

Ball r, x, y :0.1, 240, 320
UnityEngine.DebugLogHandler:Internal_Log(LogType, LogOption, String, Object)
UnityEngine.DebugLogHandler:LogFormat(LogType, Object, String, Object[])
UnityEngine.Logger:Log(LogType, Object)
UnityEngine.Debug:Log(Object)
HighPrecisionStepperJuggler.ImageProcessingInstructionSender:Update()
 
(Filename: C:\build\output\unity\unity\Runtime/Export/Debug/Debug.bindings.h Line: 35)

Ball r, x, y :0.1, 240, 320
UnityEngine.DebugLogHandler:Internal_Log(LogType, LogOption, String, Object)
UnityEngine.DebugLogHandler:LogFormat(LogType, Object, String, Object[])
UnityEngine.Logger:Log(LogType, Object)
UnityEngine.Debug:Log(Object)
HighPrecisionStepperJuggler.ImageProcessingInstructionSender:Update()
 
(Filename: C:\build\output\unity\unity\Runtime/Export/Debug/Debug.bindings.h Line: 35)

Ball r, x, y :0.1, 240, 320
UnityEngine.DebugLogHandler:Internal_Log(LogType, LogOption, String, Object)
UnityEngine.DebugLogHandler:LogFormat(LogType, Object, String, Object[])
UnityEngine.Logger:Log(LogType, Object)
UnityEngine.Debug:Log(Object)
HighPrecisionStepperJuggler.ImageProcessingInstructionSender:Update()
 
(Filename: C:\build\output\unity\unity\Runtime/Export/Debug/Debug.bindings.h Line: 35)

Ball r, x, y :0.1, 240, 320
UnityEngine.DebugLogHandler:Internal_Log(LogType, LogOption, String, Object)
UnityEngine.DebugLogHandler:LogFormat(LogType, Object, String, Object[])
UnityEngine.Logger:Log(LogType, Object)
UnityEngine.Debug:Log(Object)
HighPrecisionStepperJuggler.ImageProcessingInstructionSender:Update()
 
(Filename: C:\build\output\unity\unity\Runtime/Export/Debug/Debug.bindings.h Line: 35)

Ball r, x, y :0.1, 240, 320
UnityEngine.DebugLogHandler:Internal_Log(LogType, LogOption, String, Object)
UnityEngine.DebugLogHandler:LogFormat(LogType, Object, String, Object[])
UnityEngine.Logger:Log(LogType, Object)
UnityEngine.Debug:Log(Object)
HighPrecisionStepperJuggler.ImageProcessingInstructionSender:Update()
 
(Filename: C:\build\output\unity\unity\Runtime/Export/Debug/Debug.bindings.h Line: 35)

Ball r, x, y :0.1, 240, 320
UnityEngine.DebugLogHandler:Internal_Log(LogType, LogOption, String, Object)
UnityEngine.DebugLogHandler:LogFormat(LogType, Object, String, Object[])
UnityEngine.Logger:Log(LogType, Object)
UnityEngine.Debug:Log(Object)
HighPrecisionStepperJuggler.ImageProcessingInstructionSender:Update()
 
(Filename: C:\build\output\unity\unity\Runtime/Export/Debug/Debug.bindings.h Line: 35)

Ball r, x, y :0.1, 240, 320
UnityEngine.DebugLogHandler:Internal_Log(LogType, LogOption, String, Object)
UnityEngine.DebugLogHandler:LogFormat(LogType, Object, String, Object[])
UnityEngine.Logger:Log(LogType, Object)
UnityEngine.Debug:Log(Object)
HighPrecisionStepperJuggler.ImageProcessingInstructionSender:Update()
 
(Filename: C:\build\output\unity\unity\Runtime/Export/Debug/Debug.bindings.h Line: 35)

Ball r, x, y :0.1, 240, 320
UnityEngine.DebugLogHandler:Internal_Log(LogType, LogOption, String, Object)
UnityEngine.DebugLogHandler:LogFormat(LogType, Object, String, Object[])
UnityEngine.Logger:Log(LogType, Object)
UnityEngine.Debug:Log(Object)
HighPrecisionStepperJuggler.ImageProcessingInstructionSender:Update()
 
(Filename: C:\build\output\unity\unity\Runtime/Export/Debug/Debug.bindings.h Line: 35)

Ball r, x, y :0.1, 240, 320
UnityEngine.DebugLogHandler:Internal_Log(LogType, LogOption, String, Object)
UnityEngine.DebugLogHandler:LogFormat(LogType, Object, String, Object[])
UnityEngine.Logger:Log(LogType, Object)
UnityEngine.Debug:Log(Object)
HighPrecisionStepperJuggler.ImageProcessingInstructionSender:Update()
 
(Filename: C:\build\output\unity\unity\Runtime/Export/Debug/Debug.bindings.h Line: 35)

Ball r, x, y :0.1, 240, 320
UnityEngine.DebugLogHandler:Internal_Log(LogType, LogOption, String, Object)
UnityEngine.DebugLogHandler:LogFormat(LogType, Object, String, Object[])
UnityEngine.Logger:Log(LogType, Object)
UnityEngine.Debug:Log(Object)
HighPrecisionStepperJuggler.ImageProcessingInstructionSender:Update()
 
(Filename: C:\build\output\unity\unity\Runtime/Export/Debug/Debug.bindings.h Line: 35)

Ball r, x, y :0.1, 240, 320
UnityEngine.DebugLogHandler:Internal_Log(LogType, LogOption, String, Object)
UnityEngine.DebugLogHandler:LogFormat(LogType, Object, String, Object[])
UnityEngine.Logger:Log(LogType, Object)
UnityEngine.Debug:Log(Object)
HighPrecisionStepperJuggler.ImageProcessingInstructionSender:Update()
 
(Filename: C:\build\output\unity\unity\Runtime/Export/Debug/Debug.bindings.h Line: 35)

Ball r, x, y :0.1, 240, 320
UnityEngine.DebugLogHandler:Internal_Log(LogType, LogOption, String, Object)
UnityEngine.DebugLogHandler:LogFormat(LogType, Object, String, Object[])
UnityEngine.Logger:Log(LogType, Object)
UnityEngine.Debug:Log(Object)
HighPrecisionStepperJuggler.ImageProcessingInstructionSender:Update()
 
(Filename: C:\build\output\unity\unity\Runtime/Export/Debug/Debug.bindings.h Line: 35)

Ball r, x, y :0.1, 240, 320
UnityEngine.DebugLogHandler:Internal_Log(LogType, LogOption, String, Object)
UnityEngine.DebugLogHandler:LogFormat(LogType, Object, String, Object[])
UnityEngine.Logger:Log(LogType, Object)
UnityEngine.Debug:Log(Object)
HighPrecisionStepperJuggler.ImageProcessingInstructionSender:Update()
 
(Filename: C:\build\output\unity\unity\Runtime/Export/Debug/Debug.bindings.h Line: 35)

Ball r, x, y :50, 28, -46
UnityEngine.DebugLogHandler:Internal_Log(LogType, LogOption, String, Object)
UnityEngine.DebugLogHandler:LogFormat(LogType, Object, String, Object[])
UnityEngine.Logger:Log(LogType, Object)
UnityEngine.Debug:Log(Object)
HighPrecisionStepperJuggler.ImageProcessingInstructionSender:Update()
 
(Filename: C:\build\output\unity\unity\Runtime/Export/Debug/Debug.bindings.h Line: 35)

Ball r, x, y :50, 32, -36
UnityEngine.DebugLogHandler:Internal_Log(LogType, LogOption, String, Object)
UnityEngine.DebugLogHandler:LogFormat(LogType, Object, String, Object[])
UnityEngine.Logger:Log(LogType, Object)
UnityEngine.Debug:Log(Object)
HighPrecisionStepperJuggler.ImageProcessingInstructionSender:Update()
 
(Filename: C:\build\output\unity\unity\Runtime/Export/Debug/Debug.bindings.h Line: 35)

Ball r, x, y :51, 40, -34
UnityEngine.DebugLogHandler:Internal_Log(LogType, LogOption, String, Object)
UnityEngine.DebugLogHandler:LogFormat(LogType, Object, String, Object[])
UnityEngine.Logger:Log(LogType, Object)
UnityEngine.Debug:Log(Object)
HighPrecisionStepperJuggler.ImageProcessingInstructionSender:Update()
 
(Filename: C:\build\output\unity\unity\Runtime/Export/Debug/Debug.bindings.h Line: 35)

Ball r, x, y :52, 40, -38
UnityEngine.DebugLogHandler:Internal_Log(LogType, LogOption, String, Object)
UnityEngine.DebugLogHandler:LogFormat(LogType, Object, String, Object[])
UnityEngine.Logger:Log(LogType, Object)
UnityEngine.Debug:Log(Object)
HighPrecisionStepperJuggler.ImageProcessingInstructionSender:Update()
 
(Filename: C:\build\output\unity\unity\Runtime/Export/Debug/Debug.bindings.h Line: 35)

Ball r, x, y :51, 42, -38
UnityEngine.DebugLogHandler:Internal_Log(LogType, LogOption, String, Object)
UnityEngine.DebugLogHandler:LogFormat(LogType, Object, String, Object[])
UnityEngine.Logger:Log(LogType, Object)
UnityEngine.Debug:Log(Object)
HighPrecisionStepperJuggler.ImageProcessingInstructionSender:Update()
 
(Filename: C:\build\output\unity\unity\Runtime/Export/Debug/Debug.bindings.h Line: 35)

Ball r, x, y :54, 46, -36
UnityEngine.DebugLogHandler:Internal_Log(LogType, LogOption, String, Object)
UnityEngine.DebugLogHandler:LogFormat(LogType, Object, String, Object[])
UnityEngine.Logger:Log(LogType, Object)
UnityEngine.Debug:Log(Object)
HighPrecisionStepperJuggler.ImageProcessingInstructionSender:Update()
 
(Filename: C:\build\output\unity\unity\Runtime/Export/Debug/Debug.bindings.h Line: 35)

Ball r, x, y :36.7, 124, 0
UnityEngine.DebugLogHandler:Internal_Log(LogType, LogOption, String, Object)
UnityEngine.DebugLogHandler:LogFormat(LogType, Object, String, Object[])
UnityEngine.Logger:Log(LogType, Object)
UnityEngine.Debug:Log(Object)
HighPrecisionStepperJuggler.ImageProcessingInstructionSender:Update()
 
(Filename: C:\build\output\unity\unity\Runtime/Export/Debug/Debug.bindings.h Line: 35)

Ball r, x, y :36.7, 126, 0
UnityEngine.DebugLogHandler:Internal_Log(LogType, LogOption, String, Object)
UnityEngine.DebugLogHandler:LogFormat(LogType, Object, String, Object[])
UnityEngine.Logger:Log(LogType, Object)
UnityEngine.Debug:Log(Object)
HighPrecisionStepperJuggler.ImageProcessingInstructionSender:Update()
 
(Filename: C:\build\output\unity\unity\Runtime/Export/Debug/Debug.bindings.h Line: 35)

Ball r, x, y :34.56, 140, 0
UnityEngine.DebugLogHandler:Internal_Log(LogType, LogOption, String, Object)
UnityEngine.DebugLogHandler:LogFormat(LogType, Object, String, Object[])
UnityEngine.Logger:Log(LogType, Object)
UnityEngine.Debug:Log(Object)
HighPrecisionStepperJuggler.ImageProcessingInstructionSender:Update()
 
(Filename: C:\build\output\unity\unity\Runtime/Export/Debug/Debug.bindings.h Line: 35)

Ball r, x, y :52.04, 148, -30
UnityEngine.DebugLogHandler:Internal_Log(LogType, LogOption, String, Object)
UnityEngine.DebugLogHandler:LogFormat(LogType, Object, String, Object[])
UnityEngine.Logger:Log(LogType, Object)
UnityEngine.Debug:Log(Object)
HighPrecisionStepperJuggler.ImageProcessingInstructionSender:Update()
 
(Filename: C:\build\output\unity\unity\Runtime/Export/Debug/Debug.bindings.h Line: 35)

Ball r, x, y :49.34, 136, -30
UnityEngine.DebugLogHandler:Internal_Log(LogType, LogOption, String, Object)
UnityEngine.DebugLogHandler:LogFormat(LogType, Object, String, Object[])
UnityEngine.Logger:Log(LogType, Object)
UnityEngine.Debug:Log(Object)
HighPrecisionStepperJuggler.ImageProcessingInstructionSender:Update()
 
(Filename: C:\build\output\unity\unity\Runtime/Export/Debug/Debug.bindings.h Line: 35)

Ball r, x, y :35.84, 114, 0
UnityEngine.DebugLogHandler:Internal_Log(LogType, LogOption, String, Object)
UnityEngine.DebugLogHandler:LogFormat(LogType, Object, String, Object[])
UnityEngine.Logger:Log(LogType, Object)
UnityEngine.Debug:Log(Object)
HighPrecisionStepperJuggler.ImageProcessingInstructionSender:Update()
 
(Filename: C:\build\output\unity\unity\Runtime/Export/Debug/Debug.bindings.h Line: 35)

Ball r, x, y :41.56, 100, -30
UnityEngine.DebugLogHandler:Internal_Log(LogType, LogOption, String, Object)
UnityEngine.DebugLogHandler:LogFormat(LogType, Object, String, Object[])
UnityEngine.Logger:Log(LogType, Object)
UnityEngine.Debug:Log(Object)
HighPrecisionStepperJuggler.ImageProcessingInstructionSender:Update()
 
(Filename: C:\build\output\unity\unity\Runtime/Export/Debug/Debug.bindings.h Line: 35)

Ball r, x, y :42.46, 102, -30
UnityEngine.DebugLogHandler:Internal_Log(LogType, LogOption, String, Object)
UnityEngine.DebugLogHandler:LogFormat(LogType, Object, String, Object[])
UnityEngine.Logger:Log(LogType, Object)
UnityEngine.Debug:Log(Object)
HighPrecisionStepperJuggler.ImageProcessingInstructionSender:Update()
 
(Filename: C:\build\output\unity\unity\Runtime/Export/Debug/Debug.bindings.h Line: 35)

Ball r, x, y :44, 110, -30
UnityEngine.DebugLogHandler:Internal_Log(LogType, LogOption, String, Object)
UnityEngine.DebugLogHandler:LogFormat(LogType, Object, String, Object[])
UnityEngine.Logger:Log(LogType, Object)
UnityEngine.Debug:Log(Object)
HighPrecisionStepperJuggler.ImageProcessingInstructionSender:Update()
 
(Filename: C:\build\output\unity\unity\Runtime/Export/Debug/Debug.bindings.h Line: 35)

Ball r, x, y :44, 113, -30
UnityEngine.DebugLogHandler:Internal_Log(LogType, LogOption, String, Object)
UnityEngine.DebugLogHandler:LogFormat(LogType, Object, String, Object[])
UnityEngine.Logger:Log(LogType, Object)
UnityEngine.Debug:Log(Object)
HighPrecisionStepperJuggler.ImageProcessingInstructionSender:Update()
 
(Filename: C:\build\output\unity\unity\Runtime/Export/Debug/Debug.bindings.h Line: 35)

Ball r, x, y :43.74, 111, -30
UnityEngine.DebugLogHandler:Internal_Log(LogType, LogOption, String, Object)
UnityEngine.DebugLogHandler:LogFormat(LogType, Object, String, Object[])
UnityEngine.Logger:Log(LogType, Object)
UnityEngine.Debug:Log(Object)
HighPrecisionStepperJuggler.ImageProcessingInstructionSender:Update()
 
(Filename: C:\build\output\unity\unity\Runtime/Export/Debug/Debug.bindings.h Line: 35)

Ball r, x, y :43.74, 109, -30
UnityEngine.DebugLogHandler:Internal_Log(LogType, LogOption, String, Object)
UnityEngine.DebugLogHandler:LogFormat(LogType, Object, String, Object[])
UnityEngine.Logger:Log(LogType, Object)
UnityEngine.Debug:Log(Object)
HighPrecisionStepperJuggler.ImageProcessingInstructionSender:Update()
 
(Filename: C:\build\output\unity\unity\Runtime/Export/Debug/Debug.bindings.h Line: 35)

Ball r, x, y :42.96, 110, -30
UnityEngine.DebugLogHandler:Internal_Log(LogType, LogOption, String, Object)
UnityEngine.DebugLogHandler:LogFormat(LogType, Object, String, Object[])
UnityEngine.Logger:Log(LogType, Object)
UnityEngine.Debug:Log(Object)
HighPrecisionStepperJuggler.ImageProcessingInstructionSender:Update()
 
(Filename: C:\build\output\unity\unity\Runtime/Export/Debug/Debug.bindings.h Line: 35)

Ball r, x, y :42.46, 113, -30
UnityEngine.DebugLogHandler:Internal_Log(LogType, LogOption, String, Object)
UnityEngine.DebugLogHandler:LogFormat(LogType, Object, String, Object[])
UnityEngine.Logger:Log(LogType, Object)
UnityEngine.Debug:Log(Object)
HighPrecisionStepperJuggler.ImageProcessingInstructionSender:Update()
 
(Filename: C:\build\output\unity\unity\Runtime/Export/Debug/Debug.bindings.h Line: 35)

Ball r, x, y :41.56, 115, -30
UnityEngine.DebugLogHandler:Internal_Log(LogType, LogOption, String, Object)
UnityEngine.DebugLogHandler:LogFormat(LogType, Object, String, Object[])
UnityEngine.Logger:Log(LogType, Object)
UnityEngine.Debug:Log(Object)
HighPrecisionStepperJuggler.ImageProcessingInstructionSender:Update()
 
(Filename: C:\build\output\unity\unity\Runtime/Export/Debug/Debug.bindings.h Line: 35)

Ball r, x, y :42.46, 115, -30
UnityEngine.DebugLogHandler:Internal_Log(LogType, LogOption, String, Object)
UnityEngine.DebugLogHandler:LogFormat(LogType, Object, String, Object[])
UnityEngine.Logger:Log(LogType, Object)
UnityEngine.Debug:Log(Object)
HighPrecisionStepperJuggler.ImageProcessingInstructionSender:Update()
 
(Filename: C:\build\output\unity\unity\Runtime/Export/Debug/Debug.bindings.h Line: 35)

Ball r, x, y :45, 117, -30
UnityEngine.DebugLogHandler:Internal_Log(LogType, LogOption, String, Object)
UnityEngine.DebugLogHandler:LogFormat(LogType, Object, String, Object[])
UnityEngine.Logger:Log(LogType, Object)
UnityEngine.Debug:Log(Object)
HighPrecisionStepperJuggler.ImageProcessingInstructionSender:Update()
 
(Filename: C:\build\output\unity\unity\Runtime/Export/Debug/Debug.bindings.h Line: 35)

Ball r, x, y :38.4, 122, 0
UnityEngine.DebugLogHandler:Internal_Log(LogType, LogOption, String, Object)
UnityEngine.DebugLogHandler:LogFormat(LogType, Object, String, Object[])
UnityEngine.Logger:Log(LogType, Object)
UnityEngine.Debug:Log(Object)
HighPrecisionStepperJuggler.ImageProcessingInstructionSender:Update()
 
(Filename: C:\build\output\unity\unity\Runtime/Export/Debug/Debug.bindings.h Line: 35)

Ball r, x, y :47.28, 131, 0
UnityEngine.DebugLogHandler:Internal_Log(LogType, LogOption, String, Object)
UnityEngine.DebugLogHandler:LogFormat(LogType, Object, String, Object[])
UnityEngine.Logger:Log(LogType, Object)
UnityEngine.Debug:Log(Object)
HighPrecisionStepperJuggler.ImageProcessingInstructionSender:Update()
 
(Filename: C:\build\output\unity\unity\Runtime/Export/Debug/Debug.bindings.h Line: 35)

Ball r, x, y :42.46, 135, 30
UnityEngine.DebugLogHandler:Internal_Log(LogType, LogOption, String, Object)
UnityEngine.DebugLogHandler:LogFormat(LogType, Object, String, Object[])
UnityEngine.Logger:Log(LogType, Object)
UnityEngine.Debug:Log(Object)
HighPrecisionStepperJuggler.ImageProcessingInstructionSender:Update()
 
(Filename: C:\build\output\unity\unity\Runtime/Export/Debug/Debug.bindings.h Line: 35)

Ball r, x, y :47.28, 140, 30
UnityEngine.DebugLogHandler:Internal_Log(LogType, LogOption, String, Object)
UnityEngine.DebugLogHandler:LogFormat(LogType, Object, String, Object[])
UnityEngine.Logger:Log(LogType, Object)
UnityEngine.Debug:Log(Object)
HighPrecisionStepperJuggler.ImageProcessingInstructionSender:Update()
 
(Filename: C:\build\output\unity\unity\Runtime/Export/Debug/Debug.bindings.h Line: 35)

Ball r, x, y :50.3, 144, 30
UnityEngine.DebugLogHandler:Internal_Log(LogType, LogOption, String, Object)
UnityEngine.DebugLogHandler:LogFormat(LogType, Object, String, Object[])
UnityEngine.Logger:Log(LogType, Object)
UnityEngine.Debug:Log(Object)
HighPrecisionStepperJuggler.ImageProcessingInstructionSender:Update()
 
(Filename: C:\build\output\unity\unity\Runtime/Export/Debug/Debug.bindings.h Line: 35)

Ball r, x, y :50.3, 145, 30
UnityEngine.DebugLogHandler:Internal_Log(LogType, LogOption, String, Object)
UnityEngine.DebugLogHandler:LogFormat(LogType, Object, String, Object[])
UnityEngine.Logger:Log(LogType, Object)
UnityEngine.Debug:Log(Object)
HighPrecisionStepperJuggler.ImageProcessingInstructionSender:Update()
 
(Filename: C:\build\output\unity\unity\Runtime/Export/Debug/Debug.bindings.h Line: 35)

Ball r, x, y :42.46, 146, 60
UnityEngine.DebugLogHandler:Internal_Log(LogType, LogOption, String, Object)
UnityEngine.DebugLogHandler:LogFormat(LogType, Object, String, Object[])
UnityEngine.Logger:Log(LogType, Object)
UnityEngine.Debug:Log(Object)
HighPrecisionStepperJuggler.ImageProcessingInstructionSender:Update()
 
(Filename: C:\build\output\unity\unity\Runtime/Export/Debug/Debug.bindings.h Line: 35)

Ball r, x, y :50.3, 145, 30
UnityEngine.DebugLogHandler:Internal_Log(LogType, LogOption, String, Object)
UnityEngine.DebugLogHandler:LogFormat(LogType, Object, String, Object[])
UnityEngine.Logger:Log(LogType, Object)
UnityEngine.Debug:Log(Object)
HighPrecisionStepperJuggler.ImageProcessingInstructionSender:Update()
 
(Filename: C:\build\output\unity\unity\Runtime/Export/Debug/Debug.bindings.h Line: 35)

Ball r, x, y :50.3, 144, 30
UnityEngine.DebugLogHandler:Internal_Log(LogType, LogOption, String, Object)
UnityEngine.DebugLogHandler:LogFormat(LogType, Object, String, Object[])
UnityEngine.Logger:Log(LogType, Object)
UnityEngine.Debug:Log(Object)
HighPrecisionStepperJuggler.ImageProcessingInstructionSender:Update()
 
(Filename: C:\build\output\unity\unity\Runtime/Export/Debug/Debug.bindings.h Line: 35)

Ball r, x, y :50.76, 143, 30
UnityEngine.DebugLogHandler:Internal_Log(LogType, LogOption, String, Object)
UnityEngine.DebugLogHandler:LogFormat(LogType, Object, String, Object[])
UnityEngine.Logger:Log(LogType, Object)
UnityEngine.Debug:Log(Object)
HighPrecisionStepperJuggler.ImageProcessingInstructionSender:Update()
 
(Filename: C:\build\output\unity\unity\Runtime/Export/Debug/Debug.bindings.h Line: 35)

Ball r, x, y :50.3, 144, 30
UnityEngine.DebugLogHandler:Internal_Log(LogType, LogOption, String, Object)
UnityEngine.DebugLogHandler:LogFormat(LogType, Object, String, Object[])
UnityEngine.Logger:Log(LogType, Object)
UnityEngine.Debug:Log(Object)
HighPrecisionStepperJuggler.ImageProcessingInstructionSender:Update()
 
(Filename: C:\build\output\unity\unity\Runtime/Export/Debug/Debug.bindings.h Line: 35)

Ball r, x, y :50.76, 148, 30
UnityEngine.DebugLogHandler:Internal_Log(LogType, LogOption, String, Object)
UnityEngine.DebugLogHandler:LogFormat(LogType, Object, String, Object[])
UnityEngine.Logger:Log(LogType, Object)
UnityEngine.Debug:Log(Object)
HighPrecisionStepperJuggler.ImageProcessingInstructionSender:Update()
 
(Filename: C:\build\output\unity\unity\Runtime/Export/Debug/Debug.bindings.h Line: 35)

Ball r, x, y :49.06, 154, 30
UnityEngine.DebugLogHandler:Internal_Log(LogType, LogOption, String, Object)
UnityEngine.DebugLogHandler:LogFormat(LogType, Object, String, Object[])
UnityEngine.Logger:Log(LogType, Object)
UnityEngine.Debug:Log(Object)
HighPrecisionStepperJuggler.ImageProcessingInstructionSender:Update()
 
(Filename: C:\build\output\unity\unity\Runtime/Export/Debug/Debug.bindings.h Line: 35)

Ball r, x, y :52.04, 158, 0
UnityEngine.DebugLogHandler:Internal_Log(LogType, LogOption, String, Object)
UnityEngine.DebugLogHandler:LogFormat(LogType, Object, String, Object[])
UnityEngine.Logger:Log(LogType, Object)
UnityEngine.Debug:Log(Object)
HighPrecisionStepperJuggler.ImageProcessingInstructionSender:Update()
 
(Filename: C:\build\output\unity\unity\Runtime/Export/Debug/Debug.bindings.h Line: 35)

Ball r, x, y :52.5, 165, -30
UnityEngine.DebugLogHandler:Internal_Log(LogType, LogOption, String, Object)
UnityEngine.DebugLogHandler:LogFormat(LogType, Object, String, Object[])
UnityEngine.Logger:Log(LogType, Object)
UnityEngine.Debug:Log(Object)
HighPrecisionStepperJuggler.ImageProcessingInstructionSender:Update()
 
(Filename: C:\build\output\unity\unity\Runtime/Export/Debug/Debug.bindings.h Line: 35)

Ball r, x, y :50.76, 167, -60
UnityEngine.DebugLogHandler:Internal_Log(LogType, LogOption, String, Object)
UnityEngine.DebugLogHandler:LogFormat(LogType, Object, String, Object[])
UnityEngine.Logger:Log(LogType, Object)
UnityEngine.Debug:Log(Object)
HighPrecisionStepperJuggler.ImageProcessingInstructionSender:Update()
 
(Filename: C:\build\output\unity\unity\Runtime/Export/Debug/Debug.bindings.h Line: 35)

Ball r, x, y :54.68, 164, -90
UnityEngine.DebugLogHandler:Internal_Log(LogType, LogOption, String, Object)
UnityEngine.DebugLogHandler:LogFormat(LogType, Object, String, Object[])
UnityEngine.Logger:Log(LogType, Object)
UnityEngine.Debug:Log(Object)
HighPrecisionStepperJuggler.ImageProcessingInstructionSender:Update()
 
(Filename: C:\build\output\unity\unity\Runtime/Export/Debug/Debug.bindings.h Line: 35)

Ball r, x, y :51.12, 162, -90
UnityEngine.DebugLogHandler:Internal_Log(LogType, LogOption, String, Object)
UnityEngine.DebugLogHandler:LogFormat(LogType, Object, String, Object[])
UnityEngine.Logger:Log(LogType, Object)
UnityEngine.Debug:Log(Object)
HighPrecisionStepperJuggler.ImageProcessingInstructionSender:Update()
 
(Filename: C:\build\output\unity\unity\Runtime/Export/Debug/Debug.bindings.h Line: 35)

Ball r, x, y :50.76, 163, -90
UnityEngine.DebugLogHandler:Internal_Log(LogType, LogOption, String, Object)
UnityEngine.DebugLogHandler:LogFormat(LogType, Object, String, Object[])
UnityEngine.Logger:Log(LogType, Object)
UnityEngine.Debug:Log(Object)
HighPrecisionStepperJuggler.ImageProcessingInstructionSender:Update()
 
(Filename: C:\build\output\unity\unity\Runtime/Export/Debug/Debug.bindings.h Line: 35)

Ball r, x, y :50.76, 164, -90
UnityEngine.DebugLogHandler:Internal_Log(LogType, LogOption, String, Object)
UnityEngine.DebugLogHandler:LogFormat(LogType, Object, String, Object[])
UnityEngine.Logger:Log(LogType, Object)
UnityEngine.Debug:Log(Object)
HighPrecisionStepperJuggler.ImageProcessingInstructionSender:Update()
 
(Filename: C:\build\output\unity\unity\Runtime/Export/Debug/Debug.bindings.h Line: 35)

Ball r, x, y :50.76, 163, -90
UnityEngine.DebugLogHandler:Internal_Log(LogType, LogOption, String, Object)
UnityEngine.DebugLogHandler:LogFormat(LogType, Object, String, Object[])
UnityEngine.Logger:Log(LogType, Object)
UnityEngine.Debug:Log(Object)
HighPrecisionStepperJuggler.ImageProcessingInstructionSender:Update()
 
(Filename: C:\build\output\unity\unity\Runtime/Export/Debug/Debug.bindings.h Line: 35)

Ball r, x, y :51.62, 162, -90
UnityEngine.DebugLogHandler:Internal_Log(LogType, LogOption, String, Object)
UnityEngine.DebugLogHandler:LogFormat(LogType, Object, String, Object[])
UnityEngine.Logger:Log(LogType, Object)
UnityEngine.Debug:Log(Object)
HighPrecisionStepperJuggler.ImageProcessingInstructionSender:Update()
 
(Filename: C:\build\output\unity\unity\Runtime/Export/Debug/Debug.bindings.h Line: 35)

Ball r, x, y :52.9, 155, -90
UnityEngine.DebugLogHandler:Internal_Log(LogType, LogOption, String, Object)
UnityEngine.DebugLogHandler:LogFormat(LogType, Object, String, Object[])
UnityEngine.Logger:Log(LogType, Object)
UnityEngine.Debug:Log(Object)
HighPrecisionStepperJuggler.ImageProcessingInstructionSender:Update()
 
(Filename: C:\build\output\unity\unity\Runtime/Export/Debug/Debug.bindings.h Line: 35)

Ball r, x, y :54.4, 144, -90
UnityEngine.DebugLogHandler:Internal_Log(LogType, LogOption, String, Object)
UnityEngine.DebugLogHandler:LogFormat(LogType, Object, String, Object[])
UnityEngine.Logger:Log(LogType, Object)
UnityEngine.Debug:Log(Object)
HighPrecisionStepperJuggler.ImageProcessingInstructionSender:Update()
 
(Filename: C:\build\output\unity\unity\Runtime/Export/Debug/Debug.bindings.h Line: 35)

Ball r, x, y :53.4, 144, -90
UnityEngine.DebugLogHandler:Internal_Log(LogType, LogOption, String, Object)
UnityEngine.DebugLogHandler:LogFormat(LogType, Object, String, Object[])
UnityEngine.Logger:Log(LogType, Object)
UnityEngine.Debug:Log(Object)
HighPrecisionStepperJuggler.ImageProcessingInstructionSender:Update()
 
(Filename: C:\build\output\unity\unity\Runtime/Export/Debug/Debug.bindings.h Line: 35)

Ball r, x, y :40.18, 157, -60
UnityEngine.DebugLogHandler:Internal_Log(LogType, LogOption, String, Object)
UnityEngine.DebugLogHandler:LogFormat(LogType, Object, String, Object[])
UnityEngine.Logger:Log(LogType, Object)
UnityEngine.Debug:Log(Object)
HighPrecisionStepperJuggler.ImageProcessingInstructionSender:Update()
 
(Filename: C:\build\output\unity\unity\Runtime/Export/Debug/Debug.bindings.h Line: 35)

Ball r, x, y :58.58, 170, -90
UnityEngine.DebugLogHandler:Internal_Log(LogType, LogOption, String, Object)
UnityEngine.DebugLogHandler:LogFormat(LogType, Object, String, Object[])
UnityEngine.Logger:Log(LogType, Object)
UnityEngine.Debug:Log(Object)
HighPrecisionStepperJuggler.ImageProcessingInstructionSender:Update()
 
(Filename: C:\build\output\unity\unity\Runtime/Export/Debug/Debug.bindings.h Line: 35)

Ball r, x, y :49.34, 164, -60
UnityEngine.DebugLogHandler:Internal_Log(LogType, LogOption, String, Object)
UnityEngine.DebugLogHandler:LogFormat(LogType, Object, String, Object[])
UnityEngine.Logger:Log(LogType, Object)
UnityEngine.Debug:Log(Object)
HighPrecisionStepperJuggler.ImageProcessingInstructionSender:Update()
 
(Filename: C:\build\output\unity\unity\Runtime/Export/Debug/Debug.bindings.h Line: 35)

Ball r, x, y :52.04, 164, -60
UnityEngine.DebugLogHandler:Internal_Log(LogType, LogOption, String, Object)
UnityEngine.DebugLogHandler:LogFormat(LogType, Object, String, Object[])
UnityEngine.Logger:Log(LogType, Object)
UnityEngine.Debug:Log(Object)
HighPrecisionStepperJuggler.ImageProcessingInstructionSender:Update()
 
(Filename: C:\build\output\unity\unity\Runtime/Export/Debug/Debug.bindings.h Line: 35)

Ball r, x, y :42.46, 182, -30
UnityEngine.DebugLogHandler:Internal_Log(LogType, LogOption, String, Object)
UnityEngine.DebugLogHandler:LogFormat(LogType, Object, String, Object[])
UnityEngine.Logger:Log(LogType, Object)
UnityEngine.Debug:Log(Object)
HighPrecisionStepperJuggler.ImageProcessingInstructionSender:Update()
 
(Filename: C:\build\output\unity\unity\Runtime/Export/Debug/Debug.bindings.h Line: 35)

Ball r, x, y :49.34, 211, -60
UnityEngine.DebugLogHandler:Internal_Log(LogType, LogOption, String, Object)
UnityEngine.DebugLogHandler:LogFormat(LogType, Object, String, Object[])
UnityEngine.Logger:Log(LogType, Object)
UnityEngine.Debug:Log(Object)
HighPrecisionStepperJuggler.ImageProcessingInstructionSender:Update()
 
(Filename: C:\build\output\unity\unity\Runtime/Export/Debug/Debug.bindings.h Line: 35)

Ball r, x, y :38.12056, -258, -30
UnityEngine.DebugLogHandler:Internal_Log(LogType, LogOption, String, Object)
UnityEngine.DebugLogHandler:LogFormat(LogType, Object, String, Object[])
UnityEngine.Logger:Log(LogType, Object)
UnityEngine.Debug:Log(Object)
HighPrecisionStepperJuggler.ImageProcessingInstructionSender:Update()
 
(Filename: C:\build\output\unity\unity\Runtime/Export/Debug/Debug.bindings.h Line: 35)

Ball r, x, y :44.58, -93, -31
UnityEngine.DebugLogHandler:Internal_Log(LogType, LogOption, String, Object)
UnityEngine.DebugLogHandler:LogFormat(LogType, Object, String, Object[])
UnityEngine.Logger:Log(LogType, Object)
UnityEngine.Debug:Log(Object)
HighPrecisionStepperJuggler.ImageProcessingInstructionSender:Update()
 
(Filename: C:\build\output\unity\unity\Runtime/Export/Debug/Debug.bindings.h Line: 35)

Ball r, x, y :49.06, 235, -30
UnityEngine.DebugLogHandler:Internal_Log(LogType, LogOption, String, Object)
UnityEngine.DebugLogHandler:LogFormat(LogType, Object, String, Object[])
UnityEngine.Logger:Log(LogType, Object)
UnityEngine.Debug:Log(Object)
HighPrecisionStepperJuggler.ImageProcessingInstructionSender:Update()
 
(Filename: C:\build\output\unity\unity\Runtime/Export/Debug/Debug.bindings.h Line: 35)

Ball r, x, y :49.06, -220, 0
UnityEngine.DebugLogHandler:Internal_Log(LogType, LogOption, String, Object)
UnityEngine.DebugLogHandler:LogFormat(LogType, Object, String, Object[])
UnityEngine.Logger:Log(LogType, Object)
UnityEngine.Debug:Log(Object)
HighPrecisionStepperJuggler.ImageProcessingInstructionSender:Update()
 
(Filename: C:\build\output\unity\unity\Runtime/Export/Debug/Debug.bindings.h Line: 35)

Ball r, x, y :46.36, 267, -30
UnityEngine.DebugLogHandler:Internal_Log(LogType, LogOption, String, Object)
UnityEngine.DebugLogHandler:LogFormat(LogType, Object, String, Object[])
UnityEngine.Logger:Log(LogType, Object)
UnityEngine.Debug:Log(Object)
HighPrecisionStepperJuggler.ImageProcessingInstructionSender:Update()
 
(Filename: C:\build\output\unity\unity\Runtime/Export/Debug/Debug.bindings.h Line: 35)

Ball r, x, y :43.74, -210, 30
UnityEngine.DebugLogHandler:Internal_Log(LogType, LogOption, String, Object)
UnityEngine.DebugLogHandler:LogFormat(LogType, Object, String, Object[])
UnityEngine.Logger:Log(LogType, Object)
UnityEngine.Debug:Log(Object)
HighPrecisionStepperJuggler.ImageProcessingInstructionSender:Update()
 
(Filename: C:\build\output\unity\unity\Runtime/Export/Debug/Debug.bindings.h Line: 35)

Ball r, x, y :42.96, -209, 30
UnityEngine.DebugLogHandler:Internal_Log(LogType, LogOption, String, Object)
UnityEngine.DebugLogHandler:LogFormat(LogType, Object, String, Object[])
UnityEngine.Logger:Log(LogType, Object)
UnityEngine.Debug:Log(Object)
HighPrecisionStepperJuggler.ImageProcessingInstructionSender:Update()
 
(Filename: C:\build\output\unity\unity\Runtime/Export/Debug/Debug.bindings.h Line: 35)

Ball r, x, y :39.36, -205, 30
UnityEngine.DebugLogHandler:Internal_Log(LogType, LogOption, String, Object)
UnityEngine.DebugLogHandler:LogFormat(LogType, Object, String, Object[])
UnityEngine.Logger:Log(LogType, Object)
UnityEngine.Debug:Log(Object)
HighPrecisionStepperJuggler.ImageProcessingInstructionSender:Update()
 
(Filename: C:\build\output\unity\unity\Runtime/Export/Debug/Debug.bindings.h Line: 35)

Ball r, x, y :46.36, -213, 0
UnityEngine.DebugLogHandler:Internal_Log(LogType, LogOption, String, Object)
UnityEngine.DebugLogHandler:LogFormat(LogType, Object, String, Object[])
UnityEngine.Logger:Log(LogType, Object)
UnityEngine.Debug:Log(Object)
HighPrecisionStepperJuggler.ImageProcessingInstructionSender:Update()
 
(Filename: C:\build\output\unity\unity\Runtime/Export/Debug/Debug.bindings.h Line: 35)

Ball r, x, y :46.78, -214, 0
UnityEngine.DebugLogHandler:Internal_Log(LogType, LogOption, String, Object)
UnityEngine.DebugLogHandler:LogFormat(LogType, Object, String, Object[])
UnityEngine.Logger:Log(LogType, Object)
UnityEngine.Debug:Log(Object)
HighPrecisionStepperJuggler.ImageProcessingInstructionSender:Update()
 
(Filename: C:\build\output\unity\unity\Runtime/Export/Debug/Debug.bindings.h Line: 35)

Ball r, x, y :46.78, 266, 0
UnityEngine.DebugLogHandler:Internal_Log(LogType, LogOption, String, Object)
UnityEngine.DebugLogHandler:LogFormat(LogType, Object, String, Object[])
UnityEngine.Logger:Log(LogType, Object)
UnityEngine.Debug:Log(Object)
HighPrecisionStepperJuggler.ImageProcessingInstructionSender:Update()
 
(Filename: C:\build\output\unity\unity\Runtime/Export/Debug/Debug.bindings.h Line: 35)

Ball r, x, y :45.9, 267, 0
UnityEngine.DebugLogHandler:Internal_Log(LogType, LogOption, String, Object)
UnityEngine.DebugLogHandler:LogFormat(LogType, Object, String, Object[])
UnityEngine.Logger:Log(LogType, Object)
UnityEngine.Debug:Log(Object)
HighPrecisionStepperJuggler.ImageProcessingInstructionSender:Update()
 
(Filename: C:\build\output\unity\unity\Runtime/Export/Debug/Debug.bindings.h Line: 35)

Ball r, x, y :45.5, -212, 0
UnityEngine.DebugLogHandler:Internal_Log(LogType, LogOption, String, Object)
UnityEngine.DebugLogHandler:LogFormat(LogType, Object, String, Object[])
UnityEngine.Logger:Log(LogType, Object)
UnityEngine.Debug:Log(Object)
HighPrecisionStepperJuggler.ImageProcessingInstructionSender:Update()
 
(Filename: C:\build\output\unity\unity\Runtime/Export/Debug/Debug.bindings.h Line: 35)

Ball r, x, y :44, 269, 0
UnityEngine.DebugLogHandler:Internal_Log(LogType, LogOption, String, Object)
UnityEngine.DebugLogHandler:LogFormat(LogType, Object, String, Object[])
UnityEngine.Logger:Log(LogType, Object)
UnityEngine.Debug:Log(Object)
HighPrecisionStepperJuggler.ImageProcessingInstructionSender:Update()
 
(Filename: C:\build\output\unity\unity\Runtime/Export/Debug/Debug.bindings.h Line: 35)

Ball r, x, y :42.46, 271, 0
UnityEngine.DebugLogHandler:Internal_Log(LogType, LogOption, String, Object)
UnityEngine.DebugLogHandler:LogFormat(LogType, Object, String, Object[])
UnityEngine.Logger:Log(LogType, Object)
UnityEngine.Debug:Log(Object)
HighPrecisionStepperJuggler.ImageProcessingInstructionSender:Update()
 
(Filename: C:\build\output\unity\unity\Runtime/Export/Debug/Debug.bindings.h Line: 35)

Ball r, x, y :41.1, -207, 0
UnityEngine.DebugLogHandler:Internal_Log(LogType, LogOption, String, Object)
UnityEngine.DebugLogHandler:LogFormat(LogType, Object, String, Object[])
UnityEngine.Logger:Log(LogType, Object)
UnityEngine.Debug:Log(Object)
HighPrecisionStepperJuggler.ImageProcessingInstructionSender:Update()
 
(Filename: C:\build\output\unity\unity\Runtime/Export/Debug/Debug.bindings.h Line: 35)

Ball r, x, y :41.56, -208, 0
UnityEngine.DebugLogHandler:Internal_Log(LogType, LogOption, String, Object)
UnityEngine.DebugLogHandler:LogFormat(LogType, Object, String, Object[])
UnityEngine.Logger:Log(LogType, Object)
UnityEngine.Debug:Log(Object)
HighPrecisionStepperJuggler.ImageProcessingInstructionSender:Update()
 
(Filename: C:\build\output\unity\unity\Runtime/Export/Debug/Debug.bindings.h Line: 35)

Ball r, x, y :46.36, -215, 0
UnityEngine.DebugLogHandler:Internal_Log(LogType, LogOption, String, Object)
UnityEngine.DebugLogHandler:LogFormat(LogType, Object, String, Object[])
UnityEngine.Logger:Log(LogType, Object)
UnityEngine.Debug:Log(Object)
HighPrecisionStepperJuggler.ImageProcessingInstructionSender:Update()
 
(Filename: C:\build\output\unity\unity\Runtime/Export/Debug/Debug.bindings.h Line: 35)

Ball r, x, y :52.9, 255, 0
UnityEngine.DebugLogHandler:Internal_Log(LogType, LogOption, String, Object)
UnityEngine.DebugLogHandler:LogFormat(LogType, Object, String, Object[])
UnityEngine.Logger:Log(LogType, Object)
UnityEngine.Debug:Log(Object)
HighPrecisionStepperJuggler.ImageProcessingInstructionSender:Update()
 
(Filename: C:\build\output\unity\unity\Runtime/Export/Debug/Debug.bindings.h Line: 35)

Ball r, x, y :52.04, 242, 0
UnityEngine.DebugLogHandler:Internal_Log(LogType, LogOption, String, Object)
UnityEngine.DebugLogHandler:LogFormat(LogType, Object, String, Object[])
UnityEngine.Logger:Log(LogType, Object)
UnityEngine.Debug:Log(Object)
HighPrecisionStepperJuggler.ImageProcessingInstructionSender:Update()
 
(Filename: C:\build\output\unity\unity\Runtime/Export/Debug/Debug.bindings.h Line: 35)

Ball r, x, y :51.62, 236, 0
UnityEngine.DebugLogHandler:Internal_Log(LogType, LogOption, String, Object)
UnityEngine.DebugLogHandler:LogFormat(LogType, Object, String, Object[])
UnityEngine.Logger:Log(LogType, Object)
UnityEngine.Debug:Log(Object)
HighPrecisionStepperJuggler.ImageProcessingInstructionSender:Update()
 
(Filename: C:\build\output\unity\unity\Runtime/Export/Debug/Debug.bindings.h Line: 35)

Ball r, x, y :51.62, 235, 0
UnityEngine.DebugLogHandler:Internal_Log(LogType, LogOption, String, Object)
UnityEngine.DebugLogHandler:LogFormat(LogType, Object, String, Object[])
UnityEngine.Logger:Log(LogType, Object)
UnityEngine.Debug:Log(Object)
HighPrecisionStepperJuggler.ImageProcessingInstructionSender:Update()
 
(Filename: C:\build\output\unity\unity\Runtime/Export/Debug/Debug.bindings.h Line: 35)

Ball r, x, y :50.76, 233, 0
UnityEngine.DebugLogHandler:Internal_Log(LogType, LogOption, String, Object)
UnityEngine.DebugLogHandler:LogFormat(LogType, Object, String, Object[])
UnityEngine.Logger:Log(LogType, Object)
UnityEngine.Debug:Log(Object)
HighPrecisionStepperJuggler.ImageProcessingInstructionSender:Update()
 
(Filename: C:\build\output\unity\unity\Runtime/Export/Debug/Debug.bindings.h Line: 35)

Ball r, x, y :43.74, -251, 30
UnityEngine.DebugLogHandler:Internal_Log(LogType, LogOption, String, Object)
UnityEngine.DebugLogHandler:LogFormat(LogType, Object, String, Object[])
UnityEngine.Logger:Log(LogType, Object)
UnityEngine.Debug:Log(Object)
HighPrecisionStepperJuggler.ImageProcessingInstructionSender:Update()
 
(Filename: C:\build\output\unity\unity\Runtime/Export/Debug/Debug.bindings.h Line: 35)

Ball r, x, y :44.5, 227, 30
UnityEngine.DebugLogHandler:Internal_Log(LogType, LogOption, String, Object)
UnityEngine.DebugLogHandler:LogFormat(LogType, Object, String, Object[])
UnityEngine.Logger:Log(LogType, Object)
UnityEngine.Debug:Log(Object)
HighPrecisionStepperJuggler.ImageProcessingInstructionSender:Update()
 
(Filename: C:\build\output\unity\unity\Runtime/Export/Debug/Debug.bindings.h Line: 35)

Ball r, x, y :45.5, -252, 30
UnityEngine.DebugLogHandler:Internal_Log(LogType, LogOption, String, Object)
UnityEngine.DebugLogHandler:LogFormat(LogType, Object, String, Object[])
UnityEngine.Logger:Log(LogType, Object)
UnityEngine.Debug:Log(Object)
HighPrecisionStepperJuggler.ImageProcessingInstructionSender:Update()
 
(Filename: C:\build\output\unity\unity\Runtime/Export/Debug/Debug.bindings.h Line: 35)

Ball r, x, y :46.36, -251, 30
UnityEngine.DebugLogHandler:Internal_Log(LogType, LogOption, String, Object)
UnityEngine.DebugLogHandler:LogFormat(LogType, Object, String, Object[])
UnityEngine.Logger:Log(LogType, Object)
UnityEngine.Debug:Log(Object)
HighPrecisionStepperJuggler.ImageProcessingInstructionSender:Update()
 
(Filename: C:\build\output\unity\unity\Runtime/Export/Debug/Debug.bindings.h Line: 35)

Ball r, x, y :46.78, -251, 30
UnityEngine.DebugLogHandler:Internal_Log(LogType, LogOption, String, Object)
UnityEngine.DebugLogHandler:LogFormat(LogType, Object, String, Object[])
UnityEngine.Logger:Log(LogType, Object)
UnityEngine.Debug:Log(Object)
HighPrecisionStepperJuggler.ImageProcessingInstructionSender:Update()
 
(Filename: C:\build\output\unity\unity\Runtime/Export/Debug/Debug.bindings.h Line: 35)

Ball r, x, y :46.78, -250, 30
UnityEngine.DebugLogHandler:Internal_Log(LogType, LogOption, String, Object)
UnityEngine.DebugLogHandler:LogFormat(LogType, Object, String, Object[])
UnityEngine.Logger:Log(LogType, Object)
UnityEngine.Debug:Log(Object)
HighPrecisionStepperJuggler.ImageProcessingInstructionSender:Update()
 
(Filename: C:\build\output\unity\unity\Runtime/Export/Debug/Debug.bindings.h Line: 35)

Ball r, x, y :47.28, -248, 30
UnityEngine.DebugLogHandler:Internal_Log(LogType, LogOption, String, Object)
UnityEngine.DebugLogHandler:LogFormat(LogType, Object, String, Object[])
UnityEngine.Logger:Log(LogType, Object)
UnityEngine.Debug:Log(Object)
HighPrecisionStepperJuggler.ImageProcessingInstructionSender:Update()
 
(Filename: C:\build\output\unity\unity\Runtime/Export/Debug/Debug.bindings.h Line: 35)

Ball r, x, y :47.28, -247, 30
UnityEngine.DebugLogHandler:Internal_Log(LogType, LogOption, String, Object)
UnityEngine.DebugLogHandler:LogFormat(LogType, Object, String, Object[])
UnityEngine.Logger:Log(LogType, Object)
UnityEngine.Debug:Log(Object)
HighPrecisionStepperJuggler.ImageProcessingInstructionSender:Update()
 
(Filename: C:\build\output\unity\unity\Runtime/Export/Debug/Debug.bindings.h Line: 35)

Ball r, x, y :46.78, -245, 30
UnityEngine.DebugLogHandler:Internal_Log(LogType, LogOption, String, Object)
UnityEngine.DebugLogHandler:LogFormat(LogType, Object, String, Object[])
UnityEngine.Logger:Log(LogType, Object)
UnityEngine.Debug:Log(Object)
HighPrecisionStepperJuggler.ImageProcessingInstructionSender:Update()
 
(Filename: C:\build\output\unity\unity\Runtime/Export/Debug/Debug.bindings.h Line: 35)

Ball r, x, y :45.5, -238, 30
UnityEngine.DebugLogHandler:Internal_Log(LogType, LogOption, String, Object)
UnityEngine.DebugLogHandler:LogFormat(LogType, Object, String, Object[])
UnityEngine.Logger:Log(LogType, Object)
UnityEngine.Debug:Log(Object)
HighPrecisionStepperJuggler.ImageProcessingInstructionSender:Update()
 
(Filename: C:\build\output\unity\unity\Runtime/Export/Debug/Debug.bindings.h Line: 35)

Ball r, x, y :45.9, -226, 30
UnityEngine.DebugLogHandler:Internal_Log(LogType, LogOption, String, Object)
UnityEngine.DebugLogHandler:LogFormat(LogType, Object, String, Object[])
UnityEngine.Logger:Log(LogType, Object)
UnityEngine.Debug:Log(Object)
HighPrecisionStepperJuggler.ImageProcessingInstructionSender:Update()
 
(Filename: C:\build\output\unity\unity\Runtime/Export/Debug/Debug.bindings.h Line: 35)

Ball r, x, y :44.5, -211, 30
UnityEngine.DebugLogHandler:Internal_Log(LogType, LogOption, String, Object)
UnityEngine.DebugLogHandler:LogFormat(LogType, Object, String, Object[])
UnityEngine.Logger:Log(LogType, Object)
UnityEngine.Debug:Log(Object)
HighPrecisionStepperJuggler.ImageProcessingInstructionSender:Update()
 
(Filename: C:\build\output\unity\unity\Runtime/Export/Debug/Debug.bindings.h Line: 35)

Ball r, x, y :39.82, -206, 30
UnityEngine.DebugLogHandler:Internal_Log(LogType, LogOption, String, Object)
UnityEngine.DebugLogHandler:LogFormat(LogType, Object, String, Object[])
UnityEngine.Logger:Log(LogType, Object)
UnityEngine.Debug:Log(Object)
HighPrecisionStepperJuggler.ImageProcessingInstructionSender:Update()
 
(Filename: C:\build\output\unity\unity\Runtime/Export/Debug/Debug.bindings.h Line: 35)

Ball r, x, y :38.9, 275, 30
UnityEngine.DebugLogHandler:Internal_Log(LogType, LogOption, String, Object)
UnityEngine.DebugLogHandler:LogFormat(LogType, Object, String, Object[])
UnityEngine.Logger:Log(LogType, Object)
UnityEngine.Debug:Log(Object)
HighPrecisionStepperJuggler.ImageProcessingInstructionSender:Update()
 
(Filename: C:\build\output\unity\unity\Runtime/Export/Debug/Debug.bindings.h Line: 35)

Ball r, x, y :39.82, -206, 30
UnityEngine.DebugLogHandler:Internal_Log(LogType, LogOption, String, Object)
UnityEngine.DebugLogHandler:LogFormat(LogType, Object, String, Object[])
UnityEngine.Logger:Log(LogType, Object)
UnityEngine.Debug:Log(Object)
HighPrecisionStepperJuggler.ImageProcessingInstructionSender:Update()
 
(Filename: C:\build\output\unity\unity\Runtime/Export/Debug/Debug.bindings.h Line: 35)

Ball r, x, y :39.36, 275, 30
UnityEngine.DebugLogHandler:Internal_Log(LogType, LogOption, String, Object)
UnityEngine.DebugLogHandler:LogFormat(LogType, Object, String, Object[])
UnityEngine.Logger:Log(LogType, Object)
UnityEngine.Debug:Log(Object)
HighPrecisionStepperJuggler.ImageProcessingInstructionSender:Update()
 
(Filename: C:\build\output\unity\unity\Runtime/Export/Debug/Debug.bindings.h Line: 35)

Ball r, x, y :41.1, -207, 30
UnityEngine.DebugLogHandler:Internal_Log(LogType, LogOption, String, Object)
UnityEngine.DebugLogHandler:LogFormat(LogType, Object, String, Object[])
UnityEngine.Logger:Log(LogType, Object)
UnityEngine.Debug:Log(Object)
HighPrecisionStepperJuggler.ImageProcessingInstructionSender:Update()
 
(Filename: C:\build\output\unity\unity\Runtime/Export/Debug/Debug.bindings.h Line: 35)

Ball r, x, y :44, -211, 30
UnityEngine.DebugLogHandler:Internal_Log(LogType, LogOption, String, Object)
UnityEngine.DebugLogHandler:LogFormat(LogType, Object, String, Object[])
UnityEngine.Logger:Log(LogType, Object)
UnityEngine.Debug:Log(Object)
HighPrecisionStepperJuggler.ImageProcessingInstructionSender:Update()
 
(Filename: C:\build\output\unity\unity\Runtime/Export/Debug/Debug.bindings.h Line: 35)

Ball r, x, y :54.68, 257, 0
UnityEngine.DebugLogHandler:Internal_Log(LogType, LogOption, String, Object)
UnityEngine.DebugLogHandler:LogFormat(LogType, Object, String, Object[])
UnityEngine.Logger:Log(LogType, Object)
UnityEngine.Debug:Log(Object)
HighPrecisionStepperJuggler.ImageProcessingInstructionSender:Update()
 
(Filename: C:\build\output\unity\unity\Runtime/Export/Debug/Debug.bindings.h Line: 35)

Ball r, x, y :43.46, -233, 30
UnityEngine.DebugLogHandler:Internal_Log(LogType, LogOption, String, Object)
UnityEngine.DebugLogHandler:LogFormat(LogType, Object, String, Object[])
UnityEngine.Logger:Log(LogType, Object)
UnityEngine.Debug:Log(Object)
HighPrecisionStepperJuggler.ImageProcessingInstructionSender:Update()
 
(Filename: C:\build\output\unity\unity\Runtime/Export/Debug/Debug.bindings.h Line: 35)

Ball r, x, y :50.76, 232, 0
UnityEngine.DebugLogHandler:Internal_Log(LogType, LogOption, String, Object)
UnityEngine.DebugLogHandler:LogFormat(LogType, Object, String, Object[])
UnityEngine.Logger:Log(LogType, Object)
UnityEngine.Debug:Log(Object)
HighPrecisionStepperJuggler.ImageProcessingInstructionSender:Update()
 
(Filename: C:\build\output\unity\unity\Runtime/Export/Debug/Debug.bindings.h Line: 35)

Ball r, x, y :48.56, 226, 0
UnityEngine.DebugLogHandler:Internal_Log(LogType, LogOption, String, Object)
UnityEngine.DebugLogHandler:LogFormat(LogType, Object, String, Object[])
UnityEngine.Logger:Log(LogType, Object)
UnityEngine.Debug:Log(Object)
HighPrecisionStepperJuggler.ImageProcessingInstructionSender:Update()
 
(Filename: C:\build\output\unity\unity\Runtime/Export/Debug/Debug.bindings.h Line: 35)

Ball r, x, y :45.5, -255, 0
UnityEngine.DebugLogHandler:Internal_Log(LogType, LogOption, String, Object)
UnityEngine.DebugLogHandler:LogFormat(LogType, Object, String, Object[])
UnityEngine.Logger:Log(LogType, Object)
UnityEngine.Debug:Log(Object)
HighPrecisionStepperJuggler.ImageProcessingInstructionSender:Update()
 
(Filename: C:\build\output\unity\unity\Runtime/Export/Debug/Debug.bindings.h Line: 35)

Ball r, x, y :41.56, 220, 0
UnityEngine.DebugLogHandler:Internal_Log(LogType, LogOption, String, Object)
UnityEngine.DebugLogHandler:LogFormat(LogType, Object, String, Object[])
UnityEngine.Logger:Log(LogType, Object)
UnityEngine.Debug:Log(Object)
HighPrecisionStepperJuggler.ImageProcessingInstructionSender:Update()
 
(Filename: C:\build\output\unity\unity\Runtime/Export/Debug/Debug.bindings.h Line: 35)

Ball r, x, y :38.4, -264, 0
UnityEngine.DebugLogHandler:Internal_Log(LogType, LogOption, String, Object)
UnityEngine.DebugLogHandler:LogFormat(LogType, Object, String, Object[])
UnityEngine.Logger:Log(LogType, Object)
UnityEngine.Debug:Log(Object)
HighPrecisionStepperJuggler.ImageProcessingInstructionSender:Update()
 
(Filename: C:\build\output\unity\unity\Runtime/Export/Debug/Debug.bindings.h Line: 35)

Ball r, x, y :35.42, -271, 0
UnityEngine.DebugLogHandler:Internal_Log(LogType, LogOption, String, Object)
UnityEngine.DebugLogHandler:LogFormat(LogType, Object, String, Object[])
UnityEngine.Logger:Log(LogType, Object)
UnityEngine.Debug:Log(Object)
HighPrecisionStepperJuggler.ImageProcessingInstructionSender:Update()
 
(Filename: C:\build\output\unity\unity\Runtime/Export/Debug/Debug.bindings.h Line: 35)

Ball r, x, y :32.52, 200, 0
UnityEngine.DebugLogHandler:Internal_Log(LogType, LogOption, String, Object)
UnityEngine.DebugLogHandler:LogFormat(LogType, Object, String, Object[])
UnityEngine.Logger:Log(LogType, Object)
UnityEngine.Debug:Log(Object)
HighPrecisionStepperJuggler.ImageProcessingInstructionSender:Update()
 
(Filename: C:\build\output\unity\unity\Runtime/Export/Debug/Debug.bindings.h Line: 35)

Ball r, x, y :30.62, 191, 0
UnityEngine.DebugLogHandler:Internal_Log(LogType, LogOption, String, Object)
UnityEngine.DebugLogHandler:LogFormat(LogType, Object, String, Object[])
UnityEngine.Logger:Log(LogType, Object)
UnityEngine.Debug:Log(Object)
HighPrecisionStepperJuggler.ImageProcessingInstructionSender:Update()
 
(Filename: C:\build\output\unity\unity\Runtime/Export/Debug/Debug.bindings.h Line: 35)

Ball r, x, y :30.16, 185, 0
UnityEngine.DebugLogHandler:Internal_Log(LogType, LogOption, String, Object)
UnityEngine.DebugLogHandler:LogFormat(LogType, Object, String, Object[])
UnityEngine.Logger:Log(LogType, Object)
UnityEngine.Debug:Log(Object)
HighPrecisionStepperJuggler.ImageProcessingInstructionSender:Update()
 
(Filename: C:\build\output\unity\unity\Runtime/Export/Debug/Debug.bindings.h Line: 35)

Ball r, x, y :31.02, 192, 0
UnityEngine.DebugLogHandler:Internal_Log(LogType, LogOption, String, Object)
UnityEngine.DebugLogHandler:LogFormat(LogType, Object, String, Object[])
UnityEngine.Logger:Log(LogType, Object)
UnityEngine.Debug:Log(Object)
HighPrecisionStepperJuggler.ImageProcessingInstructionSender:Update()
 
(Filename: C:\build\output\unity\unity\Runtime/Export/Debug/Debug.bindings.h Line: 35)

Ball r, x, y :32.02, 195, 0
UnityEngine.DebugLogHandler:Internal_Log(LogType, LogOption, String, Object)
UnityEngine.DebugLogHandler:LogFormat(LogType, Object, String, Object[])
UnityEngine.Logger:Log(LogType, Object)
UnityEngine.Debug:Log(Object)
HighPrecisionStepperJuggler.ImageProcessingInstructionSender:Update()
 
(Filename: C:\build\output\unity\unity\Runtime/Export/Debug/Debug.bindings.h Line: 35)

Ball r, x, y :31.02032, 194, 0
UnityEngine.DebugLogHandler:Internal_Log(LogType, LogOption, String, Object)
UnityEngine.DebugLogHandler:LogFormat(LogType, Object, String, Object[])
UnityEngine.Logger:Log(LogType, Object)
UnityEngine.Debug:Log(Object)
HighPrecisionStepperJuggler.ImageProcessingInstructionSender:Update()
 
(Filename: C:\build\output\unity\unity\Runtime/Export/Debug/Debug.bindings.h Line: 35)

Ball r, x, y :31.52084, -124, -1
UnityEngine.DebugLogHandler:Internal_Log(LogType, LogOption, String, Object)
UnityEngine.DebugLogHandler:LogFormat(LogType, Object, String, Object[])
UnityEngine.Logger:Log(LogType, Object)
UnityEngine.Debug:Log(Object)
HighPrecisionStepperJuggler.ImageProcessingInstructionSender:Update()
 
(Filename: C:\build\output\unity\unity\Runtime/Export/Debug/Debug.bindings.h Line: 35)

Ball r, x, y :32.02017, -282, 0
UnityEngine.DebugLogHandler:Internal_Log(LogType, LogOption, String, Object)
UnityEngine.DebugLogHandler:LogFormat(LogType, Object, String, Object[])
UnityEngine.Logger:Log(LogType, Object)
UnityEngine.Debug:Log(Object)
HighPrecisionStepperJuggler.ImageProcessingInstructionSender:Update()
 
(Filename: C:\build\output\unity\unity\Runtime/Export/Debug/Debug.bindings.h Line: 35)

Ball r, x, y :31.52018, 199, 0
UnityEngine.DebugLogHandler:Internal_Log(LogType, LogOption, String, Object)
UnityEngine.DebugLogHandler:LogFormat(LogType, Object, String, Object[])
UnityEngine.Logger:Log(LogType, Object)
UnityEngine.Debug:Log(Object)
HighPrecisionStepperJuggler.ImageProcessingInstructionSender:Update()
 
(Filename: C:\build\output\unity\unity\Runtime/Export/Debug/Debug.bindings.h Line: 35)

Ball r, x, y :30.16, 197, 0
UnityEngine.DebugLogHandler:Internal_Log(LogType, LogOption, String, Object)
UnityEngine.DebugLogHandler:LogFormat(LogType, Object, String, Object[])
UnityEngine.Logger:Log(LogType, Object)
UnityEngine.Debug:Log(Object)
HighPrecisionStepperJuggler.ImageProcessingInstructionSender:Update()
 
(Filename: C:\build\output\unity\unity\Runtime/Export/Debug/Debug.bindings.h Line: 35)

Ball r, x, y :28.42, 197, 0
UnityEngine.DebugLogHandler:Internal_Log(LogType, LogOption, String, Object)
UnityEngine.DebugLogHandler:LogFormat(LogType, Object, String, Object[])
UnityEngine.Logger:Log(LogType, Object)
UnityEngine.Debug:Log(Object)
HighPrecisionStepperJuggler.ImageProcessingInstructionSender:Update()
 
(Filename: C:\build\output\unity\unity\Runtime/Export/Debug/Debug.bindings.h Line: 35)

Ball r, x, y :27.18, -282, 0
UnityEngine.DebugLogHandler:Internal_Log(LogType, LogOption, String, Object)
UnityEngine.DebugLogHandler:LogFormat(LogType, Object, String, Object[])
UnityEngine.Logger:Log(LogType, Object)
UnityEngine.Debug:Log(Object)
HighPrecisionStepperJuggler.ImageProcessingInstructionSender:Update()
 
(Filename: C:\build\output\unity\unity\Runtime/Export/Debug/Debug.bindings.h Line: 35)

Ball r, x, y :27.46, -283, 0
UnityEngine.DebugLogHandler:Internal_Log(LogType, LogOption, String, Object)
UnityEngine.DebugLogHandler:LogFormat(LogType, Object, String, Object[])
UnityEngine.Logger:Log(LogType, Object)
UnityEngine.Debug:Log(Object)
HighPrecisionStepperJuggler.ImageProcessingInstructionSender:Update()
 
(Filename: C:\build\output\unity\unity\Runtime/Export/Debug/Debug.bindings.h Line: 35)

Ball r, x, y :29.24, -284, 0
UnityEngine.DebugLogHandler:Internal_Log(LogType, LogOption, String, Object)
UnityEngine.DebugLogHandler:LogFormat(LogType, Object, String, Object[])
UnityEngine.Logger:Log(LogType, Object)
UnityEngine.Debug:Log(Object)
HighPrecisionStepperJuggler.ImageProcessingInstructionSender:Update()
 
(Filename: C:\build\output\unity\unity\Runtime/Export/Debug/Debug.bindings.h Line: 35)

Ball r, x, y :30.16, 195, 0
UnityEngine.DebugLogHandler:Internal_Log(LogType, LogOption, String, Object)
UnityEngine.DebugLogHandler:LogFormat(LogType, Object, String, Object[])
UnityEngine.Logger:Log(LogType, Object)
UnityEngine.Debug:Log(Object)
HighPrecisionStepperJuggler.ImageProcessingInstructionSender:Update()
 
(Filename: C:\build\output\unity\unity\Runtime/Export/Debug/Debug.bindings.h Line: 35)

Ball r, x, y :30.62, 195, 0
UnityEngine.DebugLogHandler:Internal_Log(LogType, LogOption, String, Object)
UnityEngine.DebugLogHandler:LogFormat(LogType, Object, String, Object[])
UnityEngine.Logger:Log(LogType, Object)
UnityEngine.Debug:Log(Object)
HighPrecisionStepperJuggler.ImageProcessingInstructionSender:Update()
 
(Filename: C:\build\output\unity\unity\Runtime/Export/Debug/Debug.bindings.h Line: 35)

Ball r, x, y :31.02, 197, 0
UnityEngine.DebugLogHandler:Internal_Log(LogType, LogOption, String, Object)
UnityEngine.DebugLogHandler:LogFormat(LogType, Object, String, Object[])
UnityEngine.Logger:Log(LogType, Object)
UnityEngine.Debug:Log(Object)
HighPrecisionStepperJuggler.ImageProcessingInstructionSender:Update()
 
(Filename: C:\build\output\unity\unity\Runtime/Export/Debug/Debug.bindings.h Line: 35)

Ball r, x, y :32.02, 199, 0
UnityEngine.DebugLogHandler:Internal_Log(LogType, LogOption, String, Object)
UnityEngine.DebugLogHandler:LogFormat(LogType, Object, String, Object[])
UnityEngine.Logger:Log(LogType, Object)
UnityEngine.Debug:Log(Object)
HighPrecisionStepperJuggler.ImageProcessingInstructionSender:Update()
 
(Filename: C:\build\output\unity\unity\Runtime/Export/Debug/Debug.bindings.h Line: 35)

Ball r, x, y :32.02018, 199, 0
UnityEngine.DebugLogHandler:Internal_Log(LogType, LogOption, String, Object)
UnityEngine.DebugLogHandler:LogFormat(LogType, Object, String, Object[])
UnityEngine.Logger:Log(LogType, Object)
UnityEngine.Debug:Log(Object)
HighPrecisionStepperJuggler.ImageProcessingInstructionSender:Update()
 
(Filename: C:\build\output\unity\unity\Runtime/Export/Debug/Debug.bindings.h Line: 35)

Ball r, x, y :32.52034, 200, 0
UnityEngine.DebugLogHandler:Internal_Log(LogType, LogOption, String, Object)
UnityEngine.DebugLogHandler:LogFormat(LogType, Object, String, Object[])
UnityEngine.Logger:Log(LogType, Object)
UnityEngine.Debug:Log(Object)
HighPrecisionStepperJuggler.ImageProcessingInstructionSender:Update()
 
(Filename: C:\build\output\unity\unity\Runtime/Export/Debug/Debug.bindings.h Line: 35)

Ball r, x, y :32.82, -120, -1
UnityEngine.DebugLogHandler:Internal_Log(LogType, LogOption, String, Object)
UnityEngine.DebugLogHandler:LogFormat(LogType, Object, String, Object[])
UnityEngine.Logger:Log(LogType, Object)
UnityEngine.Debug:Log(Object)
HighPrecisionStepperJuggler.ImageProcessingInstructionSender:Update()
 
(Filename: C:\build\output\unity\unity\Runtime/Export/Debug/Debug.bindings.h Line: 35)

Ball r, x, y :32.80017, -120, -1
UnityEngine.DebugLogHandler:Internal_Log(LogType, LogOption, String, Object)
UnityEngine.DebugLogHandler:LogFormat(LogType, Object, String, Object[])
UnityEngine.Logger:Log(LogType, Object)
UnityEngine.Debug:Log(Object)
HighPrecisionStepperJuggler.ImageProcessingInstructionSender:Update()
 
(Filename: C:\build\output\unity\unity\Runtime/Export/Debug/Debug.bindings.h Line: 35)

Ball r, x, y :32.82033, -121, -1
UnityEngine.DebugLogHandler:Internal_Log(LogType, LogOption, String, Object)
UnityEngine.DebugLogHandler:LogFormat(LogType, Object, String, Object[])
UnityEngine.Logger:Log(LogType, Object)
UnityEngine.Debug:Log(Object)
HighPrecisionStepperJuggler.ImageProcessingInstructionSender:Update()
 
(Filename: C:\build\output\unity\unity\Runtime/Export/Debug/Debug.bindings.h Line: 35)

Ball r, x, y :32.85201, -122, 1
UnityEngine.DebugLogHandler:Internal_Log(LogType, LogOption, String, Object)
UnityEngine.DebugLogHandler:LogFormat(LogType, Object, String, Object[])
UnityEngine.Logger:Log(LogType, Object)
UnityEngine.Debug:Log(Object)
HighPrecisionStepperJuggler.ImageProcessingInstructionSender:Update()
 
(Filename: C:\build\output\unity\unity\Runtime/Export/Debug/Debug.bindings.h Line: 35)

Ball r, x, y :32.83479, -122, 1
UnityEngine.DebugLogHandler:Internal_Log(LogType, LogOption, String, Object)
UnityEngine.DebugLogHandler:LogFormat(LogType, Object, String, Object[])
UnityEngine.Logger:Log(LogType, Object)
UnityEngine.Debug:Log(Object)
HighPrecisionStepperJuggler.ImageProcessingInstructionSender:Update()
 
(Filename: C:\build\output\unity\unity\Runtime/Export/Debug/Debug.bindings.h Line: 35)

Ball r, x, y :32.80051, 40, -2
UnityEngine.DebugLogHandler:Internal_Log(LogType, LogOption, String, Object)
UnityEngine.DebugLogHandler:LogFormat(LogType, Object, String, Object[])
UnityEngine.Logger:Log(LogType, Object)
UnityEngine.Debug:Log(Object)
HighPrecisionStepperJuggler.ImageProcessingInstructionSender:Update()
 
(Filename: C:\build\output\unity\unity\Runtime/Export/Debug/Debug.bindings.h Line: 35)

Ball r, x, y :32.82652, -281, 2
UnityEngine.DebugLogHandler:Internal_Log(LogType, LogOption, String, Object)
UnityEngine.DebugLogHandler:LogFormat(LogType, Object, String, Object[])
UnityEngine.Logger:Log(LogType, Object)
UnityEngine.Debug:Log(Object)
HighPrecisionStepperJuggler.ImageProcessingInstructionSender:Update()
 
(Filename: C:\build\output\unity\unity\Runtime/Export/Debug/Debug.bindings.h Line: 35)

Ball r, x, y :32.80049, -280, 0
UnityEngine.DebugLogHandler:Internal_Log(LogType, LogOption, String, Object)
UnityEngine.DebugLogHandler:LogFormat(LogType, Object, String, Object[])
UnityEngine.Logger:Log(LogType, Object)
UnityEngine.Debug:Log(Object)
HighPrecisionStepperJuggler.ImageProcessingInstructionSender:Update()
 
(Filename: C:\build\output\unity\unity\Runtime/Export/Debug/Debug.bindings.h Line: 35)

Ball r, x, y :32.82048, -120, -1
UnityEngine.DebugLogHandler:Internal_Log(LogType, LogOption, String, Object)
UnityEngine.DebugLogHandler:LogFormat(LogType, Object, String, Object[])
UnityEngine.Logger:Log(LogType, Object)
UnityEngine.Debug:Log(Object)
HighPrecisionStepperJuggler.ImageProcessingInstructionSender:Update()
 
(Filename: C:\build\output\unity\unity\Runtime/Export/Debug/Debug.bindings.h Line: 35)

Ball r, x, y :32.80066, -278, 0
UnityEngine.DebugLogHandler:Internal_Log(LogType, LogOption, String, Object)
UnityEngine.DebugLogHandler:LogFormat(LogType, Object, String, Object[])
UnityEngine.Logger:Log(LogType, Object)
UnityEngine.Debug:Log(Object)
HighPrecisionStepperJuggler.ImageProcessingInstructionSender:Update()
 
(Filename: C:\build\output\unity\unity\Runtime/Export/Debug/Debug.bindings.h Line: 35)

Ball r, x, y :32.95397, 202, 2
UnityEngine.DebugLogHandler:Internal_Log(LogType, LogOption, String, Object)
UnityEngine.DebugLogHandler:LogFormat(LogType, Object, String, Object[])
UnityEngine.Logger:Log(LogType, Object)
UnityEngine.Debug:Log(Object)
HighPrecisionStepperJuggler.ImageProcessingInstructionSender:Update()
 
(Filename: C:\build\output\unity\unity\Runtime/Export/Debug/Debug.bindings.h Line: 35)

Ball r, x, y :33.22619, -277, 2
UnityEngine.DebugLogHandler:Internal_Log(LogType, LogOption, String, Object)
UnityEngine.DebugLogHandler:LogFormat(LogType, Object, String, Object[])
UnityEngine.Logger:Log(LogType, Object)
UnityEngine.Debug:Log(Object)
HighPrecisionStepperJuggler.ImageProcessingInstructionSender:Update()
 
(Filename: C:\build\output\unity\unity\Runtime/Export/Debug/Debug.bindings.h Line: 35)

Ball r, x, y :32.8264, -275, 2
UnityEngine.DebugLogHandler:Internal_Log(LogType, LogOption, String, Object)
UnityEngine.DebugLogHandler:LogFormat(LogType, Object, String, Object[])
UnityEngine.Logger:Log(LogType, Object)
UnityEngine.Debug:Log(Object)
HighPrecisionStepperJuggler.ImageProcessingInstructionSender:Update()
 
(Filename: C:\build\output\unity\unity\Runtime/Export/Debug/Debug.bindings.h Line: 35)

Ball r, x, y :32.80277, -275, 0
UnityEngine.DebugLogHandler:Internal_Log(LogType, LogOption, String, Object)
UnityEngine.DebugLogHandler:LogFormat(LogType, Object, String, Object[])
UnityEngine.Logger:Log(LogType, Object)
UnityEngine.Debug:Log(Object)
HighPrecisionStepperJuggler.ImageProcessingInstructionSender:Update()
 
(Filename: C:\build\output\unity\unity\Runtime/Export/Debug/Debug.bindings.h Line: 35)

Ball r, x, y :31.06035, -108, -1
UnityEngine.DebugLogHandler:Internal_Log(LogType, LogOption, String, Object)
UnityEngine.DebugLogHandler:LogFormat(LogType, Object, String, Object[])
UnityEngine.Logger:Log(LogType, Object)
UnityEngine.Debug:Log(Object)
HighPrecisionStepperJuggler.ImageProcessingInstructionSender:Update()
 
(Filename: C:\build\output\unity\unity\Runtime/Export/Debug/Debug.bindings.h Line: 35)

Ball r, x, y :39.89208, -103, 0
UnityEngine.DebugLogHandler:Internal_Log(LogType, LogOption, String, Object)
UnityEngine.DebugLogHandler:LogFormat(LogType, Object, String, Object[])
UnityEngine.Logger:Log(LogType, Object)
UnityEngine.Debug:Log(Object)
HighPrecisionStepperJuggler.ImageProcessingInstructionSender:Update()
 
(Filename: C:\build\output\unity\unity\Runtime/Export/Debug/Debug.bindings.h Line: 35)

Ball r, x, y :38.4, 238, 0
UnityEngine.DebugLogHandler:Internal_Log(LogType, LogOption, String, Object)
UnityEngine.DebugLogHandler:LogFormat(LogType, Object, String, Object[])
UnityEngine.Logger:Log(LogType, Object)
UnityEngine.Debug:Log(Object)
HighPrecisionStepperJuggler.ImageProcessingInstructionSender:Update()
 
(Filename: C:\build\output\unity\unity\Runtime/Export/Debug/Debug.bindings.h Line: 35)

Ball r, x, y :47.28233, -65, 0
UnityEngine.DebugLogHandler:Internal_Log(LogType, LogOption, String, Object)
UnityEngine.DebugLogHandler:LogFormat(LogType, Object, String, Object[])
UnityEngine.Logger:Log(LogType, Object)
UnityEngine.Debug:Log(Object)
HighPrecisionStepperJuggler.ImageProcessingInstructionSender:Update()
 
(Filename: C:\build\output\unity\unity\Runtime/Export/Debug/Debug.bindings.h Line: 35)

Ball r, x, y :46.36, 263, 0
UnityEngine.DebugLogHandler:Internal_Log(LogType, LogOption, String, Object)
UnityEngine.DebugLogHandler:LogFormat(LogType, Object, String, Object[])
UnityEngine.Logger:Log(LogType, Object)
UnityEngine.Debug:Log(Object)
HighPrecisionStepperJuggler.ImageProcessingInstructionSender:Update()
 
(Filename: C:\build\output\unity\unity\Runtime/Export/Debug/Debug.bindings.h Line: 35)

Ball r, x, y :45.9, -53, -1
UnityEngine.DebugLogHandler:Internal_Log(LogType, LogOption, String, Object)
UnityEngine.DebugLogHandler:LogFormat(LogType, Object, String, Object[])
UnityEngine.Logger:Log(LogType, Object)
UnityEngine.Debug:Log(Object)
HighPrecisionStepperJuggler.ImageProcessingInstructionSender:Update()
 
(Filename: C:\build\output\unity\unity\Runtime/Export/Debug/Debug.bindings.h Line: 35)

Ball r, x, y :48.1, -55, -1
UnityEngine.DebugLogHandler:Internal_Log(LogType, LogOption, String, Object)
UnityEngine.DebugLogHandler:LogFormat(LogType, Object, String, Object[])
UnityEngine.Logger:Log(LogType, Object)
UnityEngine.Debug:Log(Object)
HighPrecisionStepperJuggler.ImageProcessingInstructionSender:Update()
 
(Filename: C:\build\output\unity\unity\Runtime/Export/Debug/Debug.bindings.h Line: 35)

Ball r, x, y :48.1, 255, 0
UnityEngine.DebugLogHandler:Internal_Log(LogType, LogOption, String, Object)
UnityEngine.DebugLogHandler:LogFormat(LogType, Object, String, Object[])
UnityEngine.Logger:Log(LogType, Object)
UnityEngine.Debug:Log(Object)
HighPrecisionStepperJuggler.ImageProcessingInstructionSender:Update()
 
(Filename: C:\build\output\unity\unity\Runtime/Export/Debug/Debug.bindings.h Line: 35)

Ball r, x, y :45.90036, 238, 0
UnityEngine.DebugLogHandler:Internal_Log(LogType, LogOption, String, Object)
UnityEngine.DebugLogHandler:LogFormat(LogType, Object, String, Object[])
UnityEngine.Logger:Log(LogType, Object)
UnityEngine.Debug:Log(Object)
HighPrecisionStepperJuggler.ImageProcessingInstructionSender:Update()
 
(Filename: C:\build\output\unity\unity\Runtime/Export/Debug/Debug.bindings.h Line: 35)

Ball r, x, y :43.44208, 227, 1
UnityEngine.DebugLogHandler:Internal_Log(LogType, LogOption, String, Object)
UnityEngine.DebugLogHandler:LogFormat(LogType, Object, String, Object[])
UnityEngine.Logger:Log(LogType, Object)
UnityEngine.Debug:Log(Object)
HighPrecisionStepperJuggler.ImageProcessingInstructionSender:Update()
 
(Filename: C:\build\output\unity\unity\Runtime/Export/Debug/Debug.bindings.h Line: 35)

Ball r, x, y :41.56, 217, 0
UnityEngine.DebugLogHandler:Internal_Log(LogType, LogOption, String, Object)
UnityEngine.DebugLogHandler:LogFormat(LogType, Object, String, Object[])
UnityEngine.Logger:Log(LogType, Object)
UnityEngine.Debug:Log(Object)
HighPrecisionStepperJuggler.ImageProcessingInstructionSender:Update()
 
(Filename: C:\build\output\unity\unity\Runtime/Export/Debug/Debug.bindings.h Line: 35)

Ball r, x, y :40.18, 212, 0
UnityEngine.DebugLogHandler:Internal_Log(LogType, LogOption, String, Object)
UnityEngine.DebugLogHandler:LogFormat(LogType, Object, String, Object[])
UnityEngine.Logger:Log(LogType, Object)
UnityEngine.Debug:Log(Object)
HighPrecisionStepperJuggler.ImageProcessingInstructionSender:Update()
 
(Filename: C:\build\output\unity\unity\Runtime/Export/Debug/Debug.bindings.h Line: 35)

Ball r, x, y :40.18, 210, 0
UnityEngine.DebugLogHandler:Internal_Log(LogType, LogOption, String, Object)
UnityEngine.DebugLogHandler:LogFormat(LogType, Object, String, Object[])
UnityEngine.Logger:Log(LogType, Object)
UnityEngine.Debug:Log(Object)
HighPrecisionStepperJuggler.ImageProcessingInstructionSender:Update()
 
(Filename: C:\build\output\unity\unity\Runtime/Export/Debug/Debug.bindings.h Line: 35)

Ball r, x, y :39.82, 208, 0
UnityEngine.DebugLogHandler:Internal_Log(LogType, LogOption, String, Object)
UnityEngine.DebugLogHandler:LogFormat(LogType, Object, String, Object[])
UnityEngine.Logger:Log(LogType, Object)
UnityEngine.Debug:Log(Object)
HighPrecisionStepperJuggler.ImageProcessingInstructionSender:Update()
 
(Filename: C:\build\output\unity\unity\Runtime/Export/Debug/Debug.bindings.h Line: 35)

Ball r, x, y :39.82, 206, 0
UnityEngine.DebugLogHandler:Internal_Log(LogType, LogOption, String, Object)
UnityEngine.DebugLogHandler:LogFormat(LogType, Object, String, Object[])
UnityEngine.Logger:Log(LogType, Object)
UnityEngine.Debug:Log(Object)
HighPrecisionStepperJuggler.ImageProcessingInstructionSender:Update()
 
(Filename: C:\build\output\unity\unity\Runtime/Export/Debug/Debug.bindings.h Line: 35)

Ball r, x, y :39.36, 204, 0
UnityEngine.DebugLogHandler:Internal_Log(LogType, LogOption, String, Object)
UnityEngine.DebugLogHandler:LogFormat(LogType, Object, String, Object[])
UnityEngine.Logger:Log(LogType, Object)
UnityEngine.Debug:Log(Object)
HighPrecisionStepperJuggler.ImageProcessingInstructionSender:Update()
 
(Filename: C:\build\output\unity\unity\Runtime/Export/Debug/Debug.bindings.h Line: 35)

Ball r, x, y :38.9, 201, 0
UnityEngine.DebugLogHandler:Internal_Log(LogType, LogOption, String, Object)
UnityEngine.DebugLogHandler:LogFormat(LogType, Object, String, Object[])
UnityEngine.Logger:Log(LogType, Object)
UnityEngine.Debug:Log(Object)
HighPrecisionStepperJuggler.ImageProcessingInstructionSender:Update()
 
(Filename: C:\build\output\unity\unity\Runtime/Export/Debug/Debug.bindings.h Line: 35)

Ball r, x, y :38.9, 199, 0
UnityEngine.DebugLogHandler:Internal_Log(LogType, LogOption, String, Object)
UnityEngine.DebugLogHandler:LogFormat(LogType, Object, String, Object[])
UnityEngine.Logger:Log(LogType, Object)
UnityEngine.Debug:Log(Object)
HighPrecisionStepperJuggler.ImageProcessingInstructionSender:Update()
 
(Filename: C:\build\output\unity\unity\Runtime/Export/Debug/Debug.bindings.h Line: 35)

Ball r, x, y :38.9, 199, 0
UnityEngine.DebugLogHandler:Internal_Log(LogType, LogOption, String, Object)
UnityEngine.DebugLogHandler:LogFormat(LogType, Object, String, Object[])
UnityEngine.Logger:Log(LogType, Object)
UnityEngine.Debug:Log(Object)
HighPrecisionStepperJuggler.ImageProcessingInstructionSender:Update()
 
(Filename: C:\build\output\unity\unity\Runtime/Export/Debug/Debug.bindings.h Line: 35)

Ball r, x, y :38.9, 199, 0
UnityEngine.DebugLogHandler:Internal_Log(LogType, LogOption, String, Object)
UnityEngine.DebugLogHandler:LogFormat(LogType, Object, String, Object[])
UnityEngine.Logger:Log(LogType, Object)
UnityEngine.Debug:Log(Object)
HighPrecisionStepperJuggler.ImageProcessingInstructionSender:Update()
 
(Filename: C:\build\output\unity\unity\Runtime/Export/Debug/Debug.bindings.h Line: 35)

Ball r, x, y :38.4, 200, 0
UnityEngine.DebugLogHandler:Internal_Log(LogType, LogOption, String, Object)
UnityEngine.DebugLogHandler:LogFormat(LogType, Object, String, Object[])
UnityEngine.Logger:Log(LogType, Object)
UnityEngine.Debug:Log(Object)
HighPrecisionStepperJuggler.ImageProcessingInstructionSender:Update()
 
(Filename: C:\build\output\unity\unity\Runtime/Export/Debug/Debug.bindings.h Line: 35)

Ball r, x, y :38.4, 200, 0
UnityEngine.DebugLogHandler:Internal_Log(LogType, LogOption, String, Object)
UnityEngine.DebugLogHandler:LogFormat(LogType, Object, String, Object[])
UnityEngine.Logger:Log(LogType, Object)
UnityEngine.Debug:Log(Object)
HighPrecisionStepperJuggler.ImageProcessingInstructionSender:Update()
 
(Filename: C:\build\output\unity\unity\Runtime/Export/Debug/Debug.bindings.h Line: 35)

Ball r, x, y :38.9, 199, 0
UnityEngine.DebugLogHandler:Internal_Log(LogType, LogOption, String, Object)
UnityEngine.DebugLogHandler:LogFormat(LogType, Object, String, Object[])
UnityEngine.Logger:Log(LogType, Object)
UnityEngine.Debug:Log(Object)
HighPrecisionStepperJuggler.ImageProcessingInstructionSender:Update()
 
(Filename: C:\build\output\unity\unity\Runtime/Export/Debug/Debug.bindings.h Line: 35)

Ball r, x, y :38.9, 199, 0
UnityEngine.DebugLogHandler:Internal_Log(LogType, LogOption, String, Object)
UnityEngine.DebugLogHandler:LogFormat(LogType, Object, String, Object[])
UnityEngine.Logger:Log(LogType, Object)
UnityEngine.Debug:Log(Object)
HighPrecisionStepperJuggler.ImageProcessingInstructionSender:Update()
 
(Filename: C:\build\output\unity\unity\Runtime/Export/Debug/Debug.bindings.h Line: 35)

Ball r, x, y :38.4, 200, 0
UnityEngine.DebugLogHandler:Internal_Log(LogType, LogOption, String, Object)
UnityEngine.DebugLogHandler:LogFormat(LogType, Object, String, Object[])
UnityEngine.Logger:Log(LogType, Object)
UnityEngine.Debug:Log(Object)
HighPrecisionStepperJuggler.ImageProcessingInstructionSender:Update()
 
(Filename: C:\build\output\unity\unity\Runtime/Export/Debug/Debug.bindings.h Line: 35)

Ball r, x, y :38.9, 200, 0
UnityEngine.DebugLogHandler:Internal_Log(LogType, LogOption, String, Object)
UnityEngine.DebugLogHandler:LogFormat(LogType, Object, String, Object[])
UnityEngine.Logger:Log(LogType, Object)
UnityEngine.Debug:Log(Object)
HighPrecisionStepperJuggler.ImageProcessingInstructionSender:Update()
 
(Filename: C:\build\output\unity\unity\Runtime/Export/Debug/Debug.bindings.h Line: 35)

Ball r, x, y :38.9, 201, 0
UnityEngine.DebugLogHandler:Internal_Log(LogType, LogOption, String, Object)
UnityEngine.DebugLogHandler:LogFormat(LogType, Object, String, Object[])
UnityEngine.Logger:Log(LogType, Object)
UnityEngine.Debug:Log(Object)
HighPrecisionStepperJuggler.ImageProcessingInstructionSender:Update()
 
(Filename: C:\build\output\unity\unity\Runtime/Export/Debug/Debug.bindings.h Line: 35)

Ball r, x, y :39.36, 202, 0
UnityEngine.DebugLogHandler:Internal_Log(LogType, LogOption, String, Object)
UnityEngine.DebugLogHandler:LogFormat(LogType, Object, String, Object[])
UnityEngine.Logger:Log(LogType, Object)
UnityEngine.Debug:Log(Object)
HighPrecisionStepperJuggler.ImageProcessingInstructionSender:Update()
 
(Filename: C:\build\output\unity\unity\Runtime/Export/Debug/Debug.bindings.h Line: 35)

Ball r, x, y :38.9, 201, 0
UnityEngine.DebugLogHandler:Internal_Log(LogType, LogOption, String, Object)
UnityEngine.DebugLogHandler:LogFormat(LogType, Object, String, Object[])
UnityEngine.Logger:Log(LogType, Object)
UnityEngine.Debug:Log(Object)
HighPrecisionStepperJuggler.ImageProcessingInstructionSender:Update()
 
(Filename: C:\build\output\unity\unity\Runtime/Export/Debug/Debug.bindings.h Line: 35)

Ball r, x, y :39.36, 202, 0
UnityEngine.DebugLogHandler:Internal_Log(LogType, LogOption, String, Object)
UnityEngine.DebugLogHandler:LogFormat(LogType, Object, String, Object[])
UnityEngine.Logger:Log(LogType, Object)
UnityEngine.Debug:Log(Object)
HighPrecisionStepperJuggler.ImageProcessingInstructionSender:Update()
 
(Filename: C:\build\output\unity\unity\Runtime/Export/Debug/Debug.bindings.h Line: 35)

Ball r, x, y :39.36, 203, 0
UnityEngine.DebugLogHandler:Internal_Log(LogType, LogOption, String, Object)
UnityEngine.DebugLogHandler:LogFormat(LogType, Object, String, Object[])
UnityEngine.Logger:Log(LogType, Object)
UnityEngine.Debug:Log(Object)
HighPrecisionStepperJuggler.ImageProcessingInstructionSender:Update()
 
(Filename: C:\build\output\unity\unity\Runtime/Export/Debug/Debug.bindings.h Line: 35)

Ball r, x, y :38.9, 202, 0
UnityEngine.DebugLogHandler:Internal_Log(LogType, LogOption, String, Object)
UnityEngine.DebugLogHandler:LogFormat(LogType, Object, String, Object[])
UnityEngine.Logger:Log(LogType, Object)
UnityEngine.Debug:Log(Object)
HighPrecisionStepperJuggler.ImageProcessingInstructionSender:Update()
 
(Filename: C:\build\output\unity\unity\Runtime/Export/Debug/Debug.bindings.h Line: 35)

Ball r, x, y :39.36, 201, 0
UnityEngine.DebugLogHandler:Internal_Log(LogType, LogOption, String, Object)
UnityEngine.DebugLogHandler:LogFormat(LogType, Object, String, Object[])
UnityEngine.Logger:Log(LogType, Object)
UnityEngine.Debug:Log(Object)
HighPrecisionStepperJuggler.ImageProcessingInstructionSender:Update()
 
(Filename: C:\build\output\unity\unity\Runtime/Export/Debug/Debug.bindings.h Line: 35)

Ball r, x, y :39.82, 200, 0
UnityEngine.DebugLogHandler:Internal_Log(LogType, LogOption, String, Object)
UnityEngine.DebugLogHandler:LogFormat(LogType, Object, String, Object[])
UnityEngine.Logger:Log(LogType, Object)
UnityEngine.Debug:Log(Object)
HighPrecisionStepperJuggler.ImageProcessingInstructionSender:Update()
 
(Filename: C:\build\output\unity\unity\Runtime/Export/Debug/Debug.bindings.h Line: 35)

Ball r, x, y :39.36, 201, 0
UnityEngine.DebugLogHandler:Internal_Log(LogType, LogOption, String, Object)
UnityEngine.DebugLogHandler:LogFormat(LogType, Object, String, Object[])
UnityEngine.Logger:Log(LogType, Object)
UnityEngine.Debug:Log(Object)
HighPrecisionStepperJuggler.ImageProcessingInstructionSender:Update()
 
(Filename: C:\build\output\unity\unity\Runtime/Export/Debug/Debug.bindings.h Line: 35)

Ball r, x, y :38.9, 205, 0
UnityEngine.DebugLogHandler:Internal_Log(LogType, LogOption, String, Object)
UnityEngine.DebugLogHandler:LogFormat(LogType, Object, String, Object[])
UnityEngine.Logger:Log(LogType, Object)
UnityEngine.Debug:Log(Object)
HighPrecisionStepperJuggler.ImageProcessingInstructionSender:Update()
 
(Filename: C:\build\output\unity\unity\Runtime/Export/Debug/Debug.bindings.h Line: 35)

Ball r, x, y :38.4, 208, 0
UnityEngine.DebugLogHandler:Internal_Log(LogType, LogOption, String, Object)
UnityEngine.DebugLogHandler:LogFormat(LogType, Object, String, Object[])
UnityEngine.Logger:Log(LogType, Object)
UnityEngine.Debug:Log(Object)
HighPrecisionStepperJuggler.ImageProcessingInstructionSender:Update()
 
(Filename: C:\build\output\unity\unity\Runtime/Export/Debug/Debug.bindings.h Line: 35)

Ball r, x, y :38.9, 209, 0
UnityEngine.DebugLogHandler:Internal_Log(LogType, LogOption, String, Object)
UnityEngine.DebugLogHandler:LogFormat(LogType, Object, String, Object[])
UnityEngine.Logger:Log(LogType, Object)
UnityEngine.Debug:Log(Object)
HighPrecisionStepperJuggler.ImageProcessingInstructionSender:Update()
 
(Filename: C:\build\output\unity\unity\Runtime/Export/Debug/Debug.bindings.h Line: 35)

Ball r, x, y :40.18, 211, 0
UnityEngine.DebugLogHandler:Internal_Log(LogType, LogOption, String, Object)
UnityEngine.DebugLogHandler:LogFormat(LogType, Object, String, Object[])
UnityEngine.Logger:Log(LogType, Object)
UnityEngine.Debug:Log(Object)
HighPrecisionStepperJuggler.ImageProcessingInstructionSender:Update()
 
(Filename: C:\build\output\unity\unity\Runtime/Export/Debug/Debug.bindings.h Line: 35)

Ball r, x, y :41.1, 212, 0
UnityEngine.DebugLogHandler:Internal_Log(LogType, LogOption, String, Object)
UnityEngine.DebugLogHandler:LogFormat(LogType, Object, String, Object[])
UnityEngine.Logger:Log(LogType, Object)
UnityEngine.Debug:Log(Object)
HighPrecisionStepperJuggler.ImageProcessingInstructionSender:Update()
 
(Filename: C:\build\output\unity\unity\Runtime/Export/Debug/Debug.bindings.h Line: 35)

Ball r, x, y :40.68, 213, 0
UnityEngine.DebugLogHandler:Internal_Log(LogType, LogOption, String, Object)
UnityEngine.DebugLogHandler:LogFormat(LogType, Object, String, Object[])
UnityEngine.Logger:Log(LogType, Object)
UnityEngine.Debug:Log(Object)
HighPrecisionStepperJuggler.ImageProcessingInstructionSender:Update()
 
(Filename: C:\build\output\unity\unity\Runtime/Export/Debug/Debug.bindings.h Line: 35)

Ball r, x, y :39.36, 215, 0
UnityEngine.DebugLogHandler:Internal_Log(LogType, LogOption, String, Object)
UnityEngine.DebugLogHandler:LogFormat(LogType, Object, String, Object[])
UnityEngine.Logger:Log(LogType, Object)
UnityEngine.Debug:Log(Object)
HighPrecisionStepperJuggler.ImageProcessingInstructionSender:Update()
 
(Filename: C:\build\output\unity\unity\Runtime/Export/Debug/Debug.bindings.h Line: 35)

Ball r, x, y :38.12, 216, 30
UnityEngine.DebugLogHandler:Internal_Log(LogType, LogOption, String, Object)
UnityEngine.DebugLogHandler:LogFormat(LogType, Object, String, Object[])
UnityEngine.Logger:Log(LogType, Object)
UnityEngine.Debug:Log(Object)
HighPrecisionStepperJuggler.ImageProcessingInstructionSender:Update()
 
(Filename: C:\build\output\unity\unity\Runtime/Export/Debug/Debug.bindings.h Line: 35)

Ball r, x, y :40.68, -260, 30
UnityEngine.DebugLogHandler:Internal_Log(LogType, LogOption, String, Object)
UnityEngine.DebugLogHandler:LogFormat(LogType, Object, String, Object[])
UnityEngine.Logger:Log(LogType, Object)
UnityEngine.Debug:Log(Object)
HighPrecisionStepperJuggler.ImageProcessingInstructionSender:Update()
 
(Filename: C:\build\output\unity\unity\Runtime/Export/Debug/Debug.bindings.h Line: 35)

Ball r, x, y :42.96, 224, 30
UnityEngine.DebugLogHandler:Internal_Log(LogType, LogOption, String, Object)
UnityEngine.DebugLogHandler:LogFormat(LogType, Object, String, Object[])
UnityEngine.Logger:Log(LogType, Object)
UnityEngine.Debug:Log(Object)
HighPrecisionStepperJuggler.ImageProcessingInstructionSender:Update()
 
(Filename: C:\build\output\unity\unity\Runtime/Export/Debug/Debug.bindings.h Line: 35)

Ball r, x, y :30.16, -251, 60
UnityEngine.DebugLogHandler:Internal_Log(LogType, LogOption, String, Object)
UnityEngine.DebugLogHandler:LogFormat(LogType, Object, String, Object[])
UnityEngine.Logger:Log(LogType, Object)
UnityEngine.Debug:Log(Object)
HighPrecisionStepperJuggler.ImageProcessingInstructionSender:Update()
 
(Filename: C:\build\output\unity\unity\Runtime/Export/Debug/Debug.bindings.h Line: 35)

Ball r, x, y :34.06, -247, 60
UnityEngine.DebugLogHandler:Internal_Log(LogType, LogOption, String, Object)
UnityEngine.DebugLogHandler:LogFormat(LogType, Object, String, Object[])
UnityEngine.Logger:Log(LogType, Object)
UnityEngine.Debug:Log(Object)
HighPrecisionStepperJuggler.ImageProcessingInstructionSender:Update()
 
(Filename: C:\build\output\unity\unity\Runtime/Export/Debug/Debug.bindings.h Line: 35)

Ball r, x, y :32.8, 236, 60
UnityEngine.DebugLogHandler:Internal_Log(LogType, LogOption, String, Object)
UnityEngine.DebugLogHandler:LogFormat(LogType, Object, String, Object[])
UnityEngine.Logger:Log(LogType, Object)
UnityEngine.Debug:Log(Object)
HighPrecisionStepperJuggler.ImageProcessingInstructionSender:Update()
 
(Filename: C:\build\output\unity\unity\Runtime/Export/Debug/Debug.bindings.h Line: 35)

Ball r, x, y :45.5, 243, 30
UnityEngine.DebugLogHandler:Internal_Log(LogType, LogOption, String, Object)
UnityEngine.DebugLogHandler:LogFormat(LogType, Object, String, Object[])
UnityEngine.Logger:Log(LogType, Object)
UnityEngine.Debug:Log(Object)
HighPrecisionStepperJuggler.ImageProcessingInstructionSender:Update()
 
(Filename: C:\build\output\unity\unity\Runtime/Export/Debug/Debug.bindings.h Line: 35)

Ball r, x, y :47.28, 255, 30
UnityEngine.DebugLogHandler:Internal_Log(LogType, LogOption, String, Object)
UnityEngine.DebugLogHandler:LogFormat(LogType, Object, String, Object[])
UnityEngine.Logger:Log(LogType, Object)
UnityEngine.Debug:Log(Object)
HighPrecisionStepperJuggler.ImageProcessingInstructionSender:Update()
 
(Filename: C:\build\output\unity\unity\Runtime/Export/Debug/Debug.bindings.h Line: 35)

Ball r, x, y :48.56, 264, 30
UnityEngine.DebugLogHandler:Internal_Log(LogType, LogOption, String, Object)
UnityEngine.DebugLogHandler:LogFormat(LogType, Object, String, Object[])
UnityEngine.Logger:Log(LogType, Object)
UnityEngine.Debug:Log(Object)
HighPrecisionStepperJuggler.ImageProcessingInstructionSender:Update()
 
(Filename: C:\build\output\unity\unity\Runtime/Export/Debug/Debug.bindings.h Line: 35)

Ball r, x, y :47.28, -214, 30
UnityEngine.DebugLogHandler:Internal_Log(LogType, LogOption, String, Object)
UnityEngine.DebugLogHandler:LogFormat(LogType, Object, String, Object[])
UnityEngine.Logger:Log(LogType, Object)
UnityEngine.Debug:Log(Object)
HighPrecisionStepperJuggler.ImageProcessingInstructionSender:Update()
 
(Filename: C:\build\output\unity\unity\Runtime/Export/Debug/Debug.bindings.h Line: 35)

Ball r, x, y :45, 268, 30
UnityEngine.DebugLogHandler:Internal_Log(LogType, LogOption, String, Object)
UnityEngine.DebugLogHandler:LogFormat(LogType, Object, String, Object[])
UnityEngine.Logger:Log(LogType, Object)
UnityEngine.Debug:Log(Object)
HighPrecisionStepperJuggler.ImageProcessingInstructionSender:Update()
 
(Filename: C:\build\output\unity\unity\Runtime/Export/Debug/Debug.bindings.h Line: 35)

Ball r, x, y :42.96, -209, 30
UnityEngine.DebugLogHandler:Internal_Log(LogType, LogOption, String, Object)
UnityEngine.DebugLogHandler:LogFormat(LogType, Object, String, Object[])
UnityEngine.Logger:Log(LogType, Object)
UnityEngine.Debug:Log(Object)
HighPrecisionStepperJuggler.ImageProcessingInstructionSender:Update()
 
(Filename: C:\build\output\unity\unity\Runtime/Export/Debug/Debug.bindings.h Line: 35)

Ball r, x, y :39.82, 274, 30
UnityEngine.DebugLogHandler:Internal_Log(LogType, LogOption, String, Object)
UnityEngine.DebugLogHandler:LogFormat(LogType, Object, String, Object[])
UnityEngine.Logger:Log(LogType, Object)
UnityEngine.Debug:Log(Object)
HighPrecisionStepperJuggler.ImageProcessingInstructionSender:Update()
 
(Filename: C:\build\output\unity\unity\Runtime/Export/Debug/Debug.bindings.h Line: 35)

Ball r, x, y :37.62, 277, 30
UnityEngine.DebugLogHandler:Internal_Log(LogType, LogOption, String, Object)
UnityEngine.DebugLogHandler:LogFormat(LogType, Object, String, Object[])
UnityEngine.Logger:Log(LogType, Object)
UnityEngine.Debug:Log(Object)
HighPrecisionStepperJuggler.ImageProcessingInstructionSender:Update()
 
(Filename: C:\build\output\unity\unity\Runtime/Export/Debug/Debug.bindings.h Line: 35)

Ball r, x, y :34.56, 280, 30
UnityEngine.DebugLogHandler:Internal_Log(LogType, LogOption, String, Object)
UnityEngine.DebugLogHandler:LogFormat(LogType, Object, String, Object[])
UnityEngine.Logger:Log(LogType, Object)
UnityEngine.Debug:Log(Object)
HighPrecisionStepperJuggler.ImageProcessingInstructionSender:Update()
 
(Filename: C:\build\output\unity\unity\Runtime/Export/Debug/Debug.bindings.h Line: 35)

Ball r, x, y :32.8, -198, 30
UnityEngine.DebugLogHandler:Internal_Log(LogType, LogOption, String, Object)
UnityEngine.DebugLogHandler:LogFormat(LogType, Object, String, Object[])
UnityEngine.Logger:Log(LogType, Object)
UnityEngine.Debug:Log(Object)
HighPrecisionStepperJuggler.ImageProcessingInstructionSender:Update()
 
(Filename: C:\build\output\unity\unity\Runtime/Export/Debug/Debug.bindings.h Line: 35)

Ball r, x, y :32.8, -198, 30
UnityEngine.DebugLogHandler:Internal_Log(LogType, LogOption, String, Object)
UnityEngine.DebugLogHandler:LogFormat(LogType, Object, String, Object[])
UnityEngine.Logger:Log(LogType, Object)
UnityEngine.Debug:Log(Object)
HighPrecisionStepperJuggler.ImageProcessingInstructionSender:Update()
 
(Filename: C:\build\output\unity\unity\Runtime/Export/Debug/Debug.bindings.h Line: 35)

Ball r, x, y :33.56, -199, 30
UnityEngine.DebugLogHandler:Internal_Log(LogType, LogOption, String, Object)
UnityEngine.DebugLogHandler:LogFormat(LogType, Object, String, Object[])
UnityEngine.Logger:Log(LogType, Object)
UnityEngine.Debug:Log(Object)
HighPrecisionStepperJuggler.ImageProcessingInstructionSender:Update()
 
(Filename: C:\build\output\unity\unity\Runtime/Export/Debug/Debug.bindings.h Line: 35)

Ball r, x, y :32.8, -198, 30
UnityEngine.DebugLogHandler:Internal_Log(LogType, LogOption, String, Object)
UnityEngine.DebugLogHandler:LogFormat(LogType, Object, String, Object[])
UnityEngine.Logger:Log(LogType, Object)
UnityEngine.Debug:Log(Object)
HighPrecisionStepperJuggler.ImageProcessingInstructionSender:Update()
 
(Filename: C:\build\output\unity\unity\Runtime/Export/Debug/Debug.bindings.h Line: 35)

Ball r, x, y :38.4, 276, 0
UnityEngine.DebugLogHandler:Internal_Log(LogType, LogOption, String, Object)
UnityEngine.DebugLogHandler:LogFormat(LogType, Object, String, Object[])
UnityEngine.Logger:Log(LogType, Object)
UnityEngine.Debug:Log(Object)
HighPrecisionStepperJuggler.ImageProcessingInstructionSender:Update()
 
(Filename: C:\build\output\unity\unity\Runtime/Export/Debug/Debug.bindings.h Line: 35)

Ball r, x, y :38.4, -204, 0
UnityEngine.DebugLogHandler:Internal_Log(LogType, LogOption, String, Object)
UnityEngine.DebugLogHandler:LogFormat(LogType, Object, String, Object[])
UnityEngine.Logger:Log(LogType, Object)
UnityEngine.Debug:Log(Object)
HighPrecisionStepperJuggler.ImageProcessingInstructionSender:Update()
 
(Filename: C:\build\output\unity\unity\Runtime/Export/Debug/Debug.bindings.h Line: 35)

Ball r, x, y :37.62, 277, 0
UnityEngine.DebugLogHandler:Internal_Log(LogType, LogOption, String, Object)
UnityEngine.DebugLogHandler:LogFormat(LogType, Object, String, Object[])
UnityEngine.Logger:Log(LogType, Object)
UnityEngine.Debug:Log(Object)
HighPrecisionStepperJuggler.ImageProcessingInstructionSender:Update()
 
(Filename: C:\build\output\unity\unity\Runtime/Export/Debug/Debug.bindings.h Line: 35)

Ball r, x, y :41.96, -208, -30
UnityEngine.DebugLogHandler:Internal_Log(LogType, LogOption, String, Object)
UnityEngine.DebugLogHandler:LogFormat(LogType, Object, String, Object[])
UnityEngine.Logger:Log(LogType, Object)
UnityEngine.Debug:Log(Object)
HighPrecisionStepperJuggler.ImageProcessingInstructionSender:Update()
 
(Filename: C:\build\output\unity\unity\Runtime/Export/Debug/Debug.bindings.h Line: 35)

Ball r, x, y :41.1, 273, -30
UnityEngine.DebugLogHandler:Internal_Log(LogType, LogOption, String, Object)
UnityEngine.DebugLogHandler:LogFormat(LogType, Object, String, Object[])
UnityEngine.Logger:Log(LogType, Object)
UnityEngine.Debug:Log(Object)
HighPrecisionStepperJuggler.ImageProcessingInstructionSender:Update()
 
(Filename: C:\build\output\unity\unity\Runtime/Export/Debug/Debug.bindings.h Line: 35)

Ball r, x, y :42.46, -209, -60
UnityEngine.DebugLogHandler:Internal_Log(LogType, LogOption, String, Object)
UnityEngine.DebugLogHandler:LogFormat(LogType, Object, String, Object[])
UnityEngine.Logger:Log(LogType, Object)
UnityEngine.Debug:Log(Object)
HighPrecisionStepperJuggler.ImageProcessingInstructionSender:Update()
 
(Filename: C:\build\output\unity\unity\Runtime/Export/Debug/Debug.bindings.h Line: 35)

Ball r, x, y :41.12, -47, -61
UnityEngine.DebugLogHandler:Internal_Log(LogType, LogOption, String, Object)
UnityEngine.DebugLogHandler:LogFormat(LogType, Object, String, Object[])
UnityEngine.Logger:Log(LogType, Object)
UnityEngine.Debug:Log(Object)
HighPrecisionStepperJuggler.ImageProcessingInstructionSender:Update()
 
(Filename: C:\build\output\unity\unity\Runtime/Export/Debug/Debug.bindings.h Line: 35)

Ball r, x, y :39.36, -205, -60
UnityEngine.DebugLogHandler:Internal_Log(LogType, LogOption, String, Object)
UnityEngine.DebugLogHandler:LogFormat(LogType, Object, String, Object[])
UnityEngine.Logger:Log(LogType, Object)
UnityEngine.Debug:Log(Object)
HighPrecisionStepperJuggler.ImageProcessingInstructionSender:Update()
 
(Filename: C:\build\output\unity\unity\Runtime/Export/Debug/Debug.bindings.h Line: 35)

Ball r, x, y :37.62, 277, -60
UnityEngine.DebugLogHandler:Internal_Log(LogType, LogOption, String, Object)
UnityEngine.DebugLogHandler:LogFormat(LogType, Object, String, Object[])
UnityEngine.Logger:Log(LogType, Object)
UnityEngine.Debug:Log(Object)
HighPrecisionStepperJuggler.ImageProcessingInstructionSender:Update()
 
(Filename: C:\build\output\unity\unity\Runtime/Export/Debug/Debug.bindings.h Line: 35)

Ball r, x, y :39.38, -45, -61
UnityEngine.DebugLogHandler:Internal_Log(LogType, LogOption, String, Object)
UnityEngine.DebugLogHandler:LogFormat(LogType, Object, String, Object[])
UnityEngine.Logger:Log(LogType, Object)
UnityEngine.Debug:Log(Object)
HighPrecisionStepperJuggler.ImageProcessingInstructionSender:Update()
 
(Filename: C:\build\output\unity\unity\Runtime/Export/Debug/Debug.bindings.h Line: 35)

Ball r, x, y :42.02, -48, -61
UnityEngine.DebugLogHandler:Internal_Log(LogType, LogOption, String, Object)
UnityEngine.DebugLogHandler:LogFormat(LogType, Object, String, Object[])
UnityEngine.Logger:Log(LogType, Object)
UnityEngine.Debug:Log(Object)
HighPrecisionStepperJuggler.ImageProcessingInstructionSender:Update()
 
(Filename: C:\build\output\unity\unity\Runtime/Export/Debug/Debug.bindings.h Line: 35)

Ball r, x, y :46.36, 267, -60
UnityEngine.DebugLogHandler:Internal_Log(LogType, LogOption, String, Object)
UnityEngine.DebugLogHandler:LogFormat(LogType, Object, String, Object[])
UnityEngine.Logger:Log(LogType, Object)
UnityEngine.Debug:Log(Object)
HighPrecisionStepperJuggler.ImageProcessingInstructionSender:Update()
 
(Filename: C:\build\output\unity\unity\Runtime/Export/Debug/Debug.bindings.h Line: 35)

Ball r, x, y :49.34, 263, -60
UnityEngine.DebugLogHandler:Internal_Log(LogType, LogOption, String, Object)
UnityEngine.DebugLogHandler:LogFormat(LogType, Object, String, Object[])
UnityEngine.Logger:Log(LogType, Object)
UnityEngine.Debug:Log(Object)
HighPrecisionStepperJuggler.ImageProcessingInstructionSender:Update()
 
(Filename: C:\build\output\unity\unity\Runtime/Export/Debug/Debug.bindings.h Line: 35)

Ball r, x, y :44, -227, -30
UnityEngine.DebugLogHandler:Internal_Log(LogType, LogOption, String, Object)
UnityEngine.DebugLogHandler:LogFormat(LogType, Object, String, Object[])
UnityEngine.Logger:Log(LogType, Object)
UnityEngine.Debug:Log(Object)
HighPrecisionStepperJuggler.ImageProcessingInstructionSender:Update()
 
(Filename: C:\build\output\unity\unity\Runtime/Export/Debug/Debug.bindings.h Line: 35)

Ball r, x, y :46.36, -213, -60
UnityEngine.DebugLogHandler:Internal_Log(LogType, LogOption, String, Object)
UnityEngine.DebugLogHandler:LogFormat(LogType, Object, String, Object[])
UnityEngine.Logger:Log(LogType, Object)
UnityEngine.Debug:Log(Object)
HighPrecisionStepperJuggler.ImageProcessingInstructionSender:Update()
 
(Filename: C:\build\output\unity\unity\Runtime/Export/Debug/Debug.bindings.h Line: 35)

Ball r, x, y :39.36, 275, -60
UnityEngine.DebugLogHandler:Internal_Log(LogType, LogOption, String, Object)
UnityEngine.DebugLogHandler:LogFormat(LogType, Object, String, Object[])
UnityEngine.Logger:Log(LogType, Object)
UnityEngine.Debug:Log(Object)
HighPrecisionStepperJuggler.ImageProcessingInstructionSender:Update()
 
(Filename: C:\build\output\unity\unity\Runtime/Export/Debug/Debug.bindings.h Line: 35)

Ball r, x, y :27.18, 289, -60
UnityEngine.DebugLogHandler:Internal_Log(LogType, LogOption, String, Object)
UnityEngine.DebugLogHandler:LogFormat(LogType, Object, String, Object[])
UnityEngine.Logger:Log(LogType, Object)
UnityEngine.Debug:Log(Object)
HighPrecisionStepperJuggler.ImageProcessingInstructionSender:Update()
 
(Filename: C:\build\output\unity\unity\Runtime/Export/Debug/Debug.bindings.h Line: 35)

Ball r, x, y :21.58, 295, -60
UnityEngine.DebugLogHandler:Internal_Log(LogType, LogOption, String, Object)
UnityEngine.DebugLogHandler:LogFormat(LogType, Object, String, Object[])
UnityEngine.Logger:Log(LogType, Object)
UnityEngine.Debug:Log(Object)
HighPrecisionStepperJuggler.ImageProcessingInstructionSender:Update()
 
(Filename: C:\build\output\unity\unity\Runtime/Export/Debug/Debug.bindings.h Line: 35)

Ball r, x, y :20.58, 296, -60
UnityEngine.DebugLogHandler:Internal_Log(LogType, LogOption, String, Object)
UnityEngine.DebugLogHandler:LogFormat(LogType, Object, String, Object[])
UnityEngine.Logger:Log(LogType, Object)
UnityEngine.Debug:Log(Object)
HighPrecisionStepperJuggler.ImageProcessingInstructionSender:Update()
 
(Filename: C:\build\output\unity\unity\Runtime/Export/Debug/Debug.bindings.h Line: 35)

Ball r, x, y :20.08, 297, -60
UnityEngine.DebugLogHandler:Internal_Log(LogType, LogOption, String, Object)
UnityEngine.DebugLogHandler:LogFormat(LogType, Object, String, Object[])
UnityEngine.Logger:Log(LogType, Object)
UnityEngine.Debug:Log(Object)
HighPrecisionStepperJuggler.ImageProcessingInstructionSender:Update()
 
(Filename: C:\build\output\unity\unity\Runtime/Export/Debug/Debug.bindings.h Line: 35)

Ball r, x, y :19.68, 298, -60
UnityEngine.DebugLogHandler:Internal_Log(LogType, LogOption, String, Object)
UnityEngine.DebugLogHandler:LogFormat(LogType, Object, String, Object[])
UnityEngine.Logger:Log(LogType, Object)
UnityEngine.Debug:Log(Object)
HighPrecisionStepperJuggler.ImageProcessingInstructionSender:Update()
 
(Filename: C:\build\output\unity\unity\Runtime/Export/Debug/Debug.bindings.h Line: 35)

Ball r, x, y :19.68, 298, -60
UnityEngine.DebugLogHandler:Internal_Log(LogType, LogOption, String, Object)
UnityEngine.DebugLogHandler:LogFormat(LogType, Object, String, Object[])
UnityEngine.Logger:Log(LogType, Object)
UnityEngine.Debug:Log(Object)
HighPrecisionStepperJuggler.ImageProcessingInstructionSender:Update()
 
(Filename: C:\build\output\unity\unity\Runtime/Export/Debug/Debug.bindings.h Line: 35)

Ball r, x, y :24.48, 292, -60
UnityEngine.DebugLogHandler:Internal_Log(LogType, LogOption, String, Object)
UnityEngine.DebugLogHandler:LogFormat(LogType, Object, String, Object[])
UnityEngine.Logger:Log(LogType, Object)
UnityEngine.Debug:Log(Object)
HighPrecisionStepperJuggler.ImageProcessingInstructionSender:Update()
 
(Filename: C:\build\output\unity\unity\Runtime/Export/Debug/Debug.bindings.h Line: 35)

Ball r, x, y :33.56, 281, -60
UnityEngine.DebugLogHandler:Internal_Log(LogType, LogOption, String, Object)
UnityEngine.DebugLogHandler:LogFormat(LogType, Object, String, Object[])
UnityEngine.Logger:Log(LogType, Object)
UnityEngine.Debug:Log(Object)
HighPrecisionStepperJuggler.ImageProcessingInstructionSender:Update()
 
(Filename: C:\build\output\unity\unity\Runtime/Export/Debug/Debug.bindings.h Line: 35)

Ball r, x, y :31.58224, 285, -29
UnityEngine.DebugLogHandler:Internal_Log(LogType, LogOption, String, Object)
UnityEngine.DebugLogHandler:LogFormat(LogType, Object, String, Object[])
UnityEngine.Logger:Log(LogType, Object)
UnityEngine.Debug:Log(Object)
HighPrecisionStepperJuggler.ImageProcessingInstructionSender:Update()
 
(Filename: C:\build\output\unity\unity\Runtime/Export/Debug/Debug.bindings.h Line: 35)

Ball r, x, y :18.3, 299, -60
UnityEngine.DebugLogHandler:Internal_Log(LogType, LogOption, String, Object)
UnityEngine.DebugLogHandler:LogFormat(LogType, Object, String, Object[])
UnityEngine.Logger:Log(LogType, Object)
UnityEngine.Debug:Log(Object)
HighPrecisionStepperJuggler.ImageProcessingInstructionSender:Update()
 
(Filename: C:\build\output\unity\unity\Runtime/Export/Debug/Debug.bindings.h Line: 35)

Ball r, x, y :15.28, -177, -60
UnityEngine.DebugLogHandler:Internal_Log(LogType, LogOption, String, Object)
UnityEngine.DebugLogHandler:LogFormat(LogType, Object, String, Object[])
UnityEngine.Logger:Log(LogType, Object)
UnityEngine.Debug:Log(Object)
HighPrecisionStepperJuggler.ImageProcessingInstructionSender:Update()
 
(Filename: C:\build\output\unity\unity\Runtime/Export/Debug/Debug.bindings.h Line: 35)

Ball r, x, y :37.16, 277, -30
UnityEngine.DebugLogHandler:Internal_Log(LogType, LogOption, String, Object)
UnityEngine.DebugLogHandler:LogFormat(LogType, Object, String, Object[])
UnityEngine.Logger:Log(LogType, Object)
UnityEngine.Debug:Log(Object)
HighPrecisionStepperJuggler.ImageProcessingInstructionSender:Update()
 
(Filename: C:\build\output\unity\unity\Runtime/Export/Debug/Debug.bindings.h Line: 35)

Ball r, x, y :48.14022, -65, -31
UnityEngine.DebugLogHandler:Internal_Log(LogType, LogOption, String, Object)
UnityEngine.DebugLogHandler:LogFormat(LogType, Object, String, Object[])
UnityEngine.Logger:Log(LogType, Object)
UnityEngine.Debug:Log(Object)
HighPrecisionStepperJuggler.ImageProcessingInstructionSender:Update()
 
(Filename: C:\build\output\unity\unity\Runtime/Export/Debug/Debug.bindings.h Line: 35)

Ball r, x, y :49.84023, 263, -30
UnityEngine.DebugLogHandler:Internal_Log(LogType, LogOption, String, Object)
UnityEngine.DebugLogHandler:LogFormat(LogType, Object, String, Object[])
UnityEngine.Logger:Log(LogType, Object)
UnityEngine.Debug:Log(Object)
HighPrecisionStepperJuggler.ImageProcessingInstructionSender:Update()
 
(Filename: C:\build\output\unity\unity\Runtime/Export/Debug/Debug.bindings.h Line: 35)

Ball r, x, y :27.96, 288, -30
UnityEngine.DebugLogHandler:Internal_Log(LogType, LogOption, String, Object)
UnityEngine.DebugLogHandler:LogFormat(LogType, Object, String, Object[])
UnityEngine.Logger:Log(LogType, Object)
UnityEngine.Debug:Log(Object)
HighPrecisionStepperJuggler.ImageProcessingInstructionSender:Update()
 
(Filename: C:\build\output\unity\unity\Runtime/Export/Debug/Debug.bindings.h Line: 35)

Ball r, x, y :12.68, 306, -30
UnityEngine.DebugLogHandler:Internal_Log(LogType, LogOption, String, Object)
UnityEngine.DebugLogHandler:LogFormat(LogType, Object, String, Object[])
UnityEngine.Logger:Log(LogType, Object)
UnityEngine.Debug:Log(Object)
HighPrecisionStepperJuggler.ImageProcessingInstructionSender:Update()
 
(Filename: C:\build\output\unity\unity\Runtime/Export/Debug/Debug.bindings.h Line: 35)

Ball r, x, y :20.08023, 297, -30
UnityEngine.DebugLogHandler:Internal_Log(LogType, LogOption, String, Object)
UnityEngine.DebugLogHandler:LogFormat(LogType, Object, String, Object[])
UnityEngine.Logger:Log(LogType, Object)
UnityEngine.Debug:Log(Object)
HighPrecisionStepperJuggler.ImageProcessingInstructionSender:Update()
 
(Filename: C:\build\output\unity\unity\Runtime/Export/Debug/Debug.bindings.h Line: 35)

Ball r, x, y :30.62, 285, 0
UnityEngine.DebugLogHandler:Internal_Log(LogType, LogOption, String, Object)
UnityEngine.DebugLogHandler:LogFormat(LogType, Object, String, Object[])
UnityEngine.Logger:Log(LogType, Object)
UnityEngine.Debug:Log(Object)
HighPrecisionStepperJuggler.ImageProcessingInstructionSender:Update()
 
(Filename: C:\build\output\unity\unity\Runtime/Export/Debug/Debug.bindings.h Line: 35)

Ball r, x, y :39.82, 274, 0
UnityEngine.DebugLogHandler:Internal_Log(LogType, LogOption, String, Object)
UnityEngine.DebugLogHandler:LogFormat(LogType, Object, String, Object[])
UnityEngine.Logger:Log(LogType, Object)
UnityEngine.Debug:Log(Object)
HighPrecisionStepperJuggler.ImageProcessingInstructionSender:Update()
 
(Filename: C:\build\output\unity\unity\Runtime/Export/Debug/Debug.bindings.h Line: 35)

Ball r, x, y :41.1, 273, 0
UnityEngine.DebugLogHandler:Internal_Log(LogType, LogOption, String, Object)
UnityEngine.DebugLogHandler:LogFormat(LogType, Object, String, Object[])
UnityEngine.Logger:Log(LogType, Object)
UnityEngine.Debug:Log(Object)
HighPrecisionStepperJuggler.ImageProcessingInstructionSender:Update()
 
(Filename: C:\build\output\unity\unity\Runtime/Export/Debug/Debug.bindings.h Line: 35)

Ball r, x, y :40.26, -46, -1
UnityEngine.DebugLogHandler:Internal_Log(LogType, LogOption, String, Object)
UnityEngine.DebugLogHandler:LogFormat(LogType, Object, String, Object[])
UnityEngine.Logger:Log(LogType, Object)
UnityEngine.Debug:Log(Object)
HighPrecisionStepperJuggler.ImageProcessingInstructionSender:Update()
 
(Filename: C:\build\output\unity\unity\Runtime/Export/Debug/Debug.bindings.h Line: 35)

Ball r, x, y :38.12, 276, 30
UnityEngine.DebugLogHandler:Internal_Log(LogType, LogOption, String, Object)
UnityEngine.DebugLogHandler:LogFormat(LogType, Object, String, Object[])
UnityEngine.Logger:Log(LogType, Object)
UnityEngine.Debug:Log(Object)
HighPrecisionStepperJuggler.ImageProcessingInstructionSender:Update()
 
(Filename: C:\build\output\unity\unity\Runtime/Export/Debug/Debug.bindings.h Line: 35)

Ball r, x, y :40.68, 273, 30
UnityEngine.DebugLogHandler:Internal_Log(LogType, LogOption, String, Object)
UnityEngine.DebugLogHandler:LogFormat(LogType, Object, String, Object[])
UnityEngine.Logger:Log(LogType, Object)
UnityEngine.Debug:Log(Object)
HighPrecisionStepperJuggler.ImageProcessingInstructionSender:Update()
 
(Filename: C:\build\output\unity\unity\Runtime/Export/Debug/Debug.bindings.h Line: 35)

Ball r, x, y :38.9, 275, 60
UnityEngine.DebugLogHandler:Internal_Log(LogType, LogOption, String, Object)
UnityEngine.DebugLogHandler:LogFormat(LogType, Object, String, Object[])
UnityEngine.Logger:Log(LogType, Object)
UnityEngine.Debug:Log(Object)
HighPrecisionStepperJuggler.ImageProcessingInstructionSender:Update()
 
(Filename: C:\build\output\unity\unity\Runtime/Export/Debug/Debug.bindings.h Line: 35)

Ball r, x, y :39.36, 275, 60
UnityEngine.DebugLogHandler:Internal_Log(LogType, LogOption, String, Object)
UnityEngine.DebugLogHandler:LogFormat(LogType, Object, String, Object[])
UnityEngine.Logger:Log(LogType, Object)
UnityEngine.Debug:Log(Object)
HighPrecisionStepperJuggler.ImageProcessingInstructionSender:Update()
 
(Filename: C:\build\output\unity\unity\Runtime/Export/Debug/Debug.bindings.h Line: 35)

Ball r, x, y :38.9, -205, 60
UnityEngine.DebugLogHandler:Internal_Log(LogType, LogOption, String, Object)
UnityEngine.DebugLogHandler:LogFormat(LogType, Object, String, Object[])
UnityEngine.Logger:Log(LogType, Object)
UnityEngine.Debug:Log(Object)
HighPrecisionStepperJuggler.ImageProcessingInstructionSender:Update()
 
(Filename: C:\build\output\unity\unity\Runtime/Export/Debug/Debug.bindings.h Line: 35)

Ball r, x, y :37.16, 277, 60
UnityEngine.DebugLogHandler:Internal_Log(LogType, LogOption, String, Object)
UnityEngine.DebugLogHandler:LogFormat(LogType, Object, String, Object[])
UnityEngine.Logger:Log(LogType, Object)
UnityEngine.Debug:Log(Object)
HighPrecisionStepperJuggler.ImageProcessingInstructionSender:Update()
 
(Filename: C:\build\output\unity\unity\Runtime/Export/Debug/Debug.bindings.h Line: 35)

Ball r, x, y :35.84, -201, 60
UnityEngine.DebugLogHandler:Internal_Log(LogType, LogOption, String, Object)
UnityEngine.DebugLogHandler:LogFormat(LogType, Object, String, Object[])
UnityEngine.Logger:Log(LogType, Object)
UnityEngine.Debug:Log(Object)
HighPrecisionStepperJuggler.ImageProcessingInstructionSender:Update()
 
(Filename: C:\build\output\unity\unity\Runtime/Export/Debug/Debug.bindings.h Line: 35)

Ball r, x, y :39.82, 274, 30
UnityEngine.DebugLogHandler:Internal_Log(LogType, LogOption, String, Object)
UnityEngine.DebugLogHandler:LogFormat(LogType, Object, String, Object[])
UnityEngine.Logger:Log(LogType, Object)
UnityEngine.Debug:Log(Object)
HighPrecisionStepperJuggler.ImageProcessingInstructionSender:Update()
 
(Filename: C:\build\output\unity\unity\Runtime/Export/Debug/Debug.bindings.h Line: 35)

Ball r, x, y :40.68, 273, 30
UnityEngine.DebugLogHandler:Internal_Log(LogType, LogOption, String, Object)
UnityEngine.DebugLogHandler:LogFormat(LogType, Object, String, Object[])
UnityEngine.Logger:Log(LogType, Object)
UnityEngine.Debug:Log(Object)
HighPrecisionStepperJuggler.ImageProcessingInstructionSender:Update()
 
(Filename: C:\build\output\unity\unity\Runtime/Export/Debug/Debug.bindings.h Line: 35)

Ball r, x, y :41.1, 273, 30
UnityEngine.DebugLogHandler:Internal_Log(LogType, LogOption, String, Object)
UnityEngine.DebugLogHandler:LogFormat(LogType, Object, String, Object[])
UnityEngine.Logger:Log(LogType, Object)
UnityEngine.Debug:Log(Object)
HighPrecisionStepperJuggler.ImageProcessingInstructionSender:Update()
 
(Filename: C:\build\output\unity\unity\Runtime/Export/Debug/Debug.bindings.h Line: 35)

Ball r, x, y :40.68, -207, 30
UnityEngine.DebugLogHandler:Internal_Log(LogType, LogOption, String, Object)
UnityEngine.DebugLogHandler:LogFormat(LogType, Object, String, Object[])
UnityEngine.Logger:Log(LogType, Object)
UnityEngine.Debug:Log(Object)
HighPrecisionStepperJuggler.ImageProcessingInstructionSender:Update()
 
(Filename: C:\build\output\unity\unity\Runtime/Export/Debug/Debug.bindings.h Line: 35)

Ball r, x, y :43.74, 270, 0
UnityEngine.DebugLogHandler:Internal_Log(LogType, LogOption, String, Object)
UnityEngine.DebugLogHandler:LogFormat(LogType, Object, String, Object[])
UnityEngine.Logger:Log(LogType, Object)
UnityEngine.Debug:Log(Object)
HighPrecisionStepperJuggler.ImageProcessingInstructionSender:Update()
 
(Filename: C:\build\output\unity\unity\Runtime/Export/Debug/Debug.bindings.h Line: 35)

Ball r, x, y :42.96, 271, 0
UnityEngine.DebugLogHandler:Internal_Log(LogType, LogOption, String, Object)
UnityEngine.DebugLogHandler:LogFormat(LogType, Object, String, Object[])
UnityEngine.Logger:Log(LogType, Object)
UnityEngine.Debug:Log(Object)
HighPrecisionStepperJuggler.ImageProcessingInstructionSender:Update()
 
(Filename: C:\build\output\unity\unity\Runtime/Export/Debug/Debug.bindings.h Line: 35)

Ball r, x, y :46.78, 266, -30
UnityEngine.DebugLogHandler:Internal_Log(LogType, LogOption, String, Object)
UnityEngine.DebugLogHandler:LogFormat(LogType, Object, String, Object[])
UnityEngine.Logger:Log(LogType, Object)
UnityEngine.Debug:Log(Object)
HighPrecisionStepperJuggler.ImageProcessingInstructionSender:Update()
 
(Filename: C:\build\output\unity\unity\Runtime/Export/Debug/Debug.bindings.h Line: 35)

Ball r, x, y :46.78, -214, -30
UnityEngine.DebugLogHandler:Internal_Log(LogType, LogOption, String, Object)
UnityEngine.DebugLogHandler:LogFormat(LogType, Object, String, Object[])
UnityEngine.Logger:Log(LogType, Object)
UnityEngine.Debug:Log(Object)
HighPrecisionStepperJuggler.ImageProcessingInstructionSender:Update()
 
(Filename: C:\build\output\unity\unity\Runtime/Export/Debug/Debug.bindings.h Line: 35)

Ball r, x, y :48.56, 264, -60
UnityEngine.DebugLogHandler:Internal_Log(LogType, LogOption, String, Object)
UnityEngine.DebugLogHandler:LogFormat(LogType, Object, String, Object[])
UnityEngine.Logger:Log(LogType, Object)
UnityEngine.Debug:Log(Object)
HighPrecisionStepperJuggler.ImageProcessingInstructionSender:Update()
 
(Filename: C:\build\output\unity\unity\Runtime/Export/Debug/Debug.bindings.h Line: 35)

Ball r, x, y :48.56, 264, -60
UnityEngine.DebugLogHandler:Internal_Log(LogType, LogOption, String, Object)
UnityEngine.DebugLogHandler:LogFormat(LogType, Object, String, Object[])
UnityEngine.Logger:Log(LogType, Object)
UnityEngine.Debug:Log(Object)
HighPrecisionStepperJuggler.ImageProcessingInstructionSender:Update()
 
(Filename: C:\build\output\unity\unity\Runtime/Export/Debug/Debug.bindings.h Line: 35)

Ball r, x, y :47.28, -214, -60
UnityEngine.DebugLogHandler:Internal_Log(LogType, LogOption, String, Object)
UnityEngine.DebugLogHandler:LogFormat(LogType, Object, String, Object[])
UnityEngine.Logger:Log(LogType, Object)
UnityEngine.Debug:Log(Object)
HighPrecisionStepperJuggler.ImageProcessingInstructionSender:Update()
 
(Filename: C:\build\output\unity\unity\Runtime/Export/Debug/Debug.bindings.h Line: 35)

Ball r, x, y :46.78, 266, -60
UnityEngine.DebugLogHandler:Internal_Log(LogType, LogOption, String, Object)
UnityEngine.DebugLogHandler:LogFormat(LogType, Object, String, Object[])
UnityEngine.Logger:Log(LogType, Object)
UnityEngine.Debug:Log(Object)
HighPrecisionStepperJuggler.ImageProcessingInstructionSender:Update()
 
(Filename: C:\build\output\unity\unity\Runtime/Export/Debug/Debug.bindings.h Line: 35)

Ball r, x, y :48.56, 264, -60
UnityEngine.DebugLogHandler:Internal_Log(LogType, LogOption, String, Object)
UnityEngine.DebugLogHandler:LogFormat(LogType, Object, String, Object[])
UnityEngine.Logger:Log(LogType, Object)
UnityEngine.Debug:Log(Object)
HighPrecisionStepperJuggler.ImageProcessingInstructionSender:Update()
 
(Filename: C:\build\output\unity\unity\Runtime/Export/Debug/Debug.bindings.h Line: 35)

Ball r, x, y :49.06, -220, -60
UnityEngine.DebugLogHandler:Internal_Log(LogType, LogOption, String, Object)
UnityEngine.DebugLogHandler:LogFormat(LogType, Object, String, Object[])
UnityEngine.Logger:Log(LogType, Object)
UnityEngine.Debug:Log(Object)
HighPrecisionStepperJuggler.ImageProcessingInstructionSender:Update()
 
(Filename: C:\build\output\unity\unity\Runtime/Export/Debug/Debug.bindings.h Line: 35)

Ball r, x, y :50.76, -223, -60
UnityEngine.DebugLogHandler:Internal_Log(LogType, LogOption, String, Object)
UnityEngine.DebugLogHandler:LogFormat(LogType, Object, String, Object[])
UnityEngine.Logger:Log(LogType, Object)
UnityEngine.Debug:Log(Object)
HighPrecisionStepperJuggler.ImageProcessingInstructionSender:Update()
 
(Filename: C:\build\output\unity\unity\Runtime/Export/Debug/Debug.bindings.h Line: 35)

Ball r, x, y :54.4, 258, -60
UnityEngine.DebugLogHandler:Internal_Log(LogType, LogOption, String, Object)
UnityEngine.DebugLogHandler:LogFormat(LogType, Object, String, Object[])
UnityEngine.Logger:Log(LogType, Object)
UnityEngine.Debug:Log(Object)
HighPrecisionStepperJuggler.ImageProcessingInstructionSender:Update()
 
(Filename: C:\build\output\unity\unity\Runtime/Export/Debug/Debug.bindings.h Line: 35)

Ball r, x, y :50.3, 259, -90
UnityEngine.DebugLogHandler:Internal_Log(LogType, LogOption, String, Object)
UnityEngine.DebugLogHandler:LogFormat(LogType, Object, String, Object[])
UnityEngine.Logger:Log(LogType, Object)
UnityEngine.Debug:Log(Object)
HighPrecisionStepperJuggler.ImageProcessingInstructionSender:Update()
 
(Filename: C:\build\output\unity\unity\Runtime/Export/Debug/Debug.bindings.h Line: 35)

Ball r, x, y :65.62, 209, -30
UnityEngine.DebugLogHandler:Internal_Log(LogType, LogOption, String, Object)
UnityEngine.DebugLogHandler:LogFormat(LogType, Object, String, Object[])
UnityEngine.Logger:Log(LogType, Object)
UnityEngine.Debug:Log(Object)
HighPrecisionStepperJuggler.ImageProcessingInstructionSender:Update()
 
(Filename: C:\build\output\unity\unity\Runtime/Export/Debug/Debug.bindings.h Line: 35)

Ball r, x, y :62.56, 153, 0
UnityEngine.DebugLogHandler:Internal_Log(LogType, LogOption, String, Object)
UnityEngine.DebugLogHandler:LogFormat(LogType, Object, String, Object[])
UnityEngine.Logger:Log(LogType, Object)
UnityEngine.Debug:Log(Object)
HighPrecisionStepperJuggler.ImageProcessingInstructionSender:Update()
 
(Filename: C:\build\output\unity\unity\Runtime/Export/Debug/Debug.bindings.h Line: 35)

Ball r, x, y :55.94, 99, 30
UnityEngine.DebugLogHandler:Internal_Log(LogType, LogOption, String, Object)
UnityEngine.DebugLogHandler:LogFormat(LogType, Object, String, Object[])
UnityEngine.Logger:Log(LogType, Object)
UnityEngine.Debug:Log(Object)
HighPrecisionStepperJuggler.ImageProcessingInstructionSender:Update()
 
(Filename: C:\build\output\unity\unity\Runtime/Export/Debug/Debug.bindings.h Line: 35)

Ball r, x, y :52.9, 78, 60
UnityEngine.DebugLogHandler:Internal_Log(LogType, LogOption, String, Object)
UnityEngine.DebugLogHandler:LogFormat(LogType, Object, String, Object[])
UnityEngine.Logger:Log(LogType, Object)
UnityEngine.Debug:Log(Object)
HighPrecisionStepperJuggler.ImageProcessingInstructionSender:Update()
 
(Filename: C:\build\output\unity\unity\Runtime/Export/Debug/Debug.bindings.h Line: 35)

Ball r, x, y :50.3, 73, 90
UnityEngine.DebugLogHandler:Internal_Log(LogType, LogOption, String, Object)
UnityEngine.DebugLogHandler:LogFormat(LogType, Object, String, Object[])
UnityEngine.Logger:Log(LogType, Object)
UnityEngine.Debug:Log(Object)
HighPrecisionStepperJuggler.ImageProcessingInstructionSender:Update()
 
(Filename: C:\build\output\unity\unity\Runtime/Export/Debug/Debug.bindings.h Line: 35)

Ball r, x, y :56.84, 76, 90
UnityEngine.DebugLogHandler:Internal_Log(LogType, LogOption, String, Object)
UnityEngine.DebugLogHandler:LogFormat(LogType, Object, String, Object[])
UnityEngine.Logger:Log(LogType, Object)
UnityEngine.Debug:Log(Object)
HighPrecisionStepperJuggler.ImageProcessingInstructionSender:Update()
 
(Filename: C:\build\output\unity\unity\Runtime/Export/Debug/Debug.bindings.h Line: 35)

Ball r, x, y :50.3, 84, 90
UnityEngine.DebugLogHandler:Internal_Log(LogType, LogOption, String, Object)
UnityEngine.DebugLogHandler:LogFormat(LogType, Object, String, Object[])
UnityEngine.Logger:Log(LogType, Object)
UnityEngine.Debug:Log(Object)
HighPrecisionStepperJuggler.ImageProcessingInstructionSender:Update()
 
(Filename: C:\build\output\unity\unity\Runtime/Export/Debug/Debug.bindings.h Line: 35)

Ball r, x, y :55.44, 100, 90
UnityEngine.DebugLogHandler:Internal_Log(LogType, LogOption, String, Object)
UnityEngine.DebugLogHandler:LogFormat(LogType, Object, String, Object[])
UnityEngine.Logger:Log(LogType, Object)
UnityEngine.Debug:Log(Object)
HighPrecisionStepperJuggler.ImageProcessingInstructionSender:Update()
 
(Filename: C:\build\output\unity\unity\Runtime/Export/Debug/Debug.bindings.h Line: 35)

Ball r, x, y :60.28, 119, 90
UnityEngine.DebugLogHandler:Internal_Log(LogType, LogOption, String, Object)
UnityEngine.DebugLogHandler:LogFormat(LogType, Object, String, Object[])
UnityEngine.Logger:Log(LogType, Object)
UnityEngine.Debug:Log(Object)
HighPrecisionStepperJuggler.ImageProcessingInstructionSender:Update()
 
(Filename: C:\build\output\unity\unity\Runtime/Export/Debug/Debug.bindings.h Line: 35)

Ball r, x, y :62.98, 133, 90
UnityEngine.DebugLogHandler:Internal_Log(LogType, LogOption, String, Object)
UnityEngine.DebugLogHandler:LogFormat(LogType, Object, String, Object[])
UnityEngine.Logger:Log(LogType, Object)
UnityEngine.Debug:Log(Object)
HighPrecisionStepperJuggler.ImageProcessingInstructionSender:Update()
 
(Filename: C:\build\output\unity\unity\Runtime/Export/Debug/Debug.bindings.h Line: 35)

Ball r, x, y :279.5655, 4, 58
UnityEngine.DebugLogHandler:Internal_Log(LogType, LogOption, String, Object)
UnityEngine.DebugLogHandler:LogFormat(LogType, Object, String, Object[])
UnityEngine.Logger:Log(LogType, Object)
UnityEngine.Debug:Log(Object)
HighPrecisionStepperJuggler.ImageProcessingInstructionSender:Update()
 
(Filename: C:\build\output\unity\unity\Runtime/Export/Debug/Debug.bindings.h Line: 35)

Ball r, x, y :279.4456, -2, 58
UnityEngine.DebugLogHandler:Internal_Log(LogType, LogOption, String, Object)
UnityEngine.DebugLogHandler:LogFormat(LogType, Object, String, Object[])
UnityEngine.Logger:Log(LogType, Object)
UnityEngine.Debug:Log(Object)
HighPrecisionStepperJuggler.ImageProcessingInstructionSender:Update()
 
(Filename: C:\build\output\unity\unity\Runtime/Export/Debug/Debug.bindings.h Line: 35)

Ball r, x, y :263.0242, 22, 91
UnityEngine.DebugLogHandler:Internal_Log(LogType, LogOption, String, Object)
UnityEngine.DebugLogHandler:LogFormat(LogType, Object, String, Object[])
UnityEngine.Logger:Log(LogType, Object)
UnityEngine.Debug:Log(Object)
HighPrecisionStepperJuggler.ImageProcessingInstructionSender:Update()
 
(Filename: C:\build\output\unity\unity\Runtime/Export/Debug/Debug.bindings.h Line: 35)

Ball r, x, y :62.98, 108, 90
UnityEngine.DebugLogHandler:Internal_Log(LogType, LogOption, String, Object)
UnityEngine.DebugLogHandler:LogFormat(LogType, Object, String, Object[])
UnityEngine.Logger:Log(LogType, Object)
UnityEngine.Debug:Log(Object)
HighPrecisionStepperJuggler.ImageProcessingInstructionSender:Update()
 
(Filename: C:\build\output\unity\unity\Runtime/Export/Debug/Debug.bindings.h Line: 35)

Ball r, x, y :60.78, 101, 90
UnityEngine.DebugLogHandler:Internal_Log(LogType, LogOption, String, Object)
UnityEngine.DebugLogHandler:LogFormat(LogType, Object, String, Object[])
UnityEngine.Logger:Log(LogType, Object)
UnityEngine.Debug:Log(Object)
HighPrecisionStepperJuggler.ImageProcessingInstructionSender:Update()
 
(Filename: C:\build\output\unity\unity\Runtime/Export/Debug/Debug.bindings.h Line: 35)

Ball r, x, y :279.5456, 4, 58
UnityEngine.DebugLogHandler:Internal_Log(LogType, LogOption, String, Object)
UnityEngine.DebugLogHandler:LogFormat(LogType, Object, String, Object[])
UnityEngine.Logger:Log(LogType, Object)
UnityEngine.Debug:Log(Object)
HighPrecisionStepperJuggler.ImageProcessingInstructionSender:Update()
 
(Filename: C:\build\output\unity\unity\Runtime/Export/Debug/Debug.bindings.h Line: 35)

Ball r, x, y :279.3655, 4, 88
UnityEngine.DebugLogHandler:Internal_Log(LogType, LogOption, String, Object)
UnityEngine.DebugLogHandler:LogFormat(LogType, Object, String, Object[])
UnityEngine.Logger:Log(LogType, Object)
UnityEngine.Debug:Log(Object)
HighPrecisionStepperJuggler.ImageProcessingInstructionSender:Update()
 
(Filename: C:\build\output\unity\unity\Runtime/Export/Debug/Debug.bindings.h Line: 35)

Ball r, x, y :279.4856, -2, 91
UnityEngine.DebugLogHandler:Internal_Log(LogType, LogOption, String, Object)
UnityEngine.DebugLogHandler:LogFormat(LogType, Object, String, Object[])
UnityEngine.Logger:Log(LogType, Object)
UnityEngine.Debug:Log(Object)
HighPrecisionStepperJuggler.ImageProcessingInstructionSender:Update()
 
(Filename: C:\build\output\unity\unity\Runtime/Export/Debug/Debug.bindings.h Line: 35)

Ball r, x, y :279.5656, -2, 91
UnityEngine.DebugLogHandler:Internal_Log(LogType, LogOption, String, Object)
UnityEngine.DebugLogHandler:LogFormat(LogType, Object, String, Object[])
UnityEngine.Logger:Log(LogType, Object)
UnityEngine.Debug:Log(Object)
HighPrecisionStepperJuggler.ImageProcessingInstructionSender:Update()
 
(Filename: C:\build\output\unity\unity\Runtime/Export/Debug/Debug.bindings.h Line: 35)

Ball r, x, y :279.6055, -2, 58
UnityEngine.DebugLogHandler:Internal_Log(LogType, LogOption, String, Object)
UnityEngine.DebugLogHandler:LogFormat(LogType, Object, String, Object[])
UnityEngine.Logger:Log(LogType, Object)
UnityEngine.Debug:Log(Object)
HighPrecisionStepperJuggler.ImageProcessingInstructionSender:Update()
 
(Filename: C:\build\output\unity\unity\Runtime/Export/Debug/Debug.bindings.h Line: 35)

Ball r, x, y :279.5655, -2, 58
UnityEngine.DebugLogHandler:Internal_Log(LogType, LogOption, String, Object)
UnityEngine.DebugLogHandler:LogFormat(LogType, Object, String, Object[])
UnityEngine.Logger:Log(LogType, Object)
UnityEngine.Debug:Log(Object)
HighPrecisionStepperJuggler.ImageProcessingInstructionSender:Update()
 
(Filename: C:\build\output\unity\unity\Runtime/Export/Debug/Debug.bindings.h Line: 35)

Ball r, x, y :279.3455, 4, 58
UnityEngine.DebugLogHandler:Internal_Log(LogType, LogOption, String, Object)
UnityEngine.DebugLogHandler:LogFormat(LogType, Object, String, Object[])
UnityEngine.Logger:Log(LogType, Object)
UnityEngine.Debug:Log(Object)
HighPrecisionStepperJuggler.ImageProcessingInstructionSender:Update()
 
(Filename: C:\build\output\unity\unity\Runtime/Export/Debug/Debug.bindings.h Line: 35)

Ball r, x, y :279.6656, 4, 91
UnityEngine.DebugLogHandler:Internal_Log(LogType, LogOption, String, Object)
UnityEngine.DebugLogHandler:LogFormat(LogType, Object, String, Object[])
UnityEngine.Logger:Log(LogType, Object)
UnityEngine.Debug:Log(Object)
HighPrecisionStepperJuggler.ImageProcessingInstructionSender:Update()
 
(Filename: C:\build\output\unity\unity\Runtime/Export/Debug/Debug.bindings.h Line: 35)

Ball r, x, y :279.6256, -2, 91
UnityEngine.DebugLogHandler:Internal_Log(LogType, LogOption, String, Object)
UnityEngine.DebugLogHandler:LogFormat(LogType, Object, String, Object[])
UnityEngine.Logger:Log(LogType, Object)
UnityEngine.Debug:Log(Object)
HighPrecisionStepperJuggler.ImageProcessingInstructionSender:Update()
 
(Filename: C:\build\output\unity\unity\Runtime/Export/Debug/Debug.bindings.h Line: 35)

Ball r, x, y :279.4256, -3, 91
UnityEngine.DebugLogHandler:Internal_Log(LogType, LogOption, String, Object)
UnityEngine.DebugLogHandler:LogFormat(LogType, Object, String, Object[])
UnityEngine.Logger:Log(LogType, Object)
UnityEngine.Debug:Log(Object)
HighPrecisionStepperJuggler.ImageProcessingInstructionSender:Update()
 
(Filename: C:\build\output\unity\unity\Runtime/Export/Debug/Debug.bindings.h Line: 35)

Ball r, x, y :267.6241, 17, 91
UnityEngine.DebugLogHandler:Internal_Log(LogType, LogOption, String, Object)
UnityEngine.DebugLogHandler:LogFormat(LogType, Object, String, Object[])
UnityEngine.Logger:Log(LogType, Object)
UnityEngine.Debug:Log(Object)
HighPrecisionStepperJuggler.ImageProcessingInstructionSender:Update()
 
(Filename: C:\build\output\unity\unity\Runtime/Export/Debug/Debug.bindings.h Line: 35)

Ball r, x, y :279.5255, 4, 58
UnityEngine.DebugLogHandler:Internal_Log(LogType, LogOption, String, Object)
UnityEngine.DebugLogHandler:LogFormat(LogType, Object, String, Object[])
UnityEngine.Logger:Log(LogType, Object)
UnityEngine.Debug:Log(Object)
HighPrecisionStepperJuggler.ImageProcessingInstructionSender:Update()
 
(Filename: C:\build\output\unity\unity\Runtime/Export/Debug/Debug.bindings.h Line: 35)

Ball r, x, y :279.4657, -2, 58
UnityEngine.DebugLogHandler:Internal_Log(LogType, LogOption, String, Object)
UnityEngine.DebugLogHandler:LogFormat(LogType, Object, String, Object[])
UnityEngine.Logger:Log(LogType, Object)
UnityEngine.Debug:Log(Object)
HighPrecisionStepperJuggler.ImageProcessingInstructionSender:Update()
 
(Filename: C:\build\output\unity\unity\Runtime/Export/Debug/Debug.bindings.h Line: 35)

Ball r, x, y :59.04, 89, 90
UnityEngine.DebugLogHandler:Internal_Log(LogType, LogOption, String, Object)
UnityEngine.DebugLogHandler:LogFormat(LogType, Object, String, Object[])
UnityEngine.Logger:Log(LogType, Object)
UnityEngine.Debug:Log(Object)
HighPrecisionStepperJuggler.ImageProcessingInstructionSender:Update()
 
(Filename: C:\build\output\unity\unity\Runtime/Export/Debug/Debug.bindings.h Line: 35)

Ball r, x, y :279.4457, -2, 58
UnityEngine.DebugLogHandler:Internal_Log(LogType, LogOption, String, Object)
UnityEngine.DebugLogHandler:LogFormat(LogType, Object, String, Object[])
UnityEngine.Logger:Log(LogType, Object)
UnityEngine.Debug:Log(Object)
HighPrecisionStepperJuggler.ImageProcessingInstructionSender:Update()
 
(Filename: C:\build\output\unity\unity\Runtime/Export/Debug/Debug.bindings.h Line: 35)

Ball r, x, y :279.5855, -2, 58
UnityEngine.DebugLogHandler:Internal_Log(LogType, LogOption, String, Object)
UnityEngine.DebugLogHandler:LogFormat(LogType, Object, String, Object[])
UnityEngine.Logger:Log(LogType, Object)
UnityEngine.Debug:Log(Object)
HighPrecisionStepperJuggler.ImageProcessingInstructionSender:Update()
 
(Filename: C:\build\output\unity\unity\Runtime/Export/Debug/Debug.bindings.h Line: 35)

Ball r, x, y :279.4855, -2, 88
UnityEngine.DebugLogHandler:Internal_Log(LogType, LogOption, String, Object)
UnityEngine.DebugLogHandler:LogFormat(LogType, Object, String, Object[])
UnityEngine.Logger:Log(LogType, Object)
UnityEngine.Debug:Log(Object)
HighPrecisionStepperJuggler.ImageProcessingInstructionSender:Update()
 
(Filename: C:\build\output\unity\unity\Runtime/Export/Debug/Debug.bindings.h Line: 35)

Ball r, x, y :279.4855, -2, 88
UnityEngine.DebugLogHandler:Internal_Log(LogType, LogOption, String, Object)
UnityEngine.DebugLogHandler:LogFormat(LogType, Object, String, Object[])
UnityEngine.Logger:Log(LogType, Object)
UnityEngine.Debug:Log(Object)
HighPrecisionStepperJuggler.ImageProcessingInstructionSender:Update()
 
(Filename: C:\build\output\unity\unity\Runtime/Export/Debug/Debug.bindings.h Line: 35)

Ball r, x, y :279.4857, 4, 91
UnityEngine.DebugLogHandler:Internal_Log(LogType, LogOption, String, Object)
UnityEngine.DebugLogHandler:LogFormat(LogType, Object, String, Object[])
UnityEngine.Logger:Log(LogType, Object)
UnityEngine.Debug:Log(Object)
HighPrecisionStepperJuggler.ImageProcessingInstructionSender:Update()
 
(Filename: C:\build\output\unity\unity\Runtime/Export/Debug/Debug.bindings.h Line: 35)

Ball r, x, y :279.4256, 4, 88
UnityEngine.DebugLogHandler:Internal_Log(LogType, LogOption, String, Object)
UnityEngine.DebugLogHandler:LogFormat(LogType, Object, String, Object[])
UnityEngine.Logger:Log(LogType, Object)
UnityEngine.Debug:Log(Object)
HighPrecisionStepperJuggler.ImageProcessingInstructionSender:Update()
 
(Filename: C:\build\output\unity\unity\Runtime/Export/Debug/Debug.bindings.h Line: 35)

Ball r, x, y :279.4256, 4, 91
UnityEngine.DebugLogHandler:Internal_Log(LogType, LogOption, String, Object)
UnityEngine.DebugLogHandler:LogFormat(LogType, Object, String, Object[])
UnityEngine.Logger:Log(LogType, Object)
UnityEngine.Debug:Log(Object)
HighPrecisionStepperJuggler.ImageProcessingInstructionSender:Update()
 
(Filename: C:\build\output\unity\unity\Runtime/Export/Debug/Debug.bindings.h Line: 35)

Ball r, x, y :279.4655, -2, 88
UnityEngine.DebugLogHandler:Internal_Log(LogType, LogOption, String, Object)
UnityEngine.DebugLogHandler:LogFormat(LogType, Object, String, Object[])
UnityEngine.Logger:Log(LogType, Object)
UnityEngine.Debug:Log(Object)
HighPrecisionStepperJuggler.ImageProcessingInstructionSender:Update()
 
(Filename: C:\build\output\unity\unity\Runtime/Export/Debug/Debug.bindings.h Line: 35)

Ball r, x, y :279.4255, -3, 88
UnityEngine.DebugLogHandler:Internal_Log(LogType, LogOption, String, Object)
UnityEngine.DebugLogHandler:LogFormat(LogType, Object, String, Object[])
UnityEngine.Logger:Log(LogType, Object)
UnityEngine.Debug:Log(Object)
HighPrecisionStepperJuggler.ImageProcessingInstructionSender:Update()
 
(Filename: C:\build\output\unity\unity\Runtime/Export/Debug/Debug.bindings.h Line: 35)

Ball r, x, y :279.4855, -2, 88
UnityEngine.DebugLogHandler:Internal_Log(LogType, LogOption, String, Object)
UnityEngine.DebugLogHandler:LogFormat(LogType, Object, String, Object[])
UnityEngine.Logger:Log(LogType, Object)
UnityEngine.Debug:Log(Object)
HighPrecisionStepperJuggler.ImageProcessingInstructionSender:Update()
 
(Filename: C:\build\output\unity\unity\Runtime/Export/Debug/Debug.bindings.h Line: 35)

Ball r, x, y :279.5055, -2, 88
UnityEngine.DebugLogHandler:Internal_Log(LogType, LogOption, String, Object)
UnityEngine.DebugLogHandler:LogFormat(LogType, Object, String, Object[])
UnityEngine.Logger:Log(LogType, Object)
UnityEngine.Debug:Log(Object)
HighPrecisionStepperJuggler.ImageProcessingInstructionSender:Update()
 
(Filename: C:\build\output\unity\unity\Runtime/Export/Debug/Debug.bindings.h Line: 35)

Ball r, x, y :279.5055, -2, 88
UnityEngine.DebugLogHandler:Internal_Log(LogType, LogOption, String, Object)
UnityEngine.DebugLogHandler:LogFormat(LogType, Object, String, Object[])
UnityEngine.Logger:Log(LogType, Object)
UnityEngine.Debug:Log(Object)
HighPrecisionStepperJuggler.ImageProcessingInstructionSender:Update()
 
(Filename: C:\build\output\unity\unity\Runtime/Export/Debug/Debug.bindings.h Line: 35)

Ball r, x, y :279.5255, -2, 88
UnityEngine.DebugLogHandler:Internal_Log(LogType, LogOption, String, Object)
UnityEngine.DebugLogHandler:LogFormat(LogType, Object, String, Object[])
UnityEngine.Logger:Log(LogType, Object)
UnityEngine.Debug:Log(Object)
HighPrecisionStepperJuggler.ImageProcessingInstructionSender:Update()
 
(Filename: C:\build\output\unity\unity\Runtime/Export/Debug/Debug.bindings.h Line: 35)

Ball r, x, y :279.5655, -2, 88
UnityEngine.DebugLogHandler:Internal_Log(LogType, LogOption, String, Object)
UnityEngine.DebugLogHandler:LogFormat(LogType, Object, String, Object[])
UnityEngine.Logger:Log(LogType, Object)
UnityEngine.Debug:Log(Object)
HighPrecisionStepperJuggler.ImageProcessingInstructionSender:Update()
 
(Filename: C:\build\output\unity\unity\Runtime/Export/Debug/Debug.bindings.h Line: 35)

Ball r, x, y :279.5655, -2, 88
UnityEngine.DebugLogHandler:Internal_Log(LogType, LogOption, String, Object)
UnityEngine.DebugLogHandler:LogFormat(LogType, Object, String, Object[])
UnityEngine.Logger:Log(LogType, Object)
UnityEngine.Debug:Log(Object)
HighPrecisionStepperJuggler.ImageProcessingInstructionSender:Update()
 
(Filename: C:\build\output\unity\unity\Runtime/Export/Debug/Debug.bindings.h Line: 35)

Ball r, x, y :279.4055, 4, 118
UnityEngine.DebugLogHandler:Internal_Log(LogType, LogOption, String, Object)
UnityEngine.DebugLogHandler:LogFormat(LogType, Object, String, Object[])
UnityEngine.Logger:Log(LogType, Object)
UnityEngine.Debug:Log(Object)
HighPrecisionStepperJuggler.ImageProcessingInstructionSender:Update()
 
(Filename: C:\build\output\unity\unity\Runtime/Export/Debug/Debug.bindings.h Line: 35)

Ball r, x, y :263.5042, 22, 121
UnityEngine.DebugLogHandler:Internal_Log(LogType, LogOption, String, Object)
UnityEngine.DebugLogHandler:LogFormat(LogType, Object, String, Object[])
UnityEngine.Logger:Log(LogType, Object)
UnityEngine.Debug:Log(Object)
HighPrecisionStepperJuggler.ImageProcessingInstructionSender:Update()
 
(Filename: C:\build\output\unity\unity\Runtime/Export/Debug/Debug.bindings.h Line: 35)

Ball r, x, y :279.5056, -3, 121
UnityEngine.DebugLogHandler:Internal_Log(LogType, LogOption, String, Object)
UnityEngine.DebugLogHandler:LogFormat(LogType, Object, String, Object[])
UnityEngine.Logger:Log(LogType, Object)
UnityEngine.Debug:Log(Object)
HighPrecisionStepperJuggler.ImageProcessingInstructionSender:Update()
 
(Filename: C:\build\output\unity\unity\Runtime/Export/Debug/Debug.bindings.h Line: 35)

Ball r, x, y :279.4456, -3, 121
UnityEngine.DebugLogHandler:Internal_Log(LogType, LogOption, String, Object)
UnityEngine.DebugLogHandler:LogFormat(LogType, Object, String, Object[])
UnityEngine.Logger:Log(LogType, Object)
UnityEngine.Debug:Log(Object)
HighPrecisionStepperJuggler.ImageProcessingInstructionSender:Update()
 
(Filename: C:\build\output\unity\unity\Runtime/Export/Debug/Debug.bindings.h Line: 35)

Ball r, x, y :279.5057, 4, 121
UnityEngine.DebugLogHandler:Internal_Log(LogType, LogOption, String, Object)
UnityEngine.DebugLogHandler:LogFormat(LogType, Object, String, Object[])
UnityEngine.Logger:Log(LogType, Object)
UnityEngine.Debug:Log(Object)
HighPrecisionStepperJuggler.ImageProcessingInstructionSender:Update()
 
(Filename: C:\build\output\unity\unity\Runtime/Export/Debug/Debug.bindings.h Line: 35)

Ball r, x, y :279.6256, -2, 121
UnityEngine.DebugLogHandler:Internal_Log(LogType, LogOption, String, Object)
UnityEngine.DebugLogHandler:LogFormat(LogType, Object, String, Object[])
UnityEngine.Logger:Log(LogType, Object)
UnityEngine.Debug:Log(Object)
HighPrecisionStepperJuggler.ImageProcessingInstructionSender:Update()
 
(Filename: C:\build\output\unity\unity\Runtime/Export/Debug/Debug.bindings.h Line: 35)

Ball r, x, y :279.5856, -2, 121
UnityEngine.DebugLogHandler:Internal_Log(LogType, LogOption, String, Object)
UnityEngine.DebugLogHandler:LogFormat(LogType, Object, String, Object[])
UnityEngine.Logger:Log(LogType, Object)
UnityEngine.Debug:Log(Object)
HighPrecisionStepperJuggler.ImageProcessingInstructionSender:Update()
 
(Filename: C:\build\output\unity\unity\Runtime/Export/Debug/Debug.bindings.h Line: 35)

Ball r, x, y :279.5656, -2, 121
UnityEngine.DebugLogHandler:Internal_Log(LogType, LogOption, String, Object)
UnityEngine.DebugLogHandler:LogFormat(LogType, Object, String, Object[])
UnityEngine.Logger:Log(LogType, Object)
UnityEngine.Debug:Log(Object)
HighPrecisionStepperJuggler.ImageProcessingInstructionSender:Update()
 
(Filename: C:\build\output\unity\unity\Runtime/Export/Debug/Debug.bindings.h Line: 35)

Ball r, x, y :279.6256, 4, 121
UnityEngine.DebugLogHandler:Internal_Log(LogType, LogOption, String, Object)
UnityEngine.DebugLogHandler:LogFormat(LogType, Object, String, Object[])
UnityEngine.Logger:Log(LogType, Object)
UnityEngine.Debug:Log(Object)
HighPrecisionStepperJuggler.ImageProcessingInstructionSender:Update()
 
(Filename: C:\build\output\unity\unity\Runtime/Export/Debug/Debug.bindings.h Line: 35)

Ball r, x, y :279.5255, 4, 88
UnityEngine.DebugLogHandler:Internal_Log(LogType, LogOption, String, Object)
UnityEngine.DebugLogHandler:LogFormat(LogType, Object, String, Object[])
UnityEngine.Logger:Log(LogType, Object)
UnityEngine.Debug:Log(Object)
HighPrecisionStepperJuggler.ImageProcessingInstructionSender:Update()
 
(Filename: C:\build\output\unity\unity\Runtime/Export/Debug/Debug.bindings.h Line: 35)

Ball r, x, y :279.4656, 4, 58
UnityEngine.DebugLogHandler:Internal_Log(LogType, LogOption, String, Object)
UnityEngine.DebugLogHandler:LogFormat(LogType, Object, String, Object[])
UnityEngine.Logger:Log(LogType, Object)
UnityEngine.Debug:Log(Object)
HighPrecisionStepperJuggler.ImageProcessingInstructionSender:Update()
 
(Filename: C:\build\output\unity\unity\Runtime/Export/Debug/Debug.bindings.h Line: 35)

Ball r, x, y :63.44, 97, 60
UnityEngine.DebugLogHandler:Internal_Log(LogType, LogOption, String, Object)
UnityEngine.DebugLogHandler:LogFormat(LogType, Object, String, Object[])
UnityEngine.Logger:Log(LogType, Object)
UnityEngine.Debug:Log(Object)
HighPrecisionStepperJuggler.ImageProcessingInstructionSender:Update()
 
(Filename: C:\build\output\unity\unity\Runtime/Export/Debug/Debug.bindings.h Line: 35)

Ball r, x, y :55.44, 86, 60
UnityEngine.DebugLogHandler:Internal_Log(LogType, LogOption, String, Object)
UnityEngine.DebugLogHandler:LogFormat(LogType, Object, String, Object[])
UnityEngine.Logger:Log(LogType, Object)
UnityEngine.Debug:Log(Object)
HighPrecisionStepperJuggler.ImageProcessingInstructionSender:Update()
 
(Filename: C:\build\output\unity\unity\Runtime/Export/Debug/Debug.bindings.h Line: 35)

Ball r, x, y :53.4, 83, 60
UnityEngine.DebugLogHandler:Internal_Log(LogType, LogOption, String, Object)
UnityEngine.DebugLogHandler:LogFormat(LogType, Object, String, Object[])
UnityEngine.Logger:Log(LogType, Object)
UnityEngine.Debug:Log(Object)
HighPrecisionStepperJuggler.ImageProcessingInstructionSender:Update()
 
(Filename: C:\build\output\unity\unity\Runtime/Export/Debug/Debug.bindings.h Line: 35)

Ball r, x, y :52.5, 82, 60
UnityEngine.DebugLogHandler:Internal_Log(LogType, LogOption, String, Object)
UnityEngine.DebugLogHandler:LogFormat(LogType, Object, String, Object[])
UnityEngine.Logger:Log(LogType, Object)
UnityEngine.Debug:Log(Object)
HighPrecisionStepperJuggler.ImageProcessingInstructionSender:Update()
 
(Filename: C:\build\output\unity\unity\Runtime/Export/Debug/Debug.bindings.h Line: 35)

Ball r, x, y :51.12, 81, 60
UnityEngine.DebugLogHandler:Internal_Log(LogType, LogOption, String, Object)
UnityEngine.DebugLogHandler:LogFormat(LogType, Object, String, Object[])
UnityEngine.Logger:Log(LogType, Object)
UnityEngine.Debug:Log(Object)
HighPrecisionStepperJuggler.ImageProcessingInstructionSender:Update()
 
(Filename: C:\build\output\unity\unity\Runtime/Export/Debug/Debug.bindings.h Line: 35)

Ball r, x, y :51.12, 81, 60
UnityEngine.DebugLogHandler:Internal_Log(LogType, LogOption, String, Object)
UnityEngine.DebugLogHandler:LogFormat(LogType, Object, String, Object[])
UnityEngine.Logger:Log(LogType, Object)
UnityEngine.Debug:Log(Object)
HighPrecisionStepperJuggler.ImageProcessingInstructionSender:Update()
 
(Filename: C:\build\output\unity\unity\Runtime/Export/Debug/Debug.bindings.h Line: 35)

Ball r, x, y :51.62, 83, 60
UnityEngine.DebugLogHandler:Internal_Log(LogType, LogOption, String, Object)
UnityEngine.DebugLogHandler:LogFormat(LogType, Object, String, Object[])
UnityEngine.Logger:Log(LogType, Object)
UnityEngine.Debug:Log(Object)
HighPrecisionStepperJuggler.ImageProcessingInstructionSender:Update()
 
(Filename: C:\build\output\unity\unity\Runtime/Export/Debug/Debug.bindings.h Line: 35)

Ball r, x, y :52.04, 84, 60
UnityEngine.DebugLogHandler:Internal_Log(LogType, LogOption, String, Object)
UnityEngine.DebugLogHandler:LogFormat(LogType, Object, String, Object[])
UnityEngine.Logger:Log(LogType, Object)
UnityEngine.Debug:Log(Object)
HighPrecisionStepperJuggler.ImageProcessingInstructionSender:Update()
 
(Filename: C:\build\output\unity\unity\Runtime/Export/Debug/Debug.bindings.h Line: 35)

Ball r, x, y :52.9, 87, 60
UnityEngine.DebugLogHandler:Internal_Log(LogType, LogOption, String, Object)
UnityEngine.DebugLogHandler:LogFormat(LogType, Object, String, Object[])
UnityEngine.Logger:Log(LogType, Object)
UnityEngine.Debug:Log(Object)
HighPrecisionStepperJuggler.ImageProcessingInstructionSender:Update()
 
(Filename: C:\build\output\unity\unity\Runtime/Export/Debug/Debug.bindings.h Line: 35)

Ball r, x, y :53.9, 88, 60
UnityEngine.DebugLogHandler:Internal_Log(LogType, LogOption, String, Object)
UnityEngine.DebugLogHandler:LogFormat(LogType, Object, String, Object[])
UnityEngine.Logger:Log(LogType, Object)
UnityEngine.Debug:Log(Object)
HighPrecisionStepperJuggler.ImageProcessingInstructionSender:Update()
 
(Filename: C:\build\output\unity\unity\Runtime/Export/Debug/Debug.bindings.h Line: 35)

Ball r, x, y :52.9, 87, 60
UnityEngine.DebugLogHandler:Internal_Log(LogType, LogOption, String, Object)
UnityEngine.DebugLogHandler:LogFormat(LogType, Object, String, Object[])
UnityEngine.Logger:Log(LogType, Object)
UnityEngine.Debug:Log(Object)
HighPrecisionStepperJuggler.ImageProcessingInstructionSender:Update()
 
(Filename: C:\build\output\unity\unity\Runtime/Export/Debug/Debug.bindings.h Line: 35)

Ball r, x, y :50.76, 87, 60
UnityEngine.DebugLogHandler:Internal_Log(LogType, LogOption, String, Object)
UnityEngine.DebugLogHandler:LogFormat(LogType, Object, String, Object[])
UnityEngine.Logger:Log(LogType, Object)
UnityEngine.Debug:Log(Object)
HighPrecisionStepperJuggler.ImageProcessingInstructionSender:Update()
 
(Filename: C:\build\output\unity\unity\Runtime/Export/Debug/Debug.bindings.h Line: 35)

Ball r, x, y :56.84, 84, 30
UnityEngine.DebugLogHandler:Internal_Log(LogType, LogOption, String, Object)
UnityEngine.DebugLogHandler:LogFormat(LogType, Object, String, Object[])
UnityEngine.Logger:Log(LogType, Object)
UnityEngine.Debug:Log(Object)
HighPrecisionStepperJuggler.ImageProcessingInstructionSender:Update()
 
(Filename: C:\build\output\unity\unity\Runtime/Export/Debug/Debug.bindings.h Line: 35)

Ball r, x, y :55.94, 79, 30
UnityEngine.DebugLogHandler:Internal_Log(LogType, LogOption, String, Object)
UnityEngine.DebugLogHandler:LogFormat(LogType, Object, String, Object[])
UnityEngine.Logger:Log(LogType, Object)
UnityEngine.Debug:Log(Object)
HighPrecisionStepperJuggler.ImageProcessingInstructionSender:Update()
 
(Filename: C:\build\output\unity\unity\Runtime/Export/Debug/Debug.bindings.h Line: 35)

Ball r, x, y :53.4, 75, 30
UnityEngine.DebugLogHandler:Internal_Log(LogType, LogOption, String, Object)
UnityEngine.DebugLogHandler:LogFormat(LogType, Object, String, Object[])
UnityEngine.Logger:Log(LogType, Object)
UnityEngine.Debug:Log(Object)
HighPrecisionStepperJuggler.ImageProcessingInstructionSender:Update()
 
(Filename: C:\build\output\unity\unity\Runtime/Export/Debug/Debug.bindings.h Line: 35)

Ball r, x, y :49.06, 74, 30
UnityEngine.DebugLogHandler:Internal_Log(LogType, LogOption, String, Object)
UnityEngine.DebugLogHandler:LogFormat(LogType, Object, String, Object[])
UnityEngine.Logger:Log(LogType, Object)
UnityEngine.Debug:Log(Object)
HighPrecisionStepperJuggler.ImageProcessingInstructionSender:Update()
 
(Filename: C:\build\output\unity\unity\Runtime/Export/Debug/Debug.bindings.h Line: 35)

Ball r, x, y :43.74, 72, 30
UnityEngine.DebugLogHandler:Internal_Log(LogType, LogOption, String, Object)
UnityEngine.DebugLogHandler:LogFormat(LogType, Object, String, Object[])
UnityEngine.Logger:Log(LogType, Object)
UnityEngine.Debug:Log(Object)
HighPrecisionStepperJuggler.ImageProcessingInstructionSender:Update()
 
(Filename: C:\build\output\unity\unity\Runtime/Export/Debug/Debug.bindings.h Line: 35)

Ball r, x, y :40.68, 71, 30
UnityEngine.DebugLogHandler:Internal_Log(LogType, LogOption, String, Object)
UnityEngine.DebugLogHandler:LogFormat(LogType, Object, String, Object[])
UnityEngine.Logger:Log(LogType, Object)
UnityEngine.Debug:Log(Object)
HighPrecisionStepperJuggler.ImageProcessingInstructionSender:Update()
 
(Filename: C:\build\output\unity\unity\Runtime/Export/Debug/Debug.bindings.h Line: 35)

Ball r, x, y :58.58, 70, 0
UnityEngine.DebugLogHandler:Internal_Log(LogType, LogOption, String, Object)
UnityEngine.DebugLogHandler:LogFormat(LogType, Object, String, Object[])
UnityEngine.Logger:Log(LogType, Object)
UnityEngine.Debug:Log(Object)
HighPrecisionStepperJuggler.ImageProcessingInstructionSender:Update()
 
(Filename: C:\build\output\unity\unity\Runtime/Export/Debug/Debug.bindings.h Line: 35)

Ball r, x, y :58.58, 70, 0
UnityEngine.DebugLogHandler:Internal_Log(LogType, LogOption, String, Object)
UnityEngine.DebugLogHandler:LogFormat(LogType, Object, String, Object[])
UnityEngine.Logger:Log(LogType, Object)
UnityEngine.Debug:Log(Object)
HighPrecisionStepperJuggler.ImageProcessingInstructionSender:Update()
 
(Filename: C:\build\output\unity\unity\Runtime/Export/Debug/Debug.bindings.h Line: 35)

Ball r, x, y :58.58, 70, 0
UnityEngine.DebugLogHandler:Internal_Log(LogType, LogOption, String, Object)
UnityEngine.DebugLogHandler:LogFormat(LogType, Object, String, Object[])
UnityEngine.Logger:Log(LogType, Object)
UnityEngine.Debug:Log(Object)
HighPrecisionStepperJuggler.ImageProcessingInstructionSender:Update()
 
(Filename: C:\build\output\unity\unity\Runtime/Export/Debug/Debug.bindings.h Line: 35)

Ball r, x, y :41.56, 70, 30
UnityEngine.DebugLogHandler:Internal_Log(LogType, LogOption, String, Object)
UnityEngine.DebugLogHandler:LogFormat(LogType, Object, String, Object[])
UnityEngine.Logger:Log(LogType, Object)
UnityEngine.Debug:Log(Object)
HighPrecisionStepperJuggler.ImageProcessingInstructionSender:Update()
 
(Filename: C:\build\output\unity\unity\Runtime/Export/Debug/Debug.bindings.h Line: 35)

Ball r, x, y :43.74, 70, 30
UnityEngine.DebugLogHandler:Internal_Log(LogType, LogOption, String, Object)
UnityEngine.DebugLogHandler:LogFormat(LogType, Object, String, Object[])
UnityEngine.Logger:Log(LogType, Object)
UnityEngine.Debug:Log(Object)
HighPrecisionStepperJuggler.ImageProcessingInstructionSender:Update()
 
(Filename: C:\build\output\unity\unity\Runtime/Export/Debug/Debug.bindings.h Line: 35)

Ball r, x, y :50.3, 73, 30
UnityEngine.DebugLogHandler:Internal_Log(LogType, LogOption, String, Object)
UnityEngine.DebugLogHandler:LogFormat(LogType, Object, String, Object[])
UnityEngine.Logger:Log(LogType, Object)
UnityEngine.Debug:Log(Object)
HighPrecisionStepperJuggler.ImageProcessingInstructionSender:Update()
 
(Filename: C:\build\output\unity\unity\Runtime/Export/Debug/Debug.bindings.h Line: 35)

Ball r, x, y :54.94, 82, 30
UnityEngine.DebugLogHandler:Internal_Log(LogType, LogOption, String, Object)
UnityEngine.DebugLogHandler:LogFormat(LogType, Object, String, Object[])
UnityEngine.Logger:Log(LogType, Object)
UnityEngine.Debug:Log(Object)
HighPrecisionStepperJuggler.ImageProcessingInstructionSender:Update()
 
(Filename: C:\build\output\unity\unity\Runtime/Export/Debug/Debug.bindings.h Line: 35)

Ball r, x, y :57.3, 87, 30
UnityEngine.DebugLogHandler:Internal_Log(LogType, LogOption, String, Object)
UnityEngine.DebugLogHandler:LogFormat(LogType, Object, String, Object[])
UnityEngine.Logger:Log(LogType, Object)
UnityEngine.Debug:Log(Object)
HighPrecisionStepperJuggler.ImageProcessingInstructionSender:Update()
 
(Filename: C:\build\output\unity\unity\Runtime/Export/Debug/Debug.bindings.h Line: 35)

Ball r, x, y :44, 89, 60
UnityEngine.DebugLogHandler:Internal_Log(LogType, LogOption, String, Object)
UnityEngine.DebugLogHandler:LogFormat(LogType, Object, String, Object[])
UnityEngine.Logger:Log(LogType, Object)
UnityEngine.Debug:Log(Object)
HighPrecisionStepperJuggler.ImageProcessingInstructionSender:Update()
 
(Filename: C:\build\output\unity\unity\Runtime/Export/Debug/Debug.bindings.h Line: 35)

Ball r, x, y :46.78, 89, 60
UnityEngine.DebugLogHandler:Internal_Log(LogType, LogOption, String, Object)
UnityEngine.DebugLogHandler:LogFormat(LogType, Object, String, Object[])
UnityEngine.Logger:Log(LogType, Object)
UnityEngine.Debug:Log(Object)
HighPrecisionStepperJuggler.ImageProcessingInstructionSender:Update()
 
(Filename: C:\build\output\unity\unity\Runtime/Export/Debug/Debug.bindings.h Line: 35)

Ball r, x, y :48.56, 91, 60
UnityEngine.DebugLogHandler:Internal_Log(LogType, LogOption, String, Object)
UnityEngine.DebugLogHandler:LogFormat(LogType, Object, String, Object[])
UnityEngine.Logger:Log(LogType, Object)
UnityEngine.Debug:Log(Object)
HighPrecisionStepperJuggler.ImageProcessingInstructionSender:Update()
 
(Filename: C:\build\output\unity\unity\Runtime/Export/Debug/Debug.bindings.h Line: 35)

Ball r, x, y :47.64, 90, 60
UnityEngine.DebugLogHandler:Internal_Log(LogType, LogOption, String, Object)
UnityEngine.DebugLogHandler:LogFormat(LogType, Object, String, Object[])
UnityEngine.Logger:Log(LogType, Object)
UnityEngine.Debug:Log(Object)
HighPrecisionStepperJuggler.ImageProcessingInstructionSender:Update()
 
(Filename: C:\build\output\unity\unity\Runtime/Export/Debug/Debug.bindings.h Line: 35)

Ball r, x, y :48.56, 90, 60
UnityEngine.DebugLogHandler:Internal_Log(LogType, LogOption, String, Object)
UnityEngine.DebugLogHandler:LogFormat(LogType, Object, String, Object[])
UnityEngine.Logger:Log(LogType, Object)
UnityEngine.Debug:Log(Object)
HighPrecisionStepperJuggler.ImageProcessingInstructionSender:Update()
 
(Filename: C:\build\output\unity\unity\Runtime/Export/Debug/Debug.bindings.h Line: 35)

Ball r, x, y :49.34, 91, 60
UnityEngine.DebugLogHandler:Internal_Log(LogType, LogOption, String, Object)
UnityEngine.DebugLogHandler:LogFormat(LogType, Object, String, Object[])
UnityEngine.Logger:Log(LogType, Object)
UnityEngine.Debug:Log(Object)
HighPrecisionStepperJuggler.ImageProcessingInstructionSender:Update()
 
(Filename: C:\build\output\unity\unity\Runtime/Export/Debug/Debug.bindings.h Line: 35)

Ball r, x, y :48.56, 90, 60
UnityEngine.DebugLogHandler:Internal_Log(LogType, LogOption, String, Object)
UnityEngine.DebugLogHandler:LogFormat(LogType, Object, String, Object[])
UnityEngine.Logger:Log(LogType, Object)
UnityEngine.Debug:Log(Object)
HighPrecisionStepperJuggler.ImageProcessingInstructionSender:Update()
 
(Filename: C:\build\output\unity\unity\Runtime/Export/Debug/Debug.bindings.h Line: 35)

Ball r, x, y :45.5, 90, 60
UnityEngine.DebugLogHandler:Internal_Log(LogType, LogOption, String, Object)
UnityEngine.DebugLogHandler:LogFormat(LogType, Object, String, Object[])
UnityEngine.Logger:Log(LogType, Object)
UnityEngine.Debug:Log(Object)
HighPrecisionStepperJuggler.ImageProcessingInstructionSender:Update()
 
(Filename: C:\build\output\unity\unity\Runtime/Export/Debug/Debug.bindings.h Line: 35)

Ball r, x, y :57.72, 85, 30
UnityEngine.DebugLogHandler:Internal_Log(LogType, LogOption, String, Object)
UnityEngine.DebugLogHandler:LogFormat(LogType, Object, String, Object[])
UnityEngine.Logger:Log(LogType, Object)
UnityEngine.Debug:Log(Object)
HighPrecisionStepperJuggler.ImageProcessingInstructionSender:Update()
 
(Filename: C:\build\output\unity\unity\Runtime/Export/Debug/Debug.bindings.h Line: 35)

Ball r, x, y :53.4, 77, 30
UnityEngine.DebugLogHandler:Internal_Log(LogType, LogOption, String, Object)
UnityEngine.DebugLogHandler:LogFormat(LogType, Object, String, Object[])
UnityEngine.Logger:Log(LogType, Object)
UnityEngine.Debug:Log(Object)
HighPrecisionStepperJuggler.ImageProcessingInstructionSender:Update()
 
(Filename: C:\build\output\unity\unity\Runtime/Export/Debug/Debug.bindings.h Line: 35)

Ball r, x, y :45.5, 69, 30
UnityEngine.DebugLogHandler:Internal_Log(LogType, LogOption, String, Object)
UnityEngine.DebugLogHandler:LogFormat(LogType, Object, String, Object[])
UnityEngine.Logger:Log(LogType, Object)
UnityEngine.Debug:Log(Object)
HighPrecisionStepperJuggler.ImageProcessingInstructionSender:Update()
 
(Filename: C:\build\output\unity\unity\Runtime/Export/Debug/Debug.bindings.h Line: 35)

Ball r, x, y :57.72, 62, 0
UnityEngine.DebugLogHandler:Internal_Log(LogType, LogOption, String, Object)
UnityEngine.DebugLogHandler:LogFormat(LogType, Object, String, Object[])
UnityEngine.Logger:Log(LogType, Object)
UnityEngine.Debug:Log(Object)
HighPrecisionStepperJuggler.ImageProcessingInstructionSender:Update()
 
(Filename: C:\build\output\unity\unity\Runtime/Export/Debug/Debug.bindings.h Line: 35)

Ball r, x, y :54.94, 58, 0
UnityEngine.DebugLogHandler:Internal_Log(LogType, LogOption, String, Object)
UnityEngine.DebugLogHandler:LogFormat(LogType, Object, String, Object[])
UnityEngine.Logger:Log(LogType, Object)
UnityEngine.Debug:Log(Object)
HighPrecisionStepperJuggler.ImageProcessingInstructionSender:Update()
 
(Filename: C:\build\output\unity\unity\Runtime/Export/Debug/Debug.bindings.h Line: 35)

Ball r, x, y :52.9, 56, 0
UnityEngine.DebugLogHandler:Internal_Log(LogType, LogOption, String, Object)
UnityEngine.DebugLogHandler:LogFormat(LogType, Object, String, Object[])
UnityEngine.Logger:Log(LogType, Object)
UnityEngine.Debug:Log(Object)
HighPrecisionStepperJuggler.ImageProcessingInstructionSender:Update()
 
(Filename: C:\build\output\unity\unity\Runtime/Export/Debug/Debug.bindings.h Line: 35)

Ball r, x, y :47.64, 54, 0
UnityEngine.DebugLogHandler:Internal_Log(LogType, LogOption, String, Object)
UnityEngine.DebugLogHandler:LogFormat(LogType, Object, String, Object[])
UnityEngine.Logger:Log(LogType, Object)
UnityEngine.Debug:Log(Object)
HighPrecisionStepperJuggler.ImageProcessingInstructionSender:Update()
 
(Filename: C:\build\output\unity\unity\Runtime/Export/Debug/Debug.bindings.h Line: 35)

Ball r, x, y :59.04, 50, -30
UnityEngine.DebugLogHandler:Internal_Log(LogType, LogOption, String, Object)
UnityEngine.DebugLogHandler:LogFormat(LogType, Object, String, Object[])
UnityEngine.Logger:Log(LogType, Object)
UnityEngine.Debug:Log(Object)
HighPrecisionStepperJuggler.ImageProcessingInstructionSender:Update()
 
(Filename: C:\build\output\unity\unity\Runtime/Export/Debug/Debug.bindings.h Line: 35)

Ball r, x, y :57.72, 45, -30
UnityEngine.DebugLogHandler:Internal_Log(LogType, LogOption, String, Object)
UnityEngine.DebugLogHandler:LogFormat(LogType, Object, String, Object[])
UnityEngine.Logger:Log(LogType, Object)
UnityEngine.Debug:Log(Object)
HighPrecisionStepperJuggler.ImageProcessingInstructionSender:Update()
 
(Filename: C:\build\output\unity\unity\Runtime/Export/Debug/Debug.bindings.h Line: 35)

Ball r, x, y :55.94, 41, -30
UnityEngine.DebugLogHandler:Internal_Log(LogType, LogOption, String, Object)
UnityEngine.DebugLogHandler:LogFormat(LogType, Object, String, Object[])
UnityEngine.Logger:Log(LogType, Object)
UnityEngine.Debug:Log(Object)
HighPrecisionStepperJuggler.ImageProcessingInstructionSender:Update()
 
(Filename: C:\build\output\unity\unity\Runtime/Export/Debug/Debug.bindings.h Line: 35)

Ball r, x, y :54.68, 39, -30
UnityEngine.DebugLogHandler:Internal_Log(LogType, LogOption, String, Object)
UnityEngine.DebugLogHandler:LogFormat(LogType, Object, String, Object[])
UnityEngine.Logger:Log(LogType, Object)
UnityEngine.Debug:Log(Object)
HighPrecisionStepperJuggler.ImageProcessingInstructionSender:Update()
 
(Filename: C:\build\output\unity\unity\Runtime/Export/Debug/Debug.bindings.h Line: 35)

Ball r, x, y :52.9, 38, -30
UnityEngine.DebugLogHandler:Internal_Log(LogType, LogOption, String, Object)
UnityEngine.DebugLogHandler:LogFormat(LogType, Object, String, Object[])
UnityEngine.Logger:Log(LogType, Object)
UnityEngine.Debug:Log(Object)
HighPrecisionStepperJuggler.ImageProcessingInstructionSender:Update()
 
(Filename: C:\build\output\unity\unity\Runtime/Export/Debug/Debug.bindings.h Line: 35)

Ball r, x, y :50.76, 36, -30
UnityEngine.DebugLogHandler:Internal_Log(LogType, LogOption, String, Object)
UnityEngine.DebugLogHandler:LogFormat(LogType, Object, String, Object[])
UnityEngine.Logger:Log(LogType, Object)
UnityEngine.Debug:Log(Object)
HighPrecisionStepperJuggler.ImageProcessingInstructionSender:Update()
 
(Filename: C:\build\output\unity\unity\Runtime/Export/Debug/Debug.bindings.h Line: 35)

Ball r, x, y :49.06, 34, -30
UnityEngine.DebugLogHandler:Internal_Log(LogType, LogOption, String, Object)
UnityEngine.DebugLogHandler:LogFormat(LogType, Object, String, Object[])
UnityEngine.Logger:Log(LogType, Object)
UnityEngine.Debug:Log(Object)
HighPrecisionStepperJuggler.ImageProcessingInstructionSender:Update()
 
(Filename: C:\build\output\unity\unity\Runtime/Export/Debug/Debug.bindings.h Line: 35)

Ball r, x, y :48.56, 33, -30
UnityEngine.DebugLogHandler:Internal_Log(LogType, LogOption, String, Object)
UnityEngine.DebugLogHandler:LogFormat(LogType, Object, String, Object[])
UnityEngine.Logger:Log(LogType, Object)
UnityEngine.Debug:Log(Object)
HighPrecisionStepperJuggler.ImageProcessingInstructionSender:Update()
 
(Filename: C:\build\output\unity\unity\Runtime/Export/Debug/Debug.bindings.h Line: 35)

Ball r, x, y :49.84, 34, -30
UnityEngine.DebugLogHandler:Internal_Log(LogType, LogOption, String, Object)
UnityEngine.DebugLogHandler:LogFormat(LogType, Object, String, Object[])
UnityEngine.Logger:Log(LogType, Object)
UnityEngine.Debug:Log(Object)
HighPrecisionStepperJuggler.ImageProcessingInstructionSender:Update()
 
(Filename: C:\build\output\unity\unity\Runtime/Export/Debug/Debug.bindings.h Line: 35)

Ball r, x, y :50.3, 33, -30
UnityEngine.DebugLogHandler:Internal_Log(LogType, LogOption, String, Object)
UnityEngine.DebugLogHandler:LogFormat(LogType, Object, String, Object[])
UnityEngine.Logger:Log(LogType, Object)
UnityEngine.Debug:Log(Object)
HighPrecisionStepperJuggler.ImageProcessingInstructionSender:Update()
 
(Filename: C:\build\output\unity\unity\Runtime/Export/Debug/Debug.bindings.h Line: 35)

Ball r, x, y :50.3, 34, -30
UnityEngine.DebugLogHandler:Internal_Log(LogType, LogOption, String, Object)
UnityEngine.DebugLogHandler:LogFormat(LogType, Object, String, Object[])
UnityEngine.Logger:Log(LogType, Object)
UnityEngine.Debug:Log(Object)
HighPrecisionStepperJuggler.ImageProcessingInstructionSender:Update()
 
(Filename: C:\build\output\unity\unity\Runtime/Export/Debug/Debug.bindings.h Line: 35)

Ball r, x, y :51.62, 35, -30
UnityEngine.DebugLogHandler:Internal_Log(LogType, LogOption, String, Object)
UnityEngine.DebugLogHandler:LogFormat(LogType, Object, String, Object[])
UnityEngine.Logger:Log(LogType, Object)
UnityEngine.Debug:Log(Object)
HighPrecisionStepperJuggler.ImageProcessingInstructionSender:Update()
 
(Filename: C:\build\output\unity\unity\Runtime/Export/Debug/Debug.bindings.h Line: 35)

Ball r, x, y :53.9, 36, -30
UnityEngine.DebugLogHandler:Internal_Log(LogType, LogOption, String, Object)
UnityEngine.DebugLogHandler:LogFormat(LogType, Object, String, Object[])
UnityEngine.Logger:Log(LogType, Object)
UnityEngine.Debug:Log(Object)
HighPrecisionStepperJuggler.ImageProcessingInstructionSender:Update()
 
(Filename: C:\build\output\unity\unity\Runtime/Export/Debug/Debug.bindings.h Line: 35)

Ball r, x, y :54.68, 37, -30
UnityEngine.DebugLogHandler:Internal_Log(LogType, LogOption, String, Object)
UnityEngine.DebugLogHandler:LogFormat(LogType, Object, String, Object[])
UnityEngine.Logger:Log(LogType, Object)
UnityEngine.Debug:Log(Object)
HighPrecisionStepperJuggler.ImageProcessingInstructionSender:Update()
 
(Filename: C:\build\output\unity\unity\Runtime/Export/Debug/Debug.bindings.h Line: 35)

Ball r, x, y :54.94, 38, -30
UnityEngine.DebugLogHandler:Internal_Log(LogType, LogOption, String, Object)
UnityEngine.DebugLogHandler:LogFormat(LogType, Object, String, Object[])
UnityEngine.Logger:Log(LogType, Object)
UnityEngine.Debug:Log(Object)
HighPrecisionStepperJuggler.ImageProcessingInstructionSender:Update()
 
(Filename: C:\build\output\unity\unity\Runtime/Export/Debug/Debug.bindings.h Line: 35)

Ball r, x, y :57.72, 42, -30
UnityEngine.DebugLogHandler:Internal_Log(LogType, LogOption, String, Object)
UnityEngine.DebugLogHandler:LogFormat(LogType, Object, String, Object[])
UnityEngine.Logger:Log(LogType, Object)
UnityEngine.Debug:Log(Object)
HighPrecisionStepperJuggler.ImageProcessingInstructionSender:Update()
 
(Filename: C:\build\output\unity\unity\Runtime/Export/Debug/Debug.bindings.h Line: 35)

Ball r, x, y :48.1, 50, 0
UnityEngine.DebugLogHandler:Internal_Log(LogType, LogOption, String, Object)
UnityEngine.DebugLogHandler:LogFormat(LogType, Object, String, Object[])
UnityEngine.Logger:Log(LogType, Object)
UnityEngine.Debug:Log(Object)
HighPrecisionStepperJuggler.ImageProcessingInstructionSender:Update()
 
(Filename: C:\build\output\unity\unity\Runtime/Export/Debug/Debug.bindings.h Line: 35)

Ball r, x, y :39.82, 64, 30
UnityEngine.DebugLogHandler:Internal_Log(LogType, LogOption, String, Object)
UnityEngine.DebugLogHandler:LogFormat(LogType, Object, String, Object[])
UnityEngine.Logger:Log(LogType, Object)
UnityEngine.Debug:Log(Object)
HighPrecisionStepperJuggler.ImageProcessingInstructionSender:Update()
 
(Filename: C:\build\output\unity\unity\Runtime/Export/Debug/Debug.bindings.h Line: 35)

Ball r, x, y :54.94, 77, 30
UnityEngine.DebugLogHandler:Internal_Log(LogType, LogOption, String, Object)
UnityEngine.DebugLogHandler:LogFormat(LogType, Object, String, Object[])
UnityEngine.Logger:Log(LogType, Object)
UnityEngine.Debug:Log(Object)
HighPrecisionStepperJuggler.ImageProcessingInstructionSender:Update()
 
(Filename: C:\build\output\unity\unity\Runtime/Export/Debug/Debug.bindings.h Line: 35)

Ball r, x, y :48.1, 87, 60
UnityEngine.DebugLogHandler:Internal_Log(LogType, LogOption, String, Object)
UnityEngine.DebugLogHandler:LogFormat(LogType, Object, String, Object[])
UnityEngine.Logger:Log(LogType, Object)
UnityEngine.Debug:Log(Object)
HighPrecisionStepperJuggler.ImageProcessingInstructionSender:Update()
 
(Filename: C:\build\output\unity\unity\Runtime/Export/Debug/Debug.bindings.h Line: 35)

Ball r, x, y :55.94, 95, 60
UnityEngine.DebugLogHandler:Internal_Log(LogType, LogOption, String, Object)
UnityEngine.DebugLogHandler:LogFormat(LogType, Object, String, Object[])
UnityEngine.Logger:Log(LogType, Object)
UnityEngine.Debug:Log(Object)
HighPrecisionStepperJuggler.ImageProcessingInstructionSender:Update()
 
(Filename: C:\build\output\unity\unity\Runtime/Export/Debug/Debug.bindings.h Line: 35)

Ball r, x, y :56.84, 96, 60
UnityEngine.DebugLogHandler:Internal_Log(LogType, LogOption, String, Object)
UnityEngine.DebugLogHandler:LogFormat(LogType, Object, String, Object[])
UnityEngine.Logger:Log(LogType, Object)
UnityEngine.Debug:Log(Object)
HighPrecisionStepperJuggler.ImageProcessingInstructionSender:Update()
 
(Filename: C:\build\output\unity\unity\Runtime/Export/Debug/Debug.bindings.h Line: 35)

Ball r, x, y :57.3, 94, 60
UnityEngine.DebugLogHandler:Internal_Log(LogType, LogOption, String, Object)
UnityEngine.DebugLogHandler:LogFormat(LogType, Object, String, Object[])
UnityEngine.Logger:Log(LogType, Object)
UnityEngine.Debug:Log(Object)
HighPrecisionStepperJuggler.ImageProcessingInstructionSender:Update()
 
(Filename: C:\build\output\unity\unity\Runtime/Export/Debug/Debug.bindings.h Line: 35)

Ball r, x, y :55.44, 89, 60
UnityEngine.DebugLogHandler:Internal_Log(LogType, LogOption, String, Object)
UnityEngine.DebugLogHandler:LogFormat(LogType, Object, String, Object[])
UnityEngine.Logger:Log(LogType, Object)
UnityEngine.Debug:Log(Object)
HighPrecisionStepperJuggler.ImageProcessingInstructionSender:Update()
 
(Filename: C:\build\output\unity\unity\Runtime/Export/Debug/Debug.bindings.h Line: 35)

Ball r, x, y :44, 97, 90
UnityEngine.DebugLogHandler:Internal_Log(LogType, LogOption, String, Object)
UnityEngine.DebugLogHandler:LogFormat(LogType, Object, String, Object[])
UnityEngine.Logger:Log(LogType, Object)
UnityEngine.Debug:Log(Object)
HighPrecisionStepperJuggler.ImageProcessingInstructionSender:Update()
 
(Filename: C:\build\output\unity\unity\Runtime/Export/Debug/Debug.bindings.h Line: 35)

Ball r, x, y :58.22, 124, 90
UnityEngine.DebugLogHandler:Internal_Log(LogType, LogOption, String, Object)
UnityEngine.DebugLogHandler:LogFormat(LogType, Object, String, Object[])
UnityEngine.Logger:Log(LogType, Object)
UnityEngine.Debug:Log(Object)
HighPrecisionStepperJuggler.ImageProcessingInstructionSender:Update()
 
(Filename: C:\build\output\unity\unity\Runtime/Export/Debug/Debug.bindings.h Line: 35)

Ball r, x, y :49.84, 145, 120
UnityEngine.DebugLogHandler:Internal_Log(LogType, LogOption, String, Object)
UnityEngine.DebugLogHandler:LogFormat(LogType, Object, String, Object[])
UnityEngine.Logger:Log(LogType, Object)
UnityEngine.Debug:Log(Object)
HighPrecisionStepperJuggler.ImageProcessingInstructionSender:Update()
 
(Filename: C:\build\output\unity\unity\Runtime/Export/Debug/Debug.bindings.h Line: 35)

Ball r, x, y :61.7, 131, 90
UnityEngine.DebugLogHandler:Internal_Log(LogType, LogOption, String, Object)
UnityEngine.DebugLogHandler:LogFormat(LogType, Object, String, Object[])
UnityEngine.Logger:Log(LogType, Object)
UnityEngine.Debug:Log(Object)
HighPrecisionStepperJuggler.ImageProcessingInstructionSender:Update()
 
(Filename: C:\build\output\unity\unity\Runtime/Export/Debug/Debug.bindings.h Line: 35)

Ball r, x, y :49.84, 106, 90
UnityEngine.DebugLogHandler:Internal_Log(LogType, LogOption, String, Object)
UnityEngine.DebugLogHandler:LogFormat(LogType, Object, String, Object[])
UnityEngine.Logger:Log(LogType, Object)
UnityEngine.Debug:Log(Object)
HighPrecisionStepperJuggler.ImageProcessingInstructionSender:Update()
 
(Filename: C:\build\output\unity\unity\Runtime/Export/Debug/Debug.bindings.h Line: 35)

Ball r, x, y :44, 97, 90
UnityEngine.DebugLogHandler:Internal_Log(LogType, LogOption, String, Object)
UnityEngine.DebugLogHandler:LogFormat(LogType, Object, String, Object[])
UnityEngine.Logger:Log(LogType, Object)
UnityEngine.Debug:Log(Object)
HighPrecisionStepperJuggler.ImageProcessingInstructionSender:Update()
 
(Filename: C:\build\output\unity\unity\Runtime/Export/Debug/Debug.bindings.h Line: 35)

Ball r, x, y :49.06, 114, 90
UnityEngine.DebugLogHandler:Internal_Log(LogType, LogOption, String, Object)
UnityEngine.DebugLogHandler:LogFormat(LogType, Object, String, Object[])
UnityEngine.Logger:Log(LogType, Object)
UnityEngine.Debug:Log(Object)
HighPrecisionStepperJuggler.ImageProcessingInstructionSender:Update()
 
(Filename: C:\build\output\unity\unity\Runtime/Export/Debug/Debug.bindings.h Line: 35)

Ball r, x, y :60, 138, 90
UnityEngine.DebugLogHandler:Internal_Log(LogType, LogOption, String, Object)
UnityEngine.DebugLogHandler:LogFormat(LogType, Object, String, Object[])
UnityEngine.Logger:Log(LogType, Object)
UnityEngine.Debug:Log(Object)
HighPrecisionStepperJuggler.ImageProcessingInstructionSender:Update()
 
(Filename: C:\build\output\unity\unity\Runtime/Export/Debug/Debug.bindings.h Line: 35)

Ball r, x, y :254.2256, 33, 58
UnityEngine.DebugLogHandler:Internal_Log(LogType, LogOption, String, Object)
UnityEngine.DebugLogHandler:LogFormat(LogType, Object, String, Object[])
UnityEngine.Logger:Log(LogType, Object)
UnityEngine.Debug:Log(Object)
HighPrecisionStepperJuggler.ImageProcessingInstructionSender:Update()
 
(Filename: C:\build\output\unity\unity\Runtime/Export/Debug/Debug.bindings.h Line: 35)

Ball r, x, y :50.3, 116, 90
UnityEngine.DebugLogHandler:Internal_Log(LogType, LogOption, String, Object)
UnityEngine.DebugLogHandler:LogFormat(LogType, Object, String, Object[])
UnityEngine.Logger:Log(LogType, Object)
UnityEngine.Debug:Log(Object)
HighPrecisionStepperJuggler.ImageProcessingInstructionSender:Update()
 
(Filename: C:\build\output\unity\unity\Runtime/Export/Debug/Debug.bindings.h Line: 35)

Ball r, x, y :58.22, 105, 60
UnityEngine.DebugLogHandler:Internal_Log(LogType, LogOption, String, Object)
UnityEngine.DebugLogHandler:LogFormat(LogType, Object, String, Object[])
UnityEngine.Logger:Log(LogType, Object)
UnityEngine.Debug:Log(Object)
HighPrecisionStepperJuggler.ImageProcessingInstructionSender:Update()
 
(Filename: C:\build\output\unity\unity\Runtime/Export/Debug/Debug.bindings.h Line: 35)

Ball r, x, y :60.28, 118, 60
UnityEngine.DebugLogHandler:Internal_Log(LogType, LogOption, String, Object)
UnityEngine.DebugLogHandler:LogFormat(LogType, Object, String, Object[])
UnityEngine.Logger:Log(LogType, Object)
UnityEngine.Debug:Log(Object)
HighPrecisionStepperJuggler.ImageProcessingInstructionSender:Update()
 
(Filename: C:\build\output\unity\unity\Runtime/Export/Debug/Debug.bindings.h Line: 35)

Ball r, x, y :52.9, 129, 90
UnityEngine.DebugLogHandler:Internal_Log(LogType, LogOption, String, Object)
UnityEngine.DebugLogHandler:LogFormat(LogType, Object, String, Object[])
UnityEngine.Logger:Log(LogType, Object)
UnityEngine.Debug:Log(Object)
HighPrecisionStepperJuggler.ImageProcessingInstructionSender:Update()
 
(Filename: C:\build\output\unity\unity\Runtime/Export/Debug/Debug.bindings.h Line: 35)

Ball r, x, y :63.44, 120, 60
UnityEngine.DebugLogHandler:Internal_Log(LogType, LogOption, String, Object)
UnityEngine.DebugLogHandler:LogFormat(LogType, Object, String, Object[])
UnityEngine.Logger:Log(LogType, Object)
UnityEngine.Debug:Log(Object)
HighPrecisionStepperJuggler.ImageProcessingInstructionSender:Update()
 
(Filename: C:\build\output\unity\unity\Runtime/Export/Debug/Debug.bindings.h Line: 35)

Ball r, x, y :57.3, 103, 60
UnityEngine.DebugLogHandler:Internal_Log(LogType, LogOption, String, Object)
UnityEngine.DebugLogHandler:LogFormat(LogType, Object, String, Object[])
UnityEngine.Logger:Log(LogType, Object)
UnityEngine.Debug:Log(Object)
HighPrecisionStepperJuggler.ImageProcessingInstructionSender:Update()
 
(Filename: C:\build\output\unity\unity\Runtime/Export/Debug/Debug.bindings.h Line: 35)

Ball r, x, y :58.58, 112, 60
UnityEngine.DebugLogHandler:Internal_Log(LogType, LogOption, String, Object)
UnityEngine.DebugLogHandler:LogFormat(LogType, Object, String, Object[])
UnityEngine.Logger:Log(LogType, Object)
UnityEngine.Debug:Log(Object)
HighPrecisionStepperJuggler.ImageProcessingInstructionSender:Update()
 
(Filename: C:\build\output\unity\unity\Runtime/Export/Debug/Debug.bindings.h Line: 35)

Ball r, x, y :59.5, 137, 30
UnityEngine.DebugLogHandler:Internal_Log(LogType, LogOption, String, Object)
UnityEngine.DebugLogHandler:LogFormat(LogType, Object, String, Object[])
UnityEngine.Logger:Log(LogType, Object)
UnityEngine.Debug:Log(Object)
HighPrecisionStepperJuggler.ImageProcessingInstructionSender:Update()
 
(Filename: C:\build\output\unity\unity\Runtime/Export/Debug/Debug.bindings.h Line: 35)

Ball r, x, y :57.72, 138, 90
UnityEngine.DebugLogHandler:Internal_Log(LogType, LogOption, String, Object)
UnityEngine.DebugLogHandler:LogFormat(LogType, Object, String, Object[])
UnityEngine.Logger:Log(LogType, Object)
UnityEngine.Debug:Log(Object)
HighPrecisionStepperJuggler.ImageProcessingInstructionSender:Update()
 
(Filename: C:\build\output\unity\unity\Runtime/Export/Debug/Debug.bindings.h Line: 35)

Ball r, x, y :63.44, 121, 60
UnityEngine.DebugLogHandler:Internal_Log(LogType, LogOption, String, Object)
UnityEngine.DebugLogHandler:LogFormat(LogType, Object, String, Object[])
UnityEngine.Logger:Log(LogType, Object)
UnityEngine.Debug:Log(Object)
HighPrecisionStepperJuggler.ImageProcessingInstructionSender:Update()
 
(Filename: C:\build\output\unity\unity\Runtime/Export/Debug/Debug.bindings.h Line: 35)

Ball r, x, y :61.24, 117, 60
UnityEngine.DebugLogHandler:Internal_Log(LogType, LogOption, String, Object)
UnityEngine.DebugLogHandler:LogFormat(LogType, Object, String, Object[])
UnityEngine.Logger:Log(LogType, Object)
UnityEngine.Debug:Log(Object)
HighPrecisionStepperJuggler.ImageProcessingInstructionSender:Update()
 
(Filename: C:\build\output\unity\unity\Runtime/Export/Debug/Debug.bindings.h Line: 35)

Ball r, x, y :47.64, 135, 30
UnityEngine.DebugLogHandler:Internal_Log(LogType, LogOption, String, Object)
UnityEngine.DebugLogHandler:LogFormat(LogType, Object, String, Object[])
UnityEngine.Logger:Log(LogType, Object)
UnityEngine.Debug:Log(Object)
HighPrecisionStepperJuggler.ImageProcessingInstructionSender:Update()
 
(Filename: C:\build\output\unity\unity\Runtime/Export/Debug/Debug.bindings.h Line: 35)

Ball r, x, y :64.84, 127, 60
UnityEngine.DebugLogHandler:Internal_Log(LogType, LogOption, String, Object)
UnityEngine.DebugLogHandler:LogFormat(LogType, Object, String, Object[])
UnityEngine.Logger:Log(LogType, Object)
UnityEngine.Debug:Log(Object)
HighPrecisionStepperJuggler.ImageProcessingInstructionSender:Update()
 
(Filename: C:\build\output\unity\unity\Runtime/Export/Debug/Debug.bindings.h Line: 35)

Ball r, x, y :63.84, 122, 60
UnityEngine.DebugLogHandler:Internal_Log(LogType, LogOption, String, Object)
UnityEngine.DebugLogHandler:LogFormat(LogType, Object, String, Object[])
UnityEngine.Logger:Log(LogType, Object)
UnityEngine.Debug:Log(Object)
HighPrecisionStepperJuggler.ImageProcessingInstructionSender:Update()
 
(Filename: C:\build\output\unity\unity\Runtime/Export/Debug/Debug.bindings.h Line: 35)

Ball r, x, y :62.56, 116, 60
UnityEngine.DebugLogHandler:Internal_Log(LogType, LogOption, String, Object)
UnityEngine.DebugLogHandler:LogFormat(LogType, Object, String, Object[])
UnityEngine.Logger:Log(LogType, Object)
UnityEngine.Debug:Log(Object)
HighPrecisionStepperJuggler.ImageProcessingInstructionSender:Update()
 
(Filename: C:\build\output\unity\unity\Runtime/Export/Debug/Debug.bindings.h Line: 35)

Ball r, x, y :54.4, 112, 30
UnityEngine.DebugLogHandler:Internal_Log(LogType, LogOption, String, Object)
UnityEngine.DebugLogHandler:LogFormat(LogType, Object, String, Object[])
UnityEngine.Logger:Log(LogType, Object)
UnityEngine.Debug:Log(Object)
HighPrecisionStepperJuggler.ImageProcessingInstructionSender:Update()
 
(Filename: C:\build\output\unity\unity\Runtime/Export/Debug/Debug.bindings.h Line: 35)

Ball r, x, y :62.56, 110, 60
UnityEngine.DebugLogHandler:Internal_Log(LogType, LogOption, String, Object)
UnityEngine.DebugLogHandler:LogFormat(LogType, Object, String, Object[])
UnityEngine.Logger:Log(LogType, Object)
UnityEngine.Debug:Log(Object)
HighPrecisionStepperJuggler.ImageProcessingInstructionSender:Update()
 
(Filename: C:\build\output\unity\unity\Runtime/Export/Debug/Debug.bindings.h Line: 35)

Ball r, x, y :60.28, 116, 60
UnityEngine.DebugLogHandler:Internal_Log(LogType, LogOption, String, Object)
UnityEngine.DebugLogHandler:LogFormat(LogType, Object, String, Object[])
UnityEngine.Logger:Log(LogType, Object)
UnityEngine.Debug:Log(Object)
HighPrecisionStepperJuggler.ImageProcessingInstructionSender:Update()
 
(Filename: C:\build\output\unity\unity\Runtime/Export/Debug/Debug.bindings.h Line: 35)

Ball r, x, y :64.84, 126, 60
UnityEngine.DebugLogHandler:Internal_Log(LogType, LogOption, String, Object)
UnityEngine.DebugLogHandler:LogFormat(LogType, Object, String, Object[])
UnityEngine.Logger:Log(LogType, Object)
UnityEngine.Debug:Log(Object)
HighPrecisionStepperJuggler.ImageProcessingInstructionSender:Update()
 
(Filename: C:\build\output\unity\unity\Runtime/Export/Debug/Debug.bindings.h Line: 35)

Ball r, x, y :66.38, 128, 60
UnityEngine.DebugLogHandler:Internal_Log(LogType, LogOption, String, Object)
UnityEngine.DebugLogHandler:LogFormat(LogType, Object, String, Object[])
UnityEngine.Logger:Log(LogType, Object)
UnityEngine.Debug:Log(Object)
HighPrecisionStepperJuggler.ImageProcessingInstructionSender:Update()
 
(Filename: C:\build\output\unity\unity\Runtime/Export/Debug/Debug.bindings.h Line: 35)

Ball r, x, y :65.34, 125, 60
UnityEngine.DebugLogHandler:Internal_Log(LogType, LogOption, String, Object)
UnityEngine.DebugLogHandler:LogFormat(LogType, Object, String, Object[])
UnityEngine.Logger:Log(LogType, Object)
UnityEngine.Debug:Log(Object)
HighPrecisionStepperJuggler.ImageProcessingInstructionSender:Update()
 
(Filename: C:\build\output\unity\unity\Runtime/Export/Debug/Debug.bindings.h Line: 35)

Ball r, x, y :62.56, 118, 60
UnityEngine.DebugLogHandler:Internal_Log(LogType, LogOption, String, Object)
UnityEngine.DebugLogHandler:LogFormat(LogType, Object, String, Object[])
UnityEngine.Logger:Log(LogType, Object)
UnityEngine.Debug:Log(Object)
HighPrecisionStepperJuggler.ImageProcessingInstructionSender:Update()
 
(Filename: C:\build\output\unity\unity\Runtime/Export/Debug/Debug.bindings.h Line: 35)

Ball r, x, y :60.28, 115, 60
UnityEngine.DebugLogHandler:Internal_Log(LogType, LogOption, String, Object)
UnityEngine.DebugLogHandler:LogFormat(LogType, Object, String, Object[])
UnityEngine.Logger:Log(LogType, Object)
UnityEngine.Debug:Log(Object)
HighPrecisionStepperJuggler.ImageProcessingInstructionSender:Update()
 
(Filename: C:\build\output\unity\unity\Runtime/Export/Debug/Debug.bindings.h Line: 35)

Ball r, x, y :60.28, 116, 60
UnityEngine.DebugLogHandler:Internal_Log(LogType, LogOption, String, Object)
UnityEngine.DebugLogHandler:LogFormat(LogType, Object, String, Object[])
UnityEngine.Logger:Log(LogType, Object)
UnityEngine.Debug:Log(Object)
HighPrecisionStepperJuggler.ImageProcessingInstructionSender:Update()
 
(Filename: C:\build\output\unity\unity\Runtime/Export/Debug/Debug.bindings.h Line: 35)

Ball r, x, y :60.78, 117, 60
UnityEngine.DebugLogHandler:Internal_Log(LogType, LogOption, String, Object)
UnityEngine.DebugLogHandler:LogFormat(LogType, Object, String, Object[])
UnityEngine.Logger:Log(LogType, Object)
UnityEngine.Debug:Log(Object)
HighPrecisionStepperJuggler.ImageProcessingInstructionSender:Update()
 
(Filename: C:\build\output\unity\unity\Runtime/Export/Debug/Debug.bindings.h Line: 35)

Ball r, x, y :61.24, 117, 60
UnityEngine.DebugLogHandler:Internal_Log(LogType, LogOption, String, Object)
UnityEngine.DebugLogHandler:LogFormat(LogType, Object, String, Object[])
UnityEngine.Logger:Log(LogType, Object)
UnityEngine.Debug:Log(Object)
HighPrecisionStepperJuggler.ImageProcessingInstructionSender:Update()
 
(Filename: C:\build\output\unity\unity\Runtime/Export/Debug/Debug.bindings.h Line: 35)

Ball r, x, y :60.78, 116, 60
UnityEngine.DebugLogHandler:Internal_Log(LogType, LogOption, String, Object)
UnityEngine.DebugLogHandler:LogFormat(LogType, Object, String, Object[])
UnityEngine.Logger:Log(LogType, Object)
UnityEngine.Debug:Log(Object)
HighPrecisionStepperJuggler.ImageProcessingInstructionSender:Update()
 
(Filename: C:\build\output\unity\unity\Runtime/Export/Debug/Debug.bindings.h Line: 35)

Ball r, x, y :60.78, 115, 60
UnityEngine.DebugLogHandler:Internal_Log(LogType, LogOption, String, Object)
UnityEngine.DebugLogHandler:LogFormat(LogType, Object, String, Object[])
UnityEngine.Logger:Log(LogType, Object)
UnityEngine.Debug:Log(Object)
HighPrecisionStepperJuggler.ImageProcessingInstructionSender:Update()
 
(Filename: C:\build\output\unity\unity\Runtime/Export/Debug/Debug.bindings.h Line: 35)

Ball r, x, y :61.7, 115, 60
UnityEngine.DebugLogHandler:Internal_Log(LogType, LogOption, String, Object)
UnityEngine.DebugLogHandler:LogFormat(LogType, Object, String, Object[])
UnityEngine.Logger:Log(LogType, Object)
UnityEngine.Debug:Log(Object)
HighPrecisionStepperJuggler.ImageProcessingInstructionSender:Update()
 
(Filename: C:\build\output\unity\unity\Runtime/Export/Debug/Debug.bindings.h Line: 35)

Ball r, x, y :62.06, 116, 60
UnityEngine.DebugLogHandler:Internal_Log(LogType, LogOption, String, Object)
UnityEngine.DebugLogHandler:LogFormat(LogType, Object, String, Object[])
UnityEngine.Logger:Log(LogType, Object)
UnityEngine.Debug:Log(Object)
HighPrecisionStepperJuggler.ImageProcessingInstructionSender:Update()
 
(Filename: C:\build\output\unity\unity\Runtime/Export/Debug/Debug.bindings.h Line: 35)

Ball r, x, y :61.7, 115, 60
UnityEngine.DebugLogHandler:Internal_Log(LogType, LogOption, String, Object)
UnityEngine.DebugLogHandler:LogFormat(LogType, Object, String, Object[])
UnityEngine.Logger:Log(LogType, Object)
UnityEngine.Debug:Log(Object)
HighPrecisionStepperJuggler.ImageProcessingInstructionSender:Update()
 
(Filename: C:\build\output\unity\unity\Runtime/Export/Debug/Debug.bindings.h Line: 35)

Ball r, x, y :62.06, 115, 60
UnityEngine.DebugLogHandler:Internal_Log(LogType, LogOption, String, Object)
UnityEngine.DebugLogHandler:LogFormat(LogType, Object, String, Object[])
UnityEngine.Logger:Log(LogType, Object)
UnityEngine.Debug:Log(Object)
HighPrecisionStepperJuggler.ImageProcessingInstructionSender:Update()
 
(Filename: C:\build\output\unity\unity\Runtime/Export/Debug/Debug.bindings.h Line: 35)

Ball r, x, y :62.06, 115, 60
UnityEngine.DebugLogHandler:Internal_Log(LogType, LogOption, String, Object)
UnityEngine.DebugLogHandler:LogFormat(LogType, Object, String, Object[])
UnityEngine.Logger:Log(LogType, Object)
UnityEngine.Debug:Log(Object)
HighPrecisionStepperJuggler.ImageProcessingInstructionSender:Update()
 
(Filename: C:\build\output\unity\unity\Runtime/Export/Debug/Debug.bindings.h Line: 35)

Ball r, x, y :62.06, 115, 60
UnityEngine.DebugLogHandler:Internal_Log(LogType, LogOption, String, Object)
UnityEngine.DebugLogHandler:LogFormat(LogType, Object, String, Object[])
UnityEngine.Logger:Log(LogType, Object)
UnityEngine.Debug:Log(Object)
HighPrecisionStepperJuggler.ImageProcessingInstructionSender:Update()
 
(Filename: C:\build\output\unity\unity\Runtime/Export/Debug/Debug.bindings.h Line: 35)

Ball r, x, y :62.06, 115, 60
UnityEngine.DebugLogHandler:Internal_Log(LogType, LogOption, String, Object)
UnityEngine.DebugLogHandler:LogFormat(LogType, Object, String, Object[])
UnityEngine.Logger:Log(LogType, Object)
UnityEngine.Debug:Log(Object)
HighPrecisionStepperJuggler.ImageProcessingInstructionSender:Update()
 
(Filename: C:\build\output\unity\unity\Runtime/Export/Debug/Debug.bindings.h Line: 35)

Ball r, x, y :62.06, 115, 60
UnityEngine.DebugLogHandler:Internal_Log(LogType, LogOption, String, Object)
UnityEngine.DebugLogHandler:LogFormat(LogType, Object, String, Object[])
UnityEngine.Logger:Log(LogType, Object)
UnityEngine.Debug:Log(Object)
HighPrecisionStepperJuggler.ImageProcessingInstructionSender:Update()
 
(Filename: C:\build\output\unity\unity\Runtime/Export/Debug/Debug.bindings.h Line: 35)

Ball r, x, y :62.98, 116, 60
UnityEngine.DebugLogHandler:Internal_Log(LogType, LogOption, String, Object)
UnityEngine.DebugLogHandler:LogFormat(LogType, Object, String, Object[])
UnityEngine.Logger:Log(LogType, Object)
UnityEngine.Debug:Log(Object)
HighPrecisionStepperJuggler.ImageProcessingInstructionSender:Update()
 
(Filename: C:\build\output\unity\unity\Runtime/Export/Debug/Debug.bindings.h Line: 35)

Ball r, x, y :62.56, 115, 60
UnityEngine.DebugLogHandler:Internal_Log(LogType, LogOption, String, Object)
UnityEngine.DebugLogHandler:LogFormat(LogType, Object, String, Object[])
UnityEngine.Logger:Log(LogType, Object)
UnityEngine.Debug:Log(Object)
HighPrecisionStepperJuggler.ImageProcessingInstructionSender:Update()
 
(Filename: C:\build\output\unity\unity\Runtime/Export/Debug/Debug.bindings.h Line: 35)

Ball r, x, y :61.24, 111, 60
UnityEngine.DebugLogHandler:Internal_Log(LogType, LogOption, String, Object)
UnityEngine.DebugLogHandler:LogFormat(LogType, Object, String, Object[])
UnityEngine.Logger:Log(LogType, Object)
UnityEngine.Debug:Log(Object)
HighPrecisionStepperJuggler.ImageProcessingInstructionSender:Update()
 
(Filename: C:\build\output\unity\unity\Runtime/Export/Debug/Debug.bindings.h Line: 35)

Ball r, x, y :55.94, 101, 60
UnityEngine.DebugLogHandler:Internal_Log(LogType, LogOption, String, Object)
UnityEngine.DebugLogHandler:LogFormat(LogType, Object, String, Object[])
UnityEngine.Logger:Log(LogType, Object)
UnityEngine.Debug:Log(Object)
HighPrecisionStepperJuggler.ImageProcessingInstructionSender:Update()
 
(Filename: C:\build\output\unity\unity\Runtime/Export/Debug/Debug.bindings.h Line: 35)

Ball r, x, y :55.94, 100, 60
UnityEngine.DebugLogHandler:Internal_Log(LogType, LogOption, String, Object)
UnityEngine.DebugLogHandler:LogFormat(LogType, Object, String, Object[])
UnityEngine.Logger:Log(LogType, Object)
UnityEngine.Debug:Log(Object)
HighPrecisionStepperJuggler.ImageProcessingInstructionSender:Update()
 
(Filename: C:\build\output\unity\unity\Runtime/Export/Debug/Debug.bindings.h Line: 35)

Ball r, x, y :58.58, 102, 60
UnityEngine.DebugLogHandler:Internal_Log(LogType, LogOption, String, Object)
UnityEngine.DebugLogHandler:LogFormat(LogType, Object, String, Object[])
UnityEngine.Logger:Log(LogType, Object)
UnityEngine.Debug:Log(Object)
HighPrecisionStepperJuggler.ImageProcessingInstructionSender:Update()
 
(Filename: C:\build\output\unity\unity\Runtime/Export/Debug/Debug.bindings.h Line: 35)

Ball r, x, y :60.28, 104, 60
UnityEngine.DebugLogHandler:Internal_Log(LogType, LogOption, String, Object)
UnityEngine.DebugLogHandler:LogFormat(LogType, Object, String, Object[])
UnityEngine.Logger:Log(LogType, Object)
UnityEngine.Debug:Log(Object)
HighPrecisionStepperJuggler.ImageProcessingInstructionSender:Update()
 
(Filename: C:\build\output\unity\unity\Runtime/Export/Debug/Debug.bindings.h Line: 35)

Ball r, x, y :61.24, 105, 60
UnityEngine.DebugLogHandler:Internal_Log(LogType, LogOption, String, Object)
UnityEngine.DebugLogHandler:LogFormat(LogType, Object, String, Object[])
UnityEngine.Logger:Log(LogType, Object)
UnityEngine.Debug:Log(Object)
HighPrecisionStepperJuggler.ImageProcessingInstructionSender:Update()
 
(Filename: C:\build\output\unity\unity\Runtime/Export/Debug/Debug.bindings.h Line: 35)

Ball r, x, y :62.56, 104, 60
UnityEngine.DebugLogHandler:Internal_Log(LogType, LogOption, String, Object)
UnityEngine.DebugLogHandler:LogFormat(LogType, Object, String, Object[])
UnityEngine.Logger:Log(LogType, Object)
UnityEngine.Debug:Log(Object)
HighPrecisionStepperJuggler.ImageProcessingInstructionSender:Update()
 
(Filename: C:\build\output\unity\unity\Runtime/Export/Debug/Debug.bindings.h Line: 35)

Ball r, x, y :64.34, 106, 60
UnityEngine.DebugLogHandler:Internal_Log(LogType, LogOption, String, Object)
UnityEngine.DebugLogHandler:LogFormat(LogType, Object, String, Object[])
UnityEngine.Logger:Log(LogType, Object)
UnityEngine.Debug:Log(Object)
HighPrecisionStepperJuggler.ImageProcessingInstructionSender:Update()
 
(Filename: C:\build\output\unity\unity\Runtime/Export/Debug/Debug.bindings.h Line: 35)

Ball r, x, y :64.34, 106, 60
UnityEngine.DebugLogHandler:Internal_Log(LogType, LogOption, String, Object)
UnityEngine.DebugLogHandler:LogFormat(LogType, Object, String, Object[])
UnityEngine.Logger:Log(LogType, Object)
UnityEngine.Debug:Log(Object)
HighPrecisionStepperJuggler.ImageProcessingInstructionSender:Update()
 
(Filename: C:\build\output\unity\unity\Runtime/Export/Debug/Debug.bindings.h Line: 35)

Ball r, x, y :64.84, 106, 60
UnityEngine.DebugLogHandler:Internal_Log(LogType, LogOption, String, Object)
UnityEngine.DebugLogHandler:LogFormat(LogType, Object, String, Object[])
UnityEngine.Logger:Log(LogType, Object)
UnityEngine.Debug:Log(Object)
HighPrecisionStepperJuggler.ImageProcessingInstructionSender:Update()
 
(Filename: C:\build\output\unity\unity\Runtime/Export/Debug/Debug.bindings.h Line: 35)

Ball r, x, y :65.34, 106, 60
UnityEngine.DebugLogHandler:Internal_Log(LogType, LogOption, String, Object)
UnityEngine.DebugLogHandler:LogFormat(LogType, Object, String, Object[])
UnityEngine.Logger:Log(LogType, Object)
UnityEngine.Debug:Log(Object)
HighPrecisionStepperJuggler.ImageProcessingInstructionSender:Update()
 
(Filename: C:\build\output\unity\unity\Runtime/Export/Debug/Debug.bindings.h Line: 35)

Ball r, x, y :64.84, 106, 60
UnityEngine.DebugLogHandler:Internal_Log(LogType, LogOption, String, Object)
UnityEngine.DebugLogHandler:LogFormat(LogType, Object, String, Object[])
UnityEngine.Logger:Log(LogType, Object)
UnityEngine.Debug:Log(Object)
HighPrecisionStepperJuggler.ImageProcessingInstructionSender:Update()
 
(Filename: C:\build\output\unity\unity\Runtime/Export/Debug/Debug.bindings.h Line: 35)

Ball r, x, y :63.84009, 102, 60
UnityEngine.DebugLogHandler:Internal_Log(LogType, LogOption, String, Object)
UnityEngine.DebugLogHandler:LogFormat(LogType, Object, String, Object[])
UnityEngine.Logger:Log(LogType, Object)
UnityEngine.Debug:Log(Object)
HighPrecisionStepperJuggler.ImageProcessingInstructionSender:Update()
 
(Filename: C:\build\output\unity\unity\Runtime/Export/Debug/Debug.bindings.h Line: 35)

Ball r, x, y :59.04, 85, 60
UnityEngine.DebugLogHandler:Internal_Log(LogType, LogOption, String, Object)
UnityEngine.DebugLogHandler:LogFormat(LogType, Object, String, Object[])
UnityEngine.Logger:Log(LogType, Object)
UnityEngine.Debug:Log(Object)
HighPrecisionStepperJuggler.ImageProcessingInstructionSender:Update()
 
(Filename: C:\build\output\unity\unity\Runtime/Export/Debug/Debug.bindings.h Line: 35)

Ball r, x, y :53.9, 57, 60
UnityEngine.DebugLogHandler:Internal_Log(LogType, LogOption, String, Object)
UnityEngine.DebugLogHandler:LogFormat(LogType, Object, String, Object[])
UnityEngine.Logger:Log(LogType, Object)
UnityEngine.Debug:Log(Object)
HighPrecisionStepperJuggler.ImageProcessingInstructionSender:Update()
 
(Filename: C:\build\output\unity\unity\Runtime/Export/Debug/Debug.bindings.h Line: 35)

Ball r, x, y :35.42, 21, 90
UnityEngine.DebugLogHandler:Internal_Log(LogType, LogOption, String, Object)
UnityEngine.DebugLogHandler:LogFormat(LogType, Object, String, Object[])
UnityEngine.Logger:Log(LogType, Object)
UnityEngine.Debug:Log(Object)
HighPrecisionStepperJuggler.ImageProcessingInstructionSender:Update()
 
(Filename: C:\build\output\unity\unity\Runtime/Export/Debug/Debug.bindings.h Line: 35)

Ball r, x, y :41.96, -11, 90
UnityEngine.DebugLogHandler:Internal_Log(LogType, LogOption, String, Object)
UnityEngine.DebugLogHandler:LogFormat(LogType, Object, String, Object[])
UnityEngine.Logger:Log(LogType, Object)
UnityEngine.Debug:Log(Object)
HighPrecisionStepperJuggler.ImageProcessingInstructionSender:Update()
 
(Filename: C:\build\output\unity\unity\Runtime/Export/Debug/Debug.bindings.h Line: 35)

Ball r, x, y :45, -55, 90
UnityEngine.DebugLogHandler:Internal_Log(LogType, LogOption, String, Object)
UnityEngine.DebugLogHandler:LogFormat(LogType, Object, String, Object[])
UnityEngine.Logger:Log(LogType, Object)
UnityEngine.Debug:Log(Object)
HighPrecisionStepperJuggler.ImageProcessingInstructionSender:Update()
 
(Filename: C:\build\output\unity\unity\Runtime/Export/Debug/Debug.bindings.h Line: 35)

Ball r, x, y :34.96, -119, 120
UnityEngine.DebugLogHandler:Internal_Log(LogType, LogOption, String, Object)
UnityEngine.DebugLogHandler:LogFormat(LogType, Object, String, Object[])
UnityEngine.Logger:Log(LogType, Object)
UnityEngine.Debug:Log(Object)
HighPrecisionStepperJuggler.ImageProcessingInstructionSender:Update()
 
(Filename: C:\build\output\unity\unity\Runtime/Export/Debug/Debug.bindings.h Line: 35)

Ball r, x, y :0, 0, 0
UnityEngine.DebugLogHandler:Internal_Log(LogType, LogOption, String, Object)
UnityEngine.DebugLogHandler:LogFormat(LogType, Object, String, Object[])
UnityEngine.Logger:Log(LogType, Object)
UnityEngine.Debug:Log(Object)
HighPrecisionStepperJuggler.ImageProcessingInstructionSender:Update()
 
(Filename: C:\build\output\unity\unity\Runtime/Export/Debug/Debug.bindings.h Line: 35)

Ball r, x, y :0, 0, 0
UnityEngine.DebugLogHandler:Internal_Log(LogType, LogOption, String, Object)
UnityEngine.DebugLogHandler:LogFormat(LogType, Object, String, Object[])
UnityEngine.Logger:Log(LogType, Object)
UnityEngine.Debug:Log(Object)
HighPrecisionStepperJuggler.ImageProcessingInstructionSender:Update()
 
(Filename: C:\build\output\unity\unity\Runtime/Export/Debug/Debug.bindings.h Line: 35)

Ball r, x, y :7.86, -169, 60
UnityEngine.DebugLogHandler:Internal_Log(LogType, LogOption, String, Object)
UnityEngine.DebugLogHandler:LogFormat(LogType, Object, String, Object[])
UnityEngine.Logger:Log(LogType, Object)
UnityEngine.Debug:Log(Object)
HighPrecisionStepperJuggler.ImageProcessingInstructionSender:Update()
 
(Filename: C:\build\output\unity\unity\Runtime/Export/Debug/Debug.bindings.h Line: 35)

Ball r, x, y :7.86, 311, 60
UnityEngine.DebugLogHandler:Internal_Log(LogType, LogOption, String, Object)
UnityEngine.DebugLogHandler:LogFormat(LogType, Object, String, Object[])
UnityEngine.Logger:Log(LogType, Object)
UnityEngine.Debug:Log(Object)
HighPrecisionStepperJuggler.ImageProcessingInstructionSender:Update()
 
(Filename: C:\build\output\unity\unity\Runtime/Export/Debug/Debug.bindings.h Line: 35)

Ball r, x, y :6.1, 313, 120
UnityEngine.DebugLogHandler:Internal_Log(LogType, LogOption, String, Object)
UnityEngine.DebugLogHandler:LogFormat(LogType, Object, String, Object[])
UnityEngine.Logger:Log(LogType, Object)
UnityEngine.Debug:Log(Object)
HighPrecisionStepperJuggler.ImageProcessingInstructionSender:Update()
 
(Filename: C:\build\output\unity\unity\Runtime/Export/Debug/Debug.bindings.h Line: 35)

Ball r, x, y :5.6, -166, 150
UnityEngine.DebugLogHandler:Internal_Log(LogType, LogOption, String, Object)
UnityEngine.DebugLogHandler:LogFormat(LogType, Object, String, Object[])
UnityEngine.Logger:Log(LogType, Object)
UnityEngine.Debug:Log(Object)
HighPrecisionStepperJuggler.ImageProcessingInstructionSender:Update()
 
(Filename: C:\build\output\unity\unity\Runtime/Export/Debug/Debug.bindings.h Line: 35)

Ball r, x, y :5.6, 314, 150
UnityEngine.DebugLogHandler:Internal_Log(LogType, LogOption, String, Object)
UnityEngine.DebugLogHandler:LogFormat(LogType, Object, String, Object[])
UnityEngine.Logger:Log(LogType, Object)
UnityEngine.Debug:Log(Object)
HighPrecisionStepperJuggler.ImageProcessingInstructionSender:Update()
 
(Filename: C:\build\output\unity\unity\Runtime/Export/Debug/Debug.bindings.h Line: 35)

Ball r, x, y :7.86, -169, 60
UnityEngine.DebugLogHandler:Internal_Log(LogType, LogOption, String, Object)
UnityEngine.DebugLogHandler:LogFormat(LogType, Object, String, Object[])
UnityEngine.Logger:Log(LogType, Object)
UnityEngine.Debug:Log(Object)
HighPrecisionStepperJuggler.ImageProcessingInstructionSender:Update()
 
(Filename: C:\build\output\unity\unity\Runtime/Export/Debug/Debug.bindings.h Line: 35)

Ball r, x, y :6.1, 313, 120
UnityEngine.DebugLogHandler:Internal_Log(LogType, LogOption, String, Object)
UnityEngine.DebugLogHandler:LogFormat(LogType, Object, String, Object[])
UnityEngine.Logger:Log(LogType, Object)
UnityEngine.Debug:Log(Object)
HighPrecisionStepperJuggler.ImageProcessingInstructionSender:Update()
 
(Filename: C:\build\output\unity\unity\Runtime/Export/Debug/Debug.bindings.h Line: 35)

Ball r, x, y :7.86, -169, 60
UnityEngine.DebugLogHandler:Internal_Log(LogType, LogOption, String, Object)
UnityEngine.DebugLogHandler:LogFormat(LogType, Object, String, Object[])
UnityEngine.Logger:Log(LogType, Object)
UnityEngine.Debug:Log(Object)
HighPrecisionStepperJuggler.ImageProcessingInstructionSender:Update()
 
(Filename: C:\build\output\unity\unity\Runtime/Export/Debug/Debug.bindings.h Line: 35)

Ball r, x, y :6.1, -167, 120
UnityEngine.DebugLogHandler:Internal_Log(LogType, LogOption, String, Object)
UnityEngine.DebugLogHandler:LogFormat(LogType, Object, String, Object[])
UnityEngine.Logger:Log(LogType, Object)
UnityEngine.Debug:Log(Object)
HighPrecisionStepperJuggler.ImageProcessingInstructionSender:Update()
 
(Filename: C:\build\output\unity\unity\Runtime/Export/Debug/Debug.bindings.h Line: 35)

Ball r, x, y :4.8, 315, 180
UnityEngine.DebugLogHandler:Internal_Log(LogType, LogOption, String, Object)
UnityEngine.DebugLogHandler:LogFormat(LogType, Object, String, Object[])
UnityEngine.Logger:Log(LogType, Object)
UnityEngine.Debug:Log(Object)
HighPrecisionStepperJuggler.ImageProcessingInstructionSender:Update()
 
(Filename: C:\build\output\unity\unity\Runtime/Export/Debug/Debug.bindings.h Line: 35)

Ball r, x, y :7.86, 311, 60
UnityEngine.DebugLogHandler:Internal_Log(LogType, LogOption, String, Object)
UnityEngine.DebugLogHandler:LogFormat(LogType, Object, String, Object[])
UnityEngine.Logger:Log(LogType, Object)
UnityEngine.Debug:Log(Object)
HighPrecisionStepperJuggler.ImageProcessingInstructionSender:Update()
 
(Filename: C:\build\output\unity\unity\Runtime/Export/Debug/Debug.bindings.h Line: 35)

Ball r, x, y :6.1, 313, 120
UnityEngine.DebugLogHandler:Internal_Log(LogType, LogOption, String, Object)
UnityEngine.DebugLogHandler:LogFormat(LogType, Object, String, Object[])
UnityEngine.Logger:Log(LogType, Object)
UnityEngine.Debug:Log(Object)
HighPrecisionStepperJuggler.ImageProcessingInstructionSender:Update()
 
(Filename: C:\build\output\unity\unity\Runtime/Export/Debug/Debug.bindings.h Line: 35)

Ball r, x, y :6.1, 313, 120
UnityEngine.DebugLogHandler:Internal_Log(LogType, LogOption, String, Object)
UnityEngine.DebugLogHandler:LogFormat(LogType, Object, String, Object[])
UnityEngine.Logger:Log(LogType, Object)
UnityEngine.Debug:Log(Object)
HighPrecisionStepperJuggler.ImageProcessingInstructionSender:Update()
 
(Filename: C:\build\output\unity\unity\Runtime/Export/Debug/Debug.bindings.h Line: 35)

Ball r, x, y :7.86, 311, 60
UnityEngine.DebugLogHandler:Internal_Log(LogType, LogOption, String, Object)
UnityEngine.DebugLogHandler:LogFormat(LogType, Object, String, Object[])
UnityEngine.Logger:Log(LogType, Object)
UnityEngine.Debug:Log(Object)
HighPrecisionStepperJuggler.ImageProcessingInstructionSender:Update()
 
(Filename: C:\build\output\unity\unity\Runtime/Export/Debug/Debug.bindings.h Line: 35)

Ball r, x, y :7.86, 311, 60
UnityEngine.DebugLogHandler:Internal_Log(LogType, LogOption, String, Object)
UnityEngine.DebugLogHandler:LogFormat(LogType, Object, String, Object[])
UnityEngine.Logger:Log(LogType, Object)
UnityEngine.Debug:Log(Object)
HighPrecisionStepperJuggler.ImageProcessingInstructionSender:Update()
 
(Filename: C:\build\output\unity\unity\Runtime/Export/Debug/Debug.bindings.h Line: 35)

Ball r, x, y :7.38, -168, 60
UnityEngine.DebugLogHandler:Internal_Log(LogType, LogOption, String, Object)
UnityEngine.DebugLogHandler:LogFormat(LogType, Object, String, Object[])
UnityEngine.Logger:Log(LogType, Object)
UnityEngine.Debug:Log(Object)
HighPrecisionStepperJuggler.ImageProcessingInstructionSender:Update()
 
(Filename: C:\build\output\unity\unity\Runtime/Export/Debug/Debug.bindings.h Line: 35)

Ball r, x, y :6.54, -167, 120
UnityEngine.DebugLogHandler:Internal_Log(LogType, LogOption, String, Object)
UnityEngine.DebugLogHandler:LogFormat(LogType, Object, String, Object[])
UnityEngine.Logger:Log(LogType, Object)
UnityEngine.Debug:Log(Object)
HighPrecisionStepperJuggler.ImageProcessingInstructionSender:Update()
 
(Filename: C:\build\output\unity\unity\Runtime/Export/Debug/Debug.bindings.h Line: 35)

Ball r, x, y :6.1, 313, 120
UnityEngine.DebugLogHandler:Internal_Log(LogType, LogOption, String, Object)
UnityEngine.DebugLogHandler:LogFormat(LogType, Object, String, Object[])
UnityEngine.Logger:Log(LogType, Object)
UnityEngine.Debug:Log(Object)
HighPrecisionStepperJuggler.ImageProcessingInstructionSender:Update()
 
(Filename: C:\build\output\unity\unity\Runtime/Export/Debug/Debug.bindings.h Line: 35)

Ball r, x, y :7.86, 311, 60
UnityEngine.DebugLogHandler:Internal_Log(LogType, LogOption, String, Object)
UnityEngine.DebugLogHandler:LogFormat(LogType, Object, String, Object[])
UnityEngine.Logger:Log(LogType, Object)
UnityEngine.Debug:Log(Object)
HighPrecisionStepperJuggler.ImageProcessingInstructionSender:Update()
 
(Filename: C:\build\output\unity\unity\Runtime/Export/Debug/Debug.bindings.h Line: 35)

Ball r, x, y :7, 312, 90
UnityEngine.DebugLogHandler:Internal_Log(LogType, LogOption, String, Object)
UnityEngine.DebugLogHandler:LogFormat(LogType, Object, String, Object[])
UnityEngine.Logger:Log(LogType, Object)
UnityEngine.Debug:Log(Object)
HighPrecisionStepperJuggler.ImageProcessingInstructionSender:Update()
 
(Filename: C:\build\output\unity\unity\Runtime/Export/Debug/Debug.bindings.h Line: 35)

Ball r, x, y :7.86, 311, 60
UnityEngine.DebugLogHandler:Internal_Log(LogType, LogOption, String, Object)
UnityEngine.DebugLogHandler:LogFormat(LogType, Object, String, Object[])
UnityEngine.Logger:Log(LogType, Object)
UnityEngine.Debug:Log(Object)
HighPrecisionStepperJuggler.ImageProcessingInstructionSender:Update()
 
(Filename: C:\build\output\unity\unity\Runtime/Export/Debug/Debug.bindings.h Line: 35)

Ball r, x, y :5.6, 314, 60
UnityEngine.DebugLogHandler:Internal_Log(LogType, LogOption, String, Object)
UnityEngine.DebugLogHandler:LogFormat(LogType, Object, String, Object[])
UnityEngine.Logger:Log(LogType, Object)
UnityEngine.Debug:Log(Object)
HighPrecisionStepperJuggler.ImageProcessingInstructionSender:Update()
 
(Filename: C:\build\output\unity\unity\Runtime/Export/Debug/Debug.bindings.h Line: 35)

Ball r, x, y :6.1, 313, 120
UnityEngine.DebugLogHandler:Internal_Log(LogType, LogOption, String, Object)
UnityEngine.DebugLogHandler:LogFormat(LogType, Object, String, Object[])
UnityEngine.Logger:Log(LogType, Object)
UnityEngine.Debug:Log(Object)
HighPrecisionStepperJuggler.ImageProcessingInstructionSender:Update()
 
(Filename: C:\build\output\unity\unity\Runtime/Export/Debug/Debug.bindings.h Line: 35)

Ball r, x, y :6.1, 313, 120
UnityEngine.DebugLogHandler:Internal_Log(LogType, LogOption, String, Object)
UnityEngine.DebugLogHandler:LogFormat(LogType, Object, String, Object[])
UnityEngine.Logger:Log(LogType, Object)
UnityEngine.Debug:Log(Object)
HighPrecisionStepperJuggler.ImageProcessingInstructionSender:Update()
 
(Filename: C:\build\output\unity\unity\Runtime/Export/Debug/Debug.bindings.h Line: 35)

Ball r, x, y :5.6, -166, 150
UnityEngine.DebugLogHandler:Internal_Log(LogType, LogOption, String, Object)
UnityEngine.DebugLogHandler:LogFormat(LogType, Object, String, Object[])
UnityEngine.Logger:Log(LogType, Object)
UnityEngine.Debug:Log(Object)
HighPrecisionStepperJuggler.ImageProcessingInstructionSender:Update()
 
(Filename: C:\build\output\unity\unity\Runtime/Export/Debug/Debug.bindings.h Line: 35)

Ball r, x, y :7.86, -169, 60
UnityEngine.DebugLogHandler:Internal_Log(LogType, LogOption, String, Object)
UnityEngine.DebugLogHandler:LogFormat(LogType, Object, String, Object[])
UnityEngine.Logger:Log(LogType, Object)
UnityEngine.Debug:Log(Object)
HighPrecisionStepperJuggler.ImageProcessingInstructionSender:Update()
 
(Filename: C:\build\output\unity\unity\Runtime/Export/Debug/Debug.bindings.h Line: 35)

Ball r, x, y :7, 312, 90
UnityEngine.DebugLogHandler:Internal_Log(LogType, LogOption, String, Object)
UnityEngine.DebugLogHandler:LogFormat(LogType, Object, String, Object[])
UnityEngine.Logger:Log(LogType, Object)
UnityEngine.Debug:Log(Object)
HighPrecisionStepperJuggler.ImageProcessingInstructionSender:Update()
 
(Filename: C:\build\output\unity\unity\Runtime/Export/Debug/Debug.bindings.h Line: 35)

Ball r, x, y :7.86, -169, 60
UnityEngine.DebugLogHandler:Internal_Log(LogType, LogOption, String, Object)
UnityEngine.DebugLogHandler:LogFormat(LogType, Object, String, Object[])
UnityEngine.Logger:Log(LogType, Object)
UnityEngine.Debug:Log(Object)
HighPrecisionStepperJuggler.ImageProcessingInstructionSender:Update()
 
(Filename: C:\build\output\unity\unity\Runtime/Export/Debug/Debug.bindings.h Line: 35)

Ball r, x, y :7, 312, 90
UnityEngine.DebugLogHandler:Internal_Log(LogType, LogOption, String, Object)
UnityEngine.DebugLogHandler:LogFormat(LogType, Object, String, Object[])
UnityEngine.Logger:Log(LogType, Object)
UnityEngine.Debug:Log(Object)
HighPrecisionStepperJuggler.ImageProcessingInstructionSender:Update()
 
(Filename: C:\build\output\unity\unity\Runtime/Export/Debug/Debug.bindings.h Line: 35)

Ball r, x, y :7.38, 312, 60
UnityEngine.DebugLogHandler:Internal_Log(LogType, LogOption, String, Object)
UnityEngine.DebugLogHandler:LogFormat(LogType, Object, String, Object[])
UnityEngine.Logger:Log(LogType, Object)
UnityEngine.Debug:Log(Object)
HighPrecisionStepperJuggler.ImageProcessingInstructionSender:Update()
 
(Filename: C:\build\output\unity\unity\Runtime/Export/Debug/Debug.bindings.h Line: 35)

Ball r, x, y :5.6, 314, 150
UnityEngine.DebugLogHandler:Internal_Log(LogType, LogOption, String, Object)
UnityEngine.DebugLogHandler:LogFormat(LogType, Object, String, Object[])
UnityEngine.Logger:Log(LogType, Object)
UnityEngine.Debug:Log(Object)
HighPrecisionStepperJuggler.ImageProcessingInstructionSender:Update()
 
(Filename: C:\build\output\unity\unity\Runtime/Export/Debug/Debug.bindings.h Line: 35)

Ball r, x, y :6.1, -167, 120
UnityEngine.DebugLogHandler:Internal_Log(LogType, LogOption, String, Object)
UnityEngine.DebugLogHandler:LogFormat(LogType, Object, String, Object[])
UnityEngine.Logger:Log(LogType, Object)
UnityEngine.Debug:Log(Object)
HighPrecisionStepperJuggler.ImageProcessingInstructionSender:Update()
 
(Filename: C:\build\output\unity\unity\Runtime/Export/Debug/Debug.bindings.h Line: 35)

Ball r, x, y :7.86, -169, 60
UnityEngine.DebugLogHandler:Internal_Log(LogType, LogOption, String, Object)
UnityEngine.DebugLogHandler:LogFormat(LogType, Object, String, Object[])
UnityEngine.Logger:Log(LogType, Object)
UnityEngine.Debug:Log(Object)
HighPrecisionStepperJuggler.ImageProcessingInstructionSender:Update()
 
(Filename: C:\build\output\unity\unity\Runtime/Export/Debug/Debug.bindings.h Line: 35)

Ball r, x, y :7.38, -168, 60
UnityEngine.DebugLogHandler:Internal_Log(LogType, LogOption, String, Object)
UnityEngine.DebugLogHandler:LogFormat(LogType, Object, String, Object[])
UnityEngine.Logger:Log(LogType, Object)
UnityEngine.Debug:Log(Object)
HighPrecisionStepperJuggler.ImageProcessingInstructionSender:Update()
 
(Filename: C:\build\output\unity\unity\Runtime/Export/Debug/Debug.bindings.h Line: 35)

Ball r, x, y :7.86, -169, 60
UnityEngine.DebugLogHandler:Internal_Log(LogType, LogOption, String, Object)
UnityEngine.DebugLogHandler:LogFormat(LogType, Object, String, Object[])
UnityEngine.Logger:Log(LogType, Object)
UnityEngine.Debug:Log(Object)
HighPrecisionStepperJuggler.ImageProcessingInstructionSender:Update()
 
(Filename: C:\build\output\unity\unity\Runtime/Export/Debug/Debug.bindings.h Line: 35)

Ball r, x, y :6.1, 313, 120
UnityEngine.DebugLogHandler:Internal_Log(LogType, LogOption, String, Object)
UnityEngine.DebugLogHandler:LogFormat(LogType, Object, String, Object[])
UnityEngine.Logger:Log(LogType, Object)
UnityEngine.Debug:Log(Object)
HighPrecisionStepperJuggler.ImageProcessingInstructionSender:Update()
 
(Filename: C:\build\output\unity\unity\Runtime/Export/Debug/Debug.bindings.h Line: 35)

Ball r, x, y :5.6, -166, 150
UnityEngine.DebugLogHandler:Internal_Log(LogType, LogOption, String, Object)
UnityEngine.DebugLogHandler:LogFormat(LogType, Object, String, Object[])
UnityEngine.Logger:Log(LogType, Object)
UnityEngine.Debug:Log(Object)
HighPrecisionStepperJuggler.ImageProcessingInstructionSender:Update()
 
(Filename: C:\build\output\unity\unity\Runtime/Export/Debug/Debug.bindings.h Line: 35)

Ball r, x, y :6.1, 313, 150
UnityEngine.DebugLogHandler:Internal_Log(LogType, LogOption, String, Object)
UnityEngine.DebugLogHandler:LogFormat(LogType, Object, String, Object[])
UnityEngine.Logger:Log(LogType, Object)
UnityEngine.Debug:Log(Object)
HighPrecisionStepperJuggler.ImageProcessingInstructionSender:Update()
 
(Filename: C:\build\output\unity\unity\Runtime/Export/Debug/Debug.bindings.h Line: 35)

Ball r, x, y :6.1, 313, 120
UnityEngine.DebugLogHandler:Internal_Log(LogType, LogOption, String, Object)
UnityEngine.DebugLogHandler:LogFormat(LogType, Object, String, Object[])
UnityEngine.Logger:Log(LogType, Object)
UnityEngine.Debug:Log(Object)
HighPrecisionStepperJuggler.ImageProcessingInstructionSender:Update()
 
(Filename: C:\build\output\unity\unity\Runtime/Export/Debug/Debug.bindings.h Line: 35)

Ball r, x, y :6.1, -167, 120
UnityEngine.DebugLogHandler:Internal_Log(LogType, LogOption, String, Object)
UnityEngine.DebugLogHandler:LogFormat(LogType, Object, String, Object[])
UnityEngine.Logger:Log(LogType, Object)
UnityEngine.Debug:Log(Object)
HighPrecisionStepperJuggler.ImageProcessingInstructionSender:Update()
 
(Filename: C:\build\output\unity\unity\Runtime/Export/Debug/Debug.bindings.h Line: 35)

Ball r, x, y :6.1, -167, 120
UnityEngine.DebugLogHandler:Internal_Log(LogType, LogOption, String, Object)
UnityEngine.DebugLogHandler:LogFormat(LogType, Object, String, Object[])
UnityEngine.Logger:Log(LogType, Object)
UnityEngine.Debug:Log(Object)
HighPrecisionStepperJuggler.ImageProcessingInstructionSender:Update()
 
(Filename: C:\build\output\unity\unity\Runtime/Export/Debug/Debug.bindings.h Line: 35)

Ball r, x, y :7.86, -169, 60
UnityEngine.DebugLogHandler:Internal_Log(LogType, LogOption, String, Object)
UnityEngine.DebugLogHandler:LogFormat(LogType, Object, String, Object[])
UnityEngine.Logger:Log(LogType, Object)
UnityEngine.Debug:Log(Object)
HighPrecisionStepperJuggler.ImageProcessingInstructionSender:Update()
 
(Filename: C:\build\output\unity\unity\Runtime/Export/Debug/Debug.bindings.h Line: 35)

Ball r, x, y :7.86, -169, 60
UnityEngine.DebugLogHandler:Internal_Log(LogType, LogOption, String, Object)
UnityEngine.DebugLogHandler:LogFormat(LogType, Object, String, Object[])
UnityEngine.Logger:Log(LogType, Object)
UnityEngine.Debug:Log(Object)
HighPrecisionStepperJuggler.ImageProcessingInstructionSender:Update()
 
(Filename: C:\build\output\unity\unity\Runtime/Export/Debug/Debug.bindings.h Line: 35)

Ball r, x, y :6.1, -167, 150
UnityEngine.DebugLogHandler:Internal_Log(LogType, LogOption, String, Object)
UnityEngine.DebugLogHandler:LogFormat(LogType, Object, String, Object[])
UnityEngine.Logger:Log(LogType, Object)
UnityEngine.Debug:Log(Object)
HighPrecisionStepperJuggler.ImageProcessingInstructionSender:Update()
 
(Filename: C:\build\output\unity\unity\Runtime/Export/Debug/Debug.bindings.h Line: 35)

Ball r, x, y :7.86, 311, 60
UnityEngine.DebugLogHandler:Internal_Log(LogType, LogOption, String, Object)
UnityEngine.DebugLogHandler:LogFormat(LogType, Object, String, Object[])
UnityEngine.Logger:Log(LogType, Object)
UnityEngine.Debug:Log(Object)
HighPrecisionStepperJuggler.ImageProcessingInstructionSender:Update()
 
(Filename: C:\build\output\unity\unity\Runtime/Export/Debug/Debug.bindings.h Line: 35)

Ball r, x, y :6.1, 313, 150
UnityEngine.DebugLogHandler:Internal_Log(LogType, LogOption, String, Object)
UnityEngine.DebugLogHandler:LogFormat(LogType, Object, String, Object[])
UnityEngine.Logger:Log(LogType, Object)
UnityEngine.Debug:Log(Object)
HighPrecisionStepperJuggler.ImageProcessingInstructionSender:Update()
 
(Filename: C:\build\output\unity\unity\Runtime/Export/Debug/Debug.bindings.h Line: 35)

Ball r, x, y :7.86, 311, 60
UnityEngine.DebugLogHandler:Internal_Log(LogType, LogOption, String, Object)
UnityEngine.DebugLogHandler:LogFormat(LogType, Object, String, Object[])
UnityEngine.Logger:Log(LogType, Object)
UnityEngine.Debug:Log(Object)
HighPrecisionStepperJuggler.ImageProcessingInstructionSender:Update()
 
(Filename: C:\build\output\unity\unity\Runtime/Export/Debug/Debug.bindings.h Line: 35)

Ball r, x, y :7.86, 311, 60
UnityEngine.DebugLogHandler:Internal_Log(LogType, LogOption, String, Object)
UnityEngine.DebugLogHandler:LogFormat(LogType, Object, String, Object[])
UnityEngine.Logger:Log(LogType, Object)
UnityEngine.Debug:Log(Object)
HighPrecisionStepperJuggler.ImageProcessingInstructionSender:Update()
 
(Filename: C:\build\output\unity\unity\Runtime/Export/Debug/Debug.bindings.h Line: 35)

Ball r, x, y :7.86, 311, 60
UnityEngine.DebugLogHandler:Internal_Log(LogType, LogOption, String, Object)
UnityEngine.DebugLogHandler:LogFormat(LogType, Object, String, Object[])
UnityEngine.Logger:Log(LogType, Object)
UnityEngine.Debug:Log(Object)
HighPrecisionStepperJuggler.ImageProcessingInstructionSender:Update()
 
(Filename: C:\build\output\unity\unity\Runtime/Export/Debug/Debug.bindings.h Line: 35)

Ball r, x, y :6.1, 313, 120
UnityEngine.DebugLogHandler:Internal_Log(LogType, LogOption, String, Object)
UnityEngine.DebugLogHandler:LogFormat(LogType, Object, String, Object[])
UnityEngine.Logger:Log(LogType, Object)
UnityEngine.Debug:Log(Object)
HighPrecisionStepperJuggler.ImageProcessingInstructionSender:Update()
 
(Filename: C:\build\output\unity\unity\Runtime/Export/Debug/Debug.bindings.h Line: 35)

Ball r, x, y :7.86, 311, 60
UnityEngine.DebugLogHandler:Internal_Log(LogType, LogOption, String, Object)
UnityEngine.DebugLogHandler:LogFormat(LogType, Object, String, Object[])
UnityEngine.Logger:Log(LogType, Object)
UnityEngine.Debug:Log(Object)
HighPrecisionStepperJuggler.ImageProcessingInstructionSender:Update()
 
(Filename: C:\build\output\unity\unity\Runtime/Export/Debug/Debug.bindings.h Line: 35)

Ball r, x, y :7.86, -169, 60
UnityEngine.DebugLogHandler:Internal_Log(LogType, LogOption, String, Object)
UnityEngine.DebugLogHandler:LogFormat(LogType, Object, String, Object[])
UnityEngine.Logger:Log(LogType, Object)
UnityEngine.Debug:Log(Object)
HighPrecisionStepperJuggler.ImageProcessingInstructionSender:Update()
 
(Filename: C:\build\output\unity\unity\Runtime/Export/Debug/Debug.bindings.h Line: 35)

Ball r, x, y :3.52, 316, 180
UnityEngine.DebugLogHandler:Internal_Log(LogType, LogOption, String, Object)
UnityEngine.DebugLogHandler:LogFormat(LogType, Object, String, Object[])
UnityEngine.Logger:Log(LogType, Object)
UnityEngine.Debug:Log(Object)
HighPrecisionStepperJuggler.ImageProcessingInstructionSender:Update()
 
(Filename: C:\build\output\unity\unity\Runtime/Export/Debug/Debug.bindings.h Line: 35)

Ball r, x, y :7.86, 311, 60
UnityEngine.DebugLogHandler:Internal_Log(LogType, LogOption, String, Object)
UnityEngine.DebugLogHandler:LogFormat(LogType, Object, String, Object[])
UnityEngine.Logger:Log(LogType, Object)
UnityEngine.Debug:Log(Object)
HighPrecisionStepperJuggler.ImageProcessingInstructionSender:Update()
 
(Filename: C:\build\output\unity\unity\Runtime/Export/Debug/Debug.bindings.h Line: 35)

Ball r, x, y :6.1, 313, 120
UnityEngine.DebugLogHandler:Internal_Log(LogType, LogOption, String, Object)
UnityEngine.DebugLogHandler:LogFormat(LogType, Object, String, Object[])
UnityEngine.Logger:Log(LogType, Object)
UnityEngine.Debug:Log(Object)
HighPrecisionStepperJuggler.ImageProcessingInstructionSender:Update()
 
(Filename: C:\build\output\unity\unity\Runtime/Export/Debug/Debug.bindings.h Line: 35)

Ball r, x, y :5.3, 314, 150
UnityEngine.DebugLogHandler:Internal_Log(LogType, LogOption, String, Object)
UnityEngine.DebugLogHandler:LogFormat(LogType, Object, String, Object[])
UnityEngine.Logger:Log(LogType, Object)
UnityEngine.Debug:Log(Object)
HighPrecisionStepperJuggler.ImageProcessingInstructionSender:Update()
 
(Filename: C:\build\output\unity\unity\Runtime/Export/Debug/Debug.bindings.h Line: 35)

Ball r, x, y :7.86, 311, 60
UnityEngine.DebugLogHandler:Internal_Log(LogType, LogOption, String, Object)
UnityEngine.DebugLogHandler:LogFormat(LogType, Object, String, Object[])
UnityEngine.Logger:Log(LogType, Object)
UnityEngine.Debug:Log(Object)
HighPrecisionStepperJuggler.ImageProcessingInstructionSender:Update()
 
(Filename: C:\build\output\unity\unity\Runtime/Export/Debug/Debug.bindings.h Line: 35)

Ball r, x, y :7.86, 311, 60
UnityEngine.DebugLogHandler:Internal_Log(LogType, LogOption, String, Object)
UnityEngine.DebugLogHandler:LogFormat(LogType, Object, String, Object[])
UnityEngine.Logger:Log(LogType, Object)
UnityEngine.Debug:Log(Object)
HighPrecisionStepperJuggler.ImageProcessingInstructionSender:Update()
 
(Filename: C:\build\output\unity\unity\Runtime/Export/Debug/Debug.bindings.h Line: 35)

Ball r, x, y :6.54, 313, 120
UnityEngine.DebugLogHandler:Internal_Log(LogType, LogOption, String, Object)
UnityEngine.DebugLogHandler:LogFormat(LogType, Object, String, Object[])
UnityEngine.Logger:Log(LogType, Object)
UnityEngine.Debug:Log(Object)
HighPrecisionStepperJuggler.ImageProcessingInstructionSender:Update()
 
(Filename: C:\build\output\unity\unity\Runtime/Export/Debug/Debug.bindings.h Line: 35)

Ball r, x, y :6.1, 313, 150
UnityEngine.DebugLogHandler:Internal_Log(LogType, LogOption, String, Object)
UnityEngine.DebugLogHandler:LogFormat(LogType, Object, String, Object[])
UnityEngine.Logger:Log(LogType, Object)
UnityEngine.Debug:Log(Object)
HighPrecisionStepperJuggler.ImageProcessingInstructionSender:Update()
 
(Filename: C:\build\output\unity\unity\Runtime/Export/Debug/Debug.bindings.h Line: 35)

Ball r, x, y :6.1, 313, 120
UnityEngine.DebugLogHandler:Internal_Log(LogType, LogOption, String, Object)
UnityEngine.DebugLogHandler:LogFormat(LogType, Object, String, Object[])
UnityEngine.Logger:Log(LogType, Object)
UnityEngine.Debug:Log(Object)
HighPrecisionStepperJuggler.ImageProcessingInstructionSender:Update()
 
(Filename: C:\build\output\unity\unity\Runtime/Export/Debug/Debug.bindings.h Line: 35)

Ball r, x, y :7.86, 311, 60
UnityEngine.DebugLogHandler:Internal_Log(LogType, LogOption, String, Object)
UnityEngine.DebugLogHandler:LogFormat(LogType, Object, String, Object[])
UnityEngine.Logger:Log(LogType, Object)
UnityEngine.Debug:Log(Object)
HighPrecisionStepperJuggler.ImageProcessingInstructionSender:Update()
 
(Filename: C:\build\output\unity\unity\Runtime/Export/Debug/Debug.bindings.h Line: 35)

Ball r, x, y :7.86, 311, 60
UnityEngine.DebugLogHandler:Internal_Log(LogType, LogOption, String, Object)
UnityEngine.DebugLogHandler:LogFormat(LogType, Object, String, Object[])
UnityEngine.Logger:Log(LogType, Object)
UnityEngine.Debug:Log(Object)
HighPrecisionStepperJuggler.ImageProcessingInstructionSender:Update()
 
(Filename: C:\build\output\unity\unity\Runtime/Export/Debug/Debug.bindings.h Line: 35)

Ball r, x, y :6.1, 313, 120
UnityEngine.DebugLogHandler:Internal_Log(LogType, LogOption, String, Object)
UnityEngine.DebugLogHandler:LogFormat(LogType, Object, String, Object[])
UnityEngine.Logger:Log(LogType, Object)
UnityEngine.Debug:Log(Object)
HighPrecisionStepperJuggler.ImageProcessingInstructionSender:Update()
 
(Filename: C:\build\output\unity\unity\Runtime/Export/Debug/Debug.bindings.h Line: 35)

Ball r, x, y :6.1, 313, 120
UnityEngine.DebugLogHandler:Internal_Log(LogType, LogOption, String, Object)
UnityEngine.DebugLogHandler:LogFormat(LogType, Object, String, Object[])
UnityEngine.Logger:Log(LogType, Object)
UnityEngine.Debug:Log(Object)
HighPrecisionStepperJuggler.ImageProcessingInstructionSender:Update()
 
(Filename: C:\build\output\unity\unity\Runtime/Export/Debug/Debug.bindings.h Line: 35)

Ball r, x, y :7.86, -169, 60
UnityEngine.DebugLogHandler:Internal_Log(LogType, LogOption, String, Object)
UnityEngine.DebugLogHandler:LogFormat(LogType, Object, String, Object[])
UnityEngine.Logger:Log(LogType, Object)
UnityEngine.Debug:Log(Object)
HighPrecisionStepperJuggler.ImageProcessingInstructionSender:Update()
 
(Filename: C:\build\output\unity\unity\Runtime/Export/Debug/Debug.bindings.h Line: 35)

Ball r, x, y :6.1, 313, 120
UnityEngine.DebugLogHandler:Internal_Log(LogType, LogOption, String, Object)
UnityEngine.DebugLogHandler:LogFormat(LogType, Object, String, Object[])
UnityEngine.Logger:Log(LogType, Object)
UnityEngine.Debug:Log(Object)
HighPrecisionStepperJuggler.ImageProcessingInstructionSender:Update()
 
(Filename: C:\build\output\unity\unity\Runtime/Export/Debug/Debug.bindings.h Line: 35)

Ball r, x, y :7.86, 311, 60
UnityEngine.DebugLogHandler:Internal_Log(LogType, LogOption, String, Object)
UnityEngine.DebugLogHandler:LogFormat(LogType, Object, String, Object[])
UnityEngine.Logger:Log(LogType, Object)
UnityEngine.Debug:Log(Object)
HighPrecisionStepperJuggler.ImageProcessingInstructionSender:Update()
 
(Filename: C:\build\output\unity\unity\Runtime/Export/Debug/Debug.bindings.h Line: 35)

Ball r, x, y :5.6, 314, 150
UnityEngine.DebugLogHandler:Internal_Log(LogType, LogOption, String, Object)
UnityEngine.DebugLogHandler:LogFormat(LogType, Object, String, Object[])
UnityEngine.Logger:Log(LogType, Object)
UnityEngine.Debug:Log(Object)
HighPrecisionStepperJuggler.ImageProcessingInstructionSender:Update()
 
(Filename: C:\build\output\unity\unity\Runtime/Export/Debug/Debug.bindings.h Line: 35)

Ball r, x, y :5.6, 314, 150
UnityEngine.DebugLogHandler:Internal_Log(LogType, LogOption, String, Object)
UnityEngine.DebugLogHandler:LogFormat(LogType, Object, String, Object[])
UnityEngine.Logger:Log(LogType, Object)
UnityEngine.Debug:Log(Object)
HighPrecisionStepperJuggler.ImageProcessingInstructionSender:Update()
 
(Filename: C:\build\output\unity\unity\Runtime/Export/Debug/Debug.bindings.h Line: 35)

Ball r, x, y :6.1, 313, 120
UnityEngine.DebugLogHandler:Internal_Log(LogType, LogOption, String, Object)
UnityEngine.DebugLogHandler:LogFormat(LogType, Object, String, Object[])
UnityEngine.Logger:Log(LogType, Object)
UnityEngine.Debug:Log(Object)
HighPrecisionStepperJuggler.ImageProcessingInstructionSender:Update()
 
(Filename: C:\build\output\unity\unity\Runtime/Export/Debug/Debug.bindings.h Line: 35)

Ball r, x, y :7.86, 311, 60
UnityEngine.DebugLogHandler:Internal_Log(LogType, LogOption, String, Object)
UnityEngine.DebugLogHandler:LogFormat(LogType, Object, String, Object[])
UnityEngine.Logger:Log(LogType, Object)
UnityEngine.Debug:Log(Object)
HighPrecisionStepperJuggler.ImageProcessingInstructionSender:Update()
 
(Filename: C:\build\output\unity\unity\Runtime/Export/Debug/Debug.bindings.h Line: 35)

Ball r, x, y :7.38, 312, 60
UnityEngine.DebugLogHandler:Internal_Log(LogType, LogOption, String, Object)
UnityEngine.DebugLogHandler:LogFormat(LogType, Object, String, Object[])
UnityEngine.Logger:Log(LogType, Object)
UnityEngine.Debug:Log(Object)
HighPrecisionStepperJuggler.ImageProcessingInstructionSender:Update()
 
(Filename: C:\build\output\unity\unity\Runtime/Export/Debug/Debug.bindings.h Line: 35)

Ball r, x, y :7.86, 311, 60
UnityEngine.DebugLogHandler:Internal_Log(LogType, LogOption, String, Object)
UnityEngine.DebugLogHandler:LogFormat(LogType, Object, String, Object[])
UnityEngine.Logger:Log(LogType, Object)
UnityEngine.Debug:Log(Object)
HighPrecisionStepperJuggler.ImageProcessingInstructionSender:Update()
 
(Filename: C:\build\output\unity\unity\Runtime/Export/Debug/Debug.bindings.h Line: 35)

Ball r, x, y :6.1, 313, 120
UnityEngine.DebugLogHandler:Internal_Log(LogType, LogOption, String, Object)
UnityEngine.DebugLogHandler:LogFormat(LogType, Object, String, Object[])
UnityEngine.Logger:Log(LogType, Object)
UnityEngine.Debug:Log(Object)
HighPrecisionStepperJuggler.ImageProcessingInstructionSender:Update()
 
(Filename: C:\build\output\unity\unity\Runtime/Export/Debug/Debug.bindings.h Line: 35)

Ball r, x, y :7.38, -168, 60
UnityEngine.DebugLogHandler:Internal_Log(LogType, LogOption, String, Object)
UnityEngine.DebugLogHandler:LogFormat(LogType, Object, String, Object[])
UnityEngine.Logger:Log(LogType, Object)
UnityEngine.Debug:Log(Object)
HighPrecisionStepperJuggler.ImageProcessingInstructionSender:Update()
 
(Filename: C:\build\output\unity\unity\Runtime/Export/Debug/Debug.bindings.h Line: 35)

Ball r, x, y :6.1, 313, 120
UnityEngine.DebugLogHandler:Internal_Log(LogType, LogOption, String, Object)
UnityEngine.DebugLogHandler:LogFormat(LogType, Object, String, Object[])
UnityEngine.Logger:Log(LogType, Object)
UnityEngine.Debug:Log(Object)
HighPrecisionStepperJuggler.ImageProcessingInstructionSender:Update()
 
(Filename: C:\build\output\unity\unity\Runtime/Export/Debug/Debug.bindings.h Line: 35)

Ball r, x, y :6.1, 313, 120
UnityEngine.DebugLogHandler:Internal_Log(LogType, LogOption, String, Object)
UnityEngine.DebugLogHandler:LogFormat(LogType, Object, String, Object[])
UnityEngine.Logger:Log(LogType, Object)
UnityEngine.Debug:Log(Object)
HighPrecisionStepperJuggler.ImageProcessingInstructionSender:Update()
 
(Filename: C:\build\output\unity\unity\Runtime/Export/Debug/Debug.bindings.h Line: 35)

Ball r, x, y :7.86, 311, 60
UnityEngine.DebugLogHandler:Internal_Log(LogType, LogOption, String, Object)
UnityEngine.DebugLogHandler:LogFormat(LogType, Object, String, Object[])
UnityEngine.Logger:Log(LogType, Object)
UnityEngine.Debug:Log(Object)
HighPrecisionStepperJuggler.ImageProcessingInstructionSender:Update()
 
(Filename: C:\build\output\unity\unity\Runtime/Export/Debug/Debug.bindings.h Line: 35)

Ball r, x, y :6.1, 313, 120
UnityEngine.DebugLogHandler:Internal_Log(LogType, LogOption, String, Object)
UnityEngine.DebugLogHandler:LogFormat(LogType, Object, String, Object[])
UnityEngine.Logger:Log(LogType, Object)
UnityEngine.Debug:Log(Object)
HighPrecisionStepperJuggler.ImageProcessingInstructionSender:Update()
 
(Filename: C:\build\output\unity\unity\Runtime/Export/Debug/Debug.bindings.h Line: 35)

Ball r, x, y :7.86, -169, 60
UnityEngine.DebugLogHandler:Internal_Log(LogType, LogOption, String, Object)
UnityEngine.DebugLogHandler:LogFormat(LogType, Object, String, Object[])
UnityEngine.Logger:Log(LogType, Object)
UnityEngine.Debug:Log(Object)
HighPrecisionStepperJuggler.ImageProcessingInstructionSender:Update()
 
(Filename: C:\build\output\unity\unity\Runtime/Export/Debug/Debug.bindings.h Line: 35)

Ball r, x, y :7.86, -169, 60
UnityEngine.DebugLogHandler:Internal_Log(LogType, LogOption, String, Object)
UnityEngine.DebugLogHandler:LogFormat(LogType, Object, String, Object[])
UnityEngine.Logger:Log(LogType, Object)
UnityEngine.Debug:Log(Object)
HighPrecisionStepperJuggler.ImageProcessingInstructionSender:Update()
 
(Filename: C:\build\output\unity\unity\Runtime/Export/Debug/Debug.bindings.h Line: 35)

Ball r, x, y :7.86, -169, 60
UnityEngine.DebugLogHandler:Internal_Log(LogType, LogOption, String, Object)
UnityEngine.DebugLogHandler:LogFormat(LogType, Object, String, Object[])
UnityEngine.Logger:Log(LogType, Object)
UnityEngine.Debug:Log(Object)
HighPrecisionStepperJuggler.ImageProcessingInstructionSender:Update()
 
(Filename: C:\build\output\unity\unity\Runtime/Export/Debug/Debug.bindings.h Line: 35)

Ball r, x, y :6.1, 313, 150
UnityEngine.DebugLogHandler:Internal_Log(LogType, LogOption, String, Object)
UnityEngine.DebugLogHandler:LogFormat(LogType, Object, String, Object[])
UnityEngine.Logger:Log(LogType, Object)
UnityEngine.Debug:Log(Object)
HighPrecisionStepperJuggler.ImageProcessingInstructionSender:Update()
 
(Filename: C:\build\output\unity\unity\Runtime/Export/Debug/Debug.bindings.h Line: 35)

Ball r, x, y :7.86, 311, 60
UnityEngine.DebugLogHandler:Internal_Log(LogType, LogOption, String, Object)
UnityEngine.DebugLogHandler:LogFormat(LogType, Object, String, Object[])
UnityEngine.Logger:Log(LogType, Object)
UnityEngine.Debug:Log(Object)
HighPrecisionStepperJuggler.ImageProcessingInstructionSender:Update()
 
(Filename: C:\build\output\unity\unity\Runtime/Export/Debug/Debug.bindings.h Line: 35)

Ball r, x, y :7.86, -169, 60
UnityEngine.DebugLogHandler:Internal_Log(LogType, LogOption, String, Object)
UnityEngine.DebugLogHandler:LogFormat(LogType, Object, String, Object[])
UnityEngine.Logger:Log(LogType, Object)
UnityEngine.Debug:Log(Object)
HighPrecisionStepperJuggler.ImageProcessingInstructionSender:Update()
 
(Filename: C:\build\output\unity\unity\Runtime/Export/Debug/Debug.bindings.h Line: 35)

Ball r, x, y :6.54, -167, 60
UnityEngine.DebugLogHandler:Internal_Log(LogType, LogOption, String, Object)
UnityEngine.DebugLogHandler:LogFormat(LogType, Object, String, Object[])
UnityEngine.Logger:Log(LogType, Object)
UnityEngine.Debug:Log(Object)
HighPrecisionStepperJuggler.ImageProcessingInstructionSender:Update()
 
(Filename: C:\build\output\unity\unity\Runtime/Export/Debug/Debug.bindings.h Line: 35)

Ball r, x, y :7.86, 311, 60
UnityEngine.DebugLogHandler:Internal_Log(LogType, LogOption, String, Object)
UnityEngine.DebugLogHandler:LogFormat(LogType, Object, String, Object[])
UnityEngine.Logger:Log(LogType, Object)
UnityEngine.Debug:Log(Object)
HighPrecisionStepperJuggler.ImageProcessingInstructionSender:Update()
 
(Filename: C:\build\output\unity\unity\Runtime/Export/Debug/Debug.bindings.h Line: 35)

Ball r, x, y :7, -168, 90
UnityEngine.DebugLogHandler:Internal_Log(LogType, LogOption, String, Object)
UnityEngine.DebugLogHandler:LogFormat(LogType, Object, String, Object[])
UnityEngine.Logger:Log(LogType, Object)
UnityEngine.Debug:Log(Object)
HighPrecisionStepperJuggler.ImageProcessingInstructionSender:Update()
 
(Filename: C:\build\output\unity\unity\Runtime/Export/Debug/Debug.bindings.h Line: 35)

Ball r, x, y :7.86, 311, 60
UnityEngine.DebugLogHandler:Internal_Log(LogType, LogOption, String, Object)
UnityEngine.DebugLogHandler:LogFormat(LogType, Object, String, Object[])
UnityEngine.Logger:Log(LogType, Object)
UnityEngine.Debug:Log(Object)
HighPrecisionStepperJuggler.ImageProcessingInstructionSender:Update()
 
(Filename: C:\build\output\unity\unity\Runtime/Export/Debug/Debug.bindings.h Line: 35)

Ball r, x, y :7.86, 311, 60
UnityEngine.DebugLogHandler:Internal_Log(LogType, LogOption, String, Object)
UnityEngine.DebugLogHandler:LogFormat(LogType, Object, String, Object[])
UnityEngine.Logger:Log(LogType, Object)
UnityEngine.Debug:Log(Object)
HighPrecisionStepperJuggler.ImageProcessingInstructionSender:Update()
 
(Filename: C:\build\output\unity\unity\Runtime/Export/Debug/Debug.bindings.h Line: 35)

Ball r, x, y :7.86, -169, 60
UnityEngine.DebugLogHandler:Internal_Log(LogType, LogOption, String, Object)
UnityEngine.DebugLogHandler:LogFormat(LogType, Object, String, Object[])
UnityEngine.Logger:Log(LogType, Object)
UnityEngine.Debug:Log(Object)
HighPrecisionStepperJuggler.ImageProcessingInstructionSender:Update()
 
(Filename: C:\build\output\unity\unity\Runtime/Export/Debug/Debug.bindings.h Line: 35)

Ball r, x, y :6.1, 313, 120
UnityEngine.DebugLogHandler:Internal_Log(LogType, LogOption, String, Object)
UnityEngine.DebugLogHandler:LogFormat(LogType, Object, String, Object[])
UnityEngine.Logger:Log(LogType, Object)
UnityEngine.Debug:Log(Object)
HighPrecisionStepperJuggler.ImageProcessingInstructionSender:Update()
 
(Filename: C:\build\output\unity\unity\Runtime/Export/Debug/Debug.bindings.h Line: 35)

Ball r, x, y :7.86, -169, 60
UnityEngine.DebugLogHandler:Internal_Log(LogType, LogOption, String, Object)
UnityEngine.DebugLogHandler:LogFormat(LogType, Object, String, Object[])
UnityEngine.Logger:Log(LogType, Object)
UnityEngine.Debug:Log(Object)
HighPrecisionStepperJuggler.ImageProcessingInstructionSender:Update()
 
(Filename: C:\build\output\unity\unity\Runtime/Export/Debug/Debug.bindings.h Line: 35)

Ball r, x, y :7.86, 311, 60
UnityEngine.DebugLogHandler:Internal_Log(LogType, LogOption, String, Object)
UnityEngine.DebugLogHandler:LogFormat(LogType, Object, String, Object[])
UnityEngine.Logger:Log(LogType, Object)
UnityEngine.Debug:Log(Object)
HighPrecisionStepperJuggler.ImageProcessingInstructionSender:Update()
 
(Filename: C:\build\output\unity\unity\Runtime/Export/Debug/Debug.bindings.h Line: 35)

Ball r, x, y :6.1, 313, 120
UnityEngine.DebugLogHandler:Internal_Log(LogType, LogOption, String, Object)
UnityEngine.DebugLogHandler:LogFormat(LogType, Object, String, Object[])
UnityEngine.Logger:Log(LogType, Object)
UnityEngine.Debug:Log(Object)
HighPrecisionStepperJuggler.ImageProcessingInstructionSender:Update()
 
(Filename: C:\build\output\unity\unity\Runtime/Export/Debug/Debug.bindings.h Line: 35)

Ball r, x, y :7.38, 312, 60
UnityEngine.DebugLogHandler:Internal_Log(LogType, LogOption, String, Object)
UnityEngine.DebugLogHandler:LogFormat(LogType, Object, String, Object[])
UnityEngine.Logger:Log(LogType, Object)
UnityEngine.Debug:Log(Object)
HighPrecisionStepperJuggler.ImageProcessingInstructionSender:Update()
 
(Filename: C:\build\output\unity\unity\Runtime/Export/Debug/Debug.bindings.h Line: 35)

Ball r, x, y :6.1, -167, 150
UnityEngine.DebugLogHandler:Internal_Log(LogType, LogOption, String, Object)
UnityEngine.DebugLogHandler:LogFormat(LogType, Object, String, Object[])
UnityEngine.Logger:Log(LogType, Object)
UnityEngine.Debug:Log(Object)
HighPrecisionStepperJuggler.ImageProcessingInstructionSender:Update()
 
(Filename: C:\build\output\unity\unity\Runtime/Export/Debug/Debug.bindings.h Line: 35)

Ball r, x, y :2.2, 318, 60
UnityEngine.DebugLogHandler:Internal_Log(LogType, LogOption, String, Object)
UnityEngine.DebugLogHandler:LogFormat(LogType, Object, String, Object[])
UnityEngine.Logger:Log(LogType, Object)
UnityEngine.Debug:Log(Object)
HighPrecisionStepperJuggler.ImageProcessingInstructionSender:Update()
 
(Filename: C:\build\output\unity\unity\Runtime/Export/Debug/Debug.bindings.h Line: 35)

Ball r, x, y :7.86, 311, 60
UnityEngine.DebugLogHandler:Internal_Log(LogType, LogOption, String, Object)
UnityEngine.DebugLogHandler:LogFormat(LogType, Object, String, Object[])
UnityEngine.Logger:Log(LogType, Object)
UnityEngine.Debug:Log(Object)
HighPrecisionStepperJuggler.ImageProcessingInstructionSender:Update()
 
(Filename: C:\build\output\unity\unity\Runtime/Export/Debug/Debug.bindings.h Line: 35)

Ball r, x, y :6.54, -167, 120
UnityEngine.DebugLogHandler:Internal_Log(LogType, LogOption, String, Object)
UnityEngine.DebugLogHandler:LogFormat(LogType, Object, String, Object[])
UnityEngine.Logger:Log(LogType, Object)
UnityEngine.Debug:Log(Object)
HighPrecisionStepperJuggler.ImageProcessingInstructionSender:Update()
 
(Filename: C:\build\output\unity\unity\Runtime/Export/Debug/Debug.bindings.h Line: 35)

Ball r, x, y :1.74, -162, 180
UnityEngine.DebugLogHandler:Internal_Log(LogType, LogOption, String, Object)
UnityEngine.DebugLogHandler:LogFormat(LogType, Object, String, Object[])
UnityEngine.Logger:Log(LogType, Object)
UnityEngine.Debug:Log(Object)
HighPrecisionStepperJuggler.ImageProcessingInstructionSender:Update()
 
(Filename: C:\build\output\unity\unity\Runtime/Export/Debug/Debug.bindings.h Line: 35)

Ball r, x, y :6.1, 313, 150
UnityEngine.DebugLogHandler:Internal_Log(LogType, LogOption, String, Object)
UnityEngine.DebugLogHandler:LogFormat(LogType, Object, String, Object[])
UnityEngine.Logger:Log(LogType, Object)
UnityEngine.Debug:Log(Object)
HighPrecisionStepperJuggler.ImageProcessingInstructionSender:Update()
 
(Filename: C:\build\output\unity\unity\Runtime/Export/Debug/Debug.bindings.h Line: 35)

Ball r, x, y :7, 312, 90
UnityEngine.DebugLogHandler:Internal_Log(LogType, LogOption, String, Object)
UnityEngine.DebugLogHandler:LogFormat(LogType, Object, String, Object[])
UnityEngine.Logger:Log(LogType, Object)
UnityEngine.Debug:Log(Object)
HighPrecisionStepperJuggler.ImageProcessingInstructionSender:Update()
 
(Filename: C:\build\output\unity\unity\Runtime/Export/Debug/Debug.bindings.h Line: 35)

Ball r, x, y :7.86, -169, 60
UnityEngine.DebugLogHandler:Internal_Log(LogType, LogOption, String, Object)
UnityEngine.DebugLogHandler:LogFormat(LogType, Object, String, Object[])
UnityEngine.Logger:Log(LogType, Object)
UnityEngine.Debug:Log(Object)
HighPrecisionStepperJuggler.ImageProcessingInstructionSender:Update()
 
(Filename: C:\build\output\unity\unity\Runtime/Export/Debug/Debug.bindings.h Line: 35)

Ball r, x, y :6.1, 313, 120
UnityEngine.DebugLogHandler:Internal_Log(LogType, LogOption, String, Object)
UnityEngine.DebugLogHandler:LogFormat(LogType, Object, String, Object[])
UnityEngine.Logger:Log(LogType, Object)
UnityEngine.Debug:Log(Object)
HighPrecisionStepperJuggler.ImageProcessingInstructionSender:Update()
 
(Filename: C:\build\output\unity\unity\Runtime/Export/Debug/Debug.bindings.h Line: 35)

Ball r, x, y :7.38, -168, 60
UnityEngine.DebugLogHandler:Internal_Log(LogType, LogOption, String, Object)
UnityEngine.DebugLogHandler:LogFormat(LogType, Object, String, Object[])
UnityEngine.Logger:Log(LogType, Object)
UnityEngine.Debug:Log(Object)
HighPrecisionStepperJuggler.ImageProcessingInstructionSender:Update()
 
(Filename: C:\build\output\unity\unity\Runtime/Export/Debug/Debug.bindings.h Line: 35)

Ball r, x, y :6.1, 313, 120
UnityEngine.DebugLogHandler:Internal_Log(LogType, LogOption, String, Object)
UnityEngine.DebugLogHandler:LogFormat(LogType, Object, String, Object[])
UnityEngine.Logger:Log(LogType, Object)
UnityEngine.Debug:Log(Object)
HighPrecisionStepperJuggler.ImageProcessingInstructionSender:Update()
 
(Filename: C:\build\output\unity\unity\Runtime/Export/Debug/Debug.bindings.h Line: 35)

Ball r, x, y :6.1, 313, 120
UnityEngine.DebugLogHandler:Internal_Log(LogType, LogOption, String, Object)
UnityEngine.DebugLogHandler:LogFormat(LogType, Object, String, Object[])
UnityEngine.Logger:Log(LogType, Object)
UnityEngine.Debug:Log(Object)
HighPrecisionStepperJuggler.ImageProcessingInstructionSender:Update()
 
(Filename: C:\build\output\unity\unity\Runtime/Export/Debug/Debug.bindings.h Line: 35)

Ball r, x, y :7.86, 311, 60
UnityEngine.DebugLogHandler:Internal_Log(LogType, LogOption, String, Object)
UnityEngine.DebugLogHandler:LogFormat(LogType, Object, String, Object[])
UnityEngine.Logger:Log(LogType, Object)
UnityEngine.Debug:Log(Object)
HighPrecisionStepperJuggler.ImageProcessingInstructionSender:Update()
 
(Filename: C:\build\output\unity\unity\Runtime/Export/Debug/Debug.bindings.h Line: 35)

Ball r, x, y :7.86, 311, 60
UnityEngine.DebugLogHandler:Internal_Log(LogType, LogOption, String, Object)
UnityEngine.DebugLogHandler:LogFormat(LogType, Object, String, Object[])
UnityEngine.Logger:Log(LogType, Object)
UnityEngine.Debug:Log(Object)
HighPrecisionStepperJuggler.ImageProcessingInstructionSender:Update()
 
(Filename: C:\build\output\unity\unity\Runtime/Export/Debug/Debug.bindings.h Line: 35)

Ball r, x, y :7.86, 311, 60
UnityEngine.DebugLogHandler:Internal_Log(LogType, LogOption, String, Object)
UnityEngine.DebugLogHandler:LogFormat(LogType, Object, String, Object[])
UnityEngine.Logger:Log(LogType, Object)
UnityEngine.Debug:Log(Object)
HighPrecisionStepperJuggler.ImageProcessingInstructionSender:Update()
 
(Filename: C:\build\output\unity\unity\Runtime/Export/Debug/Debug.bindings.h Line: 35)

Ball r, x, y :7.86, -169, 60
UnityEngine.DebugLogHandler:Internal_Log(LogType, LogOption, String, Object)
UnityEngine.DebugLogHandler:LogFormat(LogType, Object, String, Object[])
UnityEngine.Logger:Log(LogType, Object)
UnityEngine.Debug:Log(Object)
HighPrecisionStepperJuggler.ImageProcessingInstructionSender:Update()
 
(Filename: C:\build\output\unity\unity\Runtime/Export/Debug/Debug.bindings.h Line: 35)

Ball r, x, y :7.86, 311, 60
UnityEngine.DebugLogHandler:Internal_Log(LogType, LogOption, String, Object)
UnityEngine.DebugLogHandler:LogFormat(LogType, Object, String, Object[])
UnityEngine.Logger:Log(LogType, Object)
UnityEngine.Debug:Log(Object)
HighPrecisionStepperJuggler.ImageProcessingInstructionSender:Update()
 
(Filename: C:\build\output\unity\unity\Runtime/Export/Debug/Debug.bindings.h Line: 35)

Ball r, x, y :7.86, 311, 60
UnityEngine.DebugLogHandler:Internal_Log(LogType, LogOption, String, Object)
UnityEngine.DebugLogHandler:LogFormat(LogType, Object, String, Object[])
UnityEngine.Logger:Log(LogType, Object)
UnityEngine.Debug:Log(Object)
HighPrecisionStepperJuggler.ImageProcessingInstructionSender:Update()
 
(Filename: C:\build\output\unity\unity\Runtime/Export/Debug/Debug.bindings.h Line: 35)

Ball r, x, y :7.86, -169, 60
UnityEngine.DebugLogHandler:Internal_Log(LogType, LogOption, String, Object)
UnityEngine.DebugLogHandler:LogFormat(LogType, Object, String, Object[])
UnityEngine.Logger:Log(LogType, Object)
UnityEngine.Debug:Log(Object)
HighPrecisionStepperJuggler.ImageProcessingInstructionSender:Update()
 
(Filename: C:\build\output\unity\unity\Runtime/Export/Debug/Debug.bindings.h Line: 35)

Ball r, x, y :7.86, 311, 60
UnityEngine.DebugLogHandler:Internal_Log(LogType, LogOption, String, Object)
UnityEngine.DebugLogHandler:LogFormat(LogType, Object, String, Object[])
UnityEngine.Logger:Log(LogType, Object)
UnityEngine.Debug:Log(Object)
HighPrecisionStepperJuggler.ImageProcessingInstructionSender:Update()
 
(Filename: C:\build\output\unity\unity\Runtime/Export/Debug/Debug.bindings.h Line: 35)

Ball r, x, y :7.38, -168, 60
UnityEngine.DebugLogHandler:Internal_Log(LogType, LogOption, String, Object)
UnityEngine.DebugLogHandler:LogFormat(LogType, Object, String, Object[])
UnityEngine.Logger:Log(LogType, Object)
UnityEngine.Debug:Log(Object)
HighPrecisionStepperJuggler.ImageProcessingInstructionSender:Update()
 
(Filename: C:\build\output\unity\unity\Runtime/Export/Debug/Debug.bindings.h Line: 35)

Ball r, x, y :7.86, -169, 60
UnityEngine.DebugLogHandler:Internal_Log(LogType, LogOption, String, Object)
UnityEngine.DebugLogHandler:LogFormat(LogType, Object, String, Object[])
UnityEngine.Logger:Log(LogType, Object)
UnityEngine.Debug:Log(Object)
HighPrecisionStepperJuggler.ImageProcessingInstructionSender:Update()
 
(Filename: C:\build\output\unity\unity\Runtime/Export/Debug/Debug.bindings.h Line: 35)

Ball r, x, y :7.86, 311, 60
UnityEngine.DebugLogHandler:Internal_Log(LogType, LogOption, String, Object)
UnityEngine.DebugLogHandler:LogFormat(LogType, Object, String, Object[])
UnityEngine.Logger:Log(LogType, Object)
UnityEngine.Debug:Log(Object)
HighPrecisionStepperJuggler.ImageProcessingInstructionSender:Update()
 
(Filename: C:\build\output\unity\unity\Runtime/Export/Debug/Debug.bindings.h Line: 35)

Ball r, x, y :7.86, 311, 60
UnityEngine.DebugLogHandler:Internal_Log(LogType, LogOption, String, Object)
UnityEngine.DebugLogHandler:LogFormat(LogType, Object, String, Object[])
UnityEngine.Logger:Log(LogType, Object)
UnityEngine.Debug:Log(Object)
HighPrecisionStepperJuggler.ImageProcessingInstructionSender:Update()
 
(Filename: C:\build\output\unity\unity\Runtime/Export/Debug/Debug.bindings.h Line: 35)

Ball r, x, y :5.6, -166, 150
UnityEngine.DebugLogHandler:Internal_Log(LogType, LogOption, String, Object)
UnityEngine.DebugLogHandler:LogFormat(LogType, Object, String, Object[])
UnityEngine.Logger:Log(LogType, Object)
UnityEngine.Debug:Log(Object)
HighPrecisionStepperJuggler.ImageProcessingInstructionSender:Update()
 
(Filename: C:\build\output\unity\unity\Runtime/Export/Debug/Debug.bindings.h Line: 35)

Ball r, x, y :7.86, 311, 60
UnityEngine.DebugLogHandler:Internal_Log(LogType, LogOption, String, Object)
UnityEngine.DebugLogHandler:LogFormat(LogType, Object, String, Object[])
UnityEngine.Logger:Log(LogType, Object)
UnityEngine.Debug:Log(Object)
HighPrecisionStepperJuggler.ImageProcessingInstructionSender:Update()
 
(Filename: C:\build\output\unity\unity\Runtime/Export/Debug/Debug.bindings.h Line: 35)

Ball r, x, y :7.86, 311, 60
UnityEngine.DebugLogHandler:Internal_Log(LogType, LogOption, String, Object)
UnityEngine.DebugLogHandler:LogFormat(LogType, Object, String, Object[])
UnityEngine.Logger:Log(LogType, Object)
UnityEngine.Debug:Log(Object)
HighPrecisionStepperJuggler.ImageProcessingInstructionSender:Update()
 
(Filename: C:\build\output\unity\unity\Runtime/Export/Debug/Debug.bindings.h Line: 35)

Ball r, x, y :7.86, 311, 60
UnityEngine.DebugLogHandler:Internal_Log(LogType, LogOption, String, Object)
UnityEngine.DebugLogHandler:LogFormat(LogType, Object, String, Object[])
UnityEngine.Logger:Log(LogType, Object)
UnityEngine.Debug:Log(Object)
HighPrecisionStepperJuggler.ImageProcessingInstructionSender:Update()
 
(Filename: C:\build\output\unity\unity\Runtime/Export/Debug/Debug.bindings.h Line: 35)

Ball r, x, y :6.1, 313, 120
UnityEngine.DebugLogHandler:Internal_Log(LogType, LogOption, String, Object)
UnityEngine.DebugLogHandler:LogFormat(LogType, Object, String, Object[])
UnityEngine.Logger:Log(LogType, Object)
UnityEngine.Debug:Log(Object)
HighPrecisionStepperJuggler.ImageProcessingInstructionSender:Update()
 
(Filename: C:\build\output\unity\unity\Runtime/Export/Debug/Debug.bindings.h Line: 35)

Ball r, x, y :7.86, 311, 60
UnityEngine.DebugLogHandler:Internal_Log(LogType, LogOption, String, Object)
UnityEngine.DebugLogHandler:LogFormat(LogType, Object, String, Object[])
UnityEngine.Logger:Log(LogType, Object)
UnityEngine.Debug:Log(Object)
HighPrecisionStepperJuggler.ImageProcessingInstructionSender:Update()
 
(Filename: C:\build\output\unity\unity\Runtime/Export/Debug/Debug.bindings.h Line: 35)

Ball r, x, y :7.86, 311, 60
UnityEngine.DebugLogHandler:Internal_Log(LogType, LogOption, String, Object)
UnityEngine.DebugLogHandler:LogFormat(LogType, Object, String, Object[])
UnityEngine.Logger:Log(LogType, Object)
UnityEngine.Debug:Log(Object)
HighPrecisionStepperJuggler.ImageProcessingInstructionSender:Update()
 
(Filename: C:\build\output\unity\unity\Runtime/Export/Debug/Debug.bindings.h Line: 35)

Ball r, x, y :6.1, 313, 150
UnityEngine.DebugLogHandler:Internal_Log(LogType, LogOption, String, Object)
UnityEngine.DebugLogHandler:LogFormat(LogType, Object, String, Object[])
UnityEngine.Logger:Log(LogType, Object)
UnityEngine.Debug:Log(Object)
HighPrecisionStepperJuggler.ImageProcessingInstructionSender:Update()
 
(Filename: C:\build\output\unity\unity\Runtime/Export/Debug/Debug.bindings.h Line: 35)

Ball r, x, y :7.38, -168, 60
UnityEngine.DebugLogHandler:Internal_Log(LogType, LogOption, String, Object)
UnityEngine.DebugLogHandler:LogFormat(LogType, Object, String, Object[])
UnityEngine.Logger:Log(LogType, Object)
UnityEngine.Debug:Log(Object)
HighPrecisionStepperJuggler.ImageProcessingInstructionSender:Update()
 
(Filename: C:\build\output\unity\unity\Runtime/Export/Debug/Debug.bindings.h Line: 35)

Ball r, x, y :7.86, 311, 60
UnityEngine.DebugLogHandler:Internal_Log(LogType, LogOption, String, Object)
UnityEngine.DebugLogHandler:LogFormat(LogType, Object, String, Object[])
UnityEngine.Logger:Log(LogType, Object)
UnityEngine.Debug:Log(Object)
HighPrecisionStepperJuggler.ImageProcessingInstructionSender:Update()
 
(Filename: C:\build\output\unity\unity\Runtime/Export/Debug/Debug.bindings.h Line: 35)

Ball r, x, y :6.1, 313, 120
UnityEngine.DebugLogHandler:Internal_Log(LogType, LogOption, String, Object)
UnityEngine.DebugLogHandler:LogFormat(LogType, Object, String, Object[])
UnityEngine.Logger:Log(LogType, Object)
UnityEngine.Debug:Log(Object)
HighPrecisionStepperJuggler.ImageProcessingInstructionSender:Update()
 
(Filename: C:\build\output\unity\unity\Runtime/Export/Debug/Debug.bindings.h Line: 35)

Ball r, x, y :7.86, 311, 60
UnityEngine.DebugLogHandler:Internal_Log(LogType, LogOption, String, Object)
UnityEngine.DebugLogHandler:LogFormat(LogType, Object, String, Object[])
UnityEngine.Logger:Log(LogType, Object)
UnityEngine.Debug:Log(Object)
HighPrecisionStepperJuggler.ImageProcessingInstructionSender:Update()
 
(Filename: C:\build\output\unity\unity\Runtime/Export/Debug/Debug.bindings.h Line: 35)

Ball r, x, y :7.86, -169, 60
UnityEngine.DebugLogHandler:Internal_Log(LogType, LogOption, String, Object)
UnityEngine.DebugLogHandler:LogFormat(LogType, Object, String, Object[])
UnityEngine.Logger:Log(LogType, Object)
UnityEngine.Debug:Log(Object)
HighPrecisionStepperJuggler.ImageProcessingInstructionSender:Update()
 
(Filename: C:\build\output\unity\unity\Runtime/Export/Debug/Debug.bindings.h Line: 35)

Ball r, x, y :6.1, 313, 120
UnityEngine.DebugLogHandler:Internal_Log(LogType, LogOption, String, Object)
UnityEngine.DebugLogHandler:LogFormat(LogType, Object, String, Object[])
UnityEngine.Logger:Log(LogType, Object)
UnityEngine.Debug:Log(Object)
HighPrecisionStepperJuggler.ImageProcessingInstructionSender:Update()
 
(Filename: C:\build\output\unity\unity\Runtime/Export/Debug/Debug.bindings.h Line: 35)

Ball r, x, y :6.1, 313, 120
UnityEngine.DebugLogHandler:Internal_Log(LogType, LogOption, String, Object)
UnityEngine.DebugLogHandler:LogFormat(LogType, Object, String, Object[])
UnityEngine.Logger:Log(LogType, Object)
UnityEngine.Debug:Log(Object)
HighPrecisionStepperJuggler.ImageProcessingInstructionSender:Update()
 
(Filename: C:\build\output\unity\unity\Runtime/Export/Debug/Debug.bindings.h Line: 35)

Ball r, x, y :7.86, -169, 60
UnityEngine.DebugLogHandler:Internal_Log(LogType, LogOption, String, Object)
UnityEngine.DebugLogHandler:LogFormat(LogType, Object, String, Object[])
UnityEngine.Logger:Log(LogType, Object)
UnityEngine.Debug:Log(Object)
HighPrecisionStepperJuggler.ImageProcessingInstructionSender:Update()
 
(Filename: C:\build\output\unity\unity\Runtime/Export/Debug/Debug.bindings.h Line: 35)

Ball r, x, y :7.86, 311, 60
UnityEngine.DebugLogHandler:Internal_Log(LogType, LogOption, String, Object)
UnityEngine.DebugLogHandler:LogFormat(LogType, Object, String, Object[])
UnityEngine.Logger:Log(LogType, Object)
UnityEngine.Debug:Log(Object)
HighPrecisionStepperJuggler.ImageProcessingInstructionSender:Update()
 
(Filename: C:\build\output\unity\unity\Runtime/Export/Debug/Debug.bindings.h Line: 35)

Ball r, x, y :7.86, 311, 60
UnityEngine.DebugLogHandler:Internal_Log(LogType, LogOption, String, Object)
UnityEngine.DebugLogHandler:LogFormat(LogType, Object, String, Object[])
UnityEngine.Logger:Log(LogType, Object)
UnityEngine.Debug:Log(Object)
HighPrecisionStepperJuggler.ImageProcessingInstructionSender:Update()
 
(Filename: C:\build\output\unity\unity\Runtime/Export/Debug/Debug.bindings.h Line: 35)

Ball r, x, y :6.1, 313, 120
UnityEngine.DebugLogHandler:Internal_Log(LogType, LogOption, String, Object)
UnityEngine.DebugLogHandler:LogFormat(LogType, Object, String, Object[])
UnityEngine.Logger:Log(LogType, Object)
UnityEngine.Debug:Log(Object)
HighPrecisionStepperJuggler.ImageProcessingInstructionSender:Update()
 
(Filename: C:\build\output\unity\unity\Runtime/Export/Debug/Debug.bindings.h Line: 35)

Ball r, x, y :7.86, -169, 60
UnityEngine.DebugLogHandler:Internal_Log(LogType, LogOption, String, Object)
UnityEngine.DebugLogHandler:LogFormat(LogType, Object, String, Object[])
UnityEngine.Logger:Log(LogType, Object)
UnityEngine.Debug:Log(Object)
HighPrecisionStepperJuggler.ImageProcessingInstructionSender:Update()
 
(Filename: C:\build\output\unity\unity\Runtime/Export/Debug/Debug.bindings.h Line: 35)

Ball r, x, y :7.86, 311, 60
UnityEngine.DebugLogHandler:Internal_Log(LogType, LogOption, String, Object)
UnityEngine.DebugLogHandler:LogFormat(LogType, Object, String, Object[])
UnityEngine.Logger:Log(LogType, Object)
UnityEngine.Debug:Log(Object)
HighPrecisionStepperJuggler.ImageProcessingInstructionSender:Update()
 
(Filename: C:\build\output\unity\unity\Runtime/Export/Debug/Debug.bindings.h Line: 35)

Ball r, x, y :7.86, 311, 60
UnityEngine.DebugLogHandler:Internal_Log(LogType, LogOption, String, Object)
UnityEngine.DebugLogHandler:LogFormat(LogType, Object, String, Object[])
UnityEngine.Logger:Log(LogType, Object)
UnityEngine.Debug:Log(Object)
HighPrecisionStepperJuggler.ImageProcessingInstructionSender:Update()
 
(Filename: C:\build\output\unity\unity\Runtime/Export/Debug/Debug.bindings.h Line: 35)

Ball r, x, y :7.86, 311, 60
UnityEngine.DebugLogHandler:Internal_Log(LogType, LogOption, String, Object)
UnityEngine.DebugLogHandler:LogFormat(LogType, Object, String, Object[])
UnityEngine.Logger:Log(LogType, Object)
UnityEngine.Debug:Log(Object)
HighPrecisionStepperJuggler.ImageProcessingInstructionSender:Update()
 
(Filename: C:\build\output\unity\unity\Runtime/Export/Debug/Debug.bindings.h Line: 35)

Ball r, x, y :6.1, 313, 120
UnityEngine.DebugLogHandler:Internal_Log(LogType, LogOption, String, Object)
UnityEngine.DebugLogHandler:LogFormat(LogType, Object, String, Object[])
UnityEngine.Logger:Log(LogType, Object)
UnityEngine.Debug:Log(Object)
HighPrecisionStepperJuggler.ImageProcessingInstructionSender:Update()
 
(Filename: C:\build\output\unity\unity\Runtime/Export/Debug/Debug.bindings.h Line: 35)

Ball r, x, y :7.86, 311, 60
UnityEngine.DebugLogHandler:Internal_Log(LogType, LogOption, String, Object)
UnityEngine.DebugLogHandler:LogFormat(LogType, Object, String, Object[])
UnityEngine.Logger:Log(LogType, Object)
UnityEngine.Debug:Log(Object)
HighPrecisionStepperJuggler.ImageProcessingInstructionSender:Update()
 
(Filename: C:\build\output\unity\unity\Runtime/Export/Debug/Debug.bindings.h Line: 35)

Ball r, x, y :6.1, -167, 150
UnityEngine.DebugLogHandler:Internal_Log(LogType, LogOption, String, Object)
UnityEngine.DebugLogHandler:LogFormat(LogType, Object, String, Object[])
UnityEngine.Logger:Log(LogType, Object)
UnityEngine.Debug:Log(Object)
HighPrecisionStepperJuggler.ImageProcessingInstructionSender:Update()
 
(Filename: C:\build\output\unity\unity\Runtime/Export/Debug/Debug.bindings.h Line: 35)

Ball r, x, y :6.1, 313, 120
UnityEngine.DebugLogHandler:Internal_Log(LogType, LogOption, String, Object)
UnityEngine.DebugLogHandler:LogFormat(LogType, Object, String, Object[])
UnityEngine.Logger:Log(LogType, Object)
UnityEngine.Debug:Log(Object)
HighPrecisionStepperJuggler.ImageProcessingInstructionSender:Update()
 
(Filename: C:\build\output\unity\unity\Runtime/Export/Debug/Debug.bindings.h Line: 35)

Ball r, x, y :7.86, 311, 60
UnityEngine.DebugLogHandler:Internal_Log(LogType, LogOption, String, Object)
UnityEngine.DebugLogHandler:LogFormat(LogType, Object, String, Object[])
UnityEngine.Logger:Log(LogType, Object)
UnityEngine.Debug:Log(Object)
HighPrecisionStepperJuggler.ImageProcessingInstructionSender:Update()
 
(Filename: C:\build\output\unity\unity\Runtime/Export/Debug/Debug.bindings.h Line: 35)

Ball r, x, y :7.86, 311, 60
UnityEngine.DebugLogHandler:Internal_Log(LogType, LogOption, String, Object)
UnityEngine.DebugLogHandler:LogFormat(LogType, Object, String, Object[])
UnityEngine.Logger:Log(LogType, Object)
UnityEngine.Debug:Log(Object)
HighPrecisionStepperJuggler.ImageProcessingInstructionSender:Update()
 
(Filename: C:\build\output\unity\unity\Runtime/Export/Debug/Debug.bindings.h Line: 35)

Ball r, x, y :6.1, 313, 120
UnityEngine.DebugLogHandler:Internal_Log(LogType, LogOption, String, Object)
UnityEngine.DebugLogHandler:LogFormat(LogType, Object, String, Object[])
UnityEngine.Logger:Log(LogType, Object)
UnityEngine.Debug:Log(Object)
HighPrecisionStepperJuggler.ImageProcessingInstructionSender:Update()
 
(Filename: C:\build\output\unity\unity\Runtime/Export/Debug/Debug.bindings.h Line: 35)

Ball r, x, y :7.86, 311, 60
UnityEngine.DebugLogHandler:Internal_Log(LogType, LogOption, String, Object)
UnityEngine.DebugLogHandler:LogFormat(LogType, Object, String, Object[])
UnityEngine.Logger:Log(LogType, Object)
UnityEngine.Debug:Log(Object)
HighPrecisionStepperJuggler.ImageProcessingInstructionSender:Update()
 
(Filename: C:\build\output\unity\unity\Runtime/Export/Debug/Debug.bindings.h Line: 35)

Ball r, x, y :7, 312, 90
UnityEngine.DebugLogHandler:Internal_Log(LogType, LogOption, String, Object)
UnityEngine.DebugLogHandler:LogFormat(LogType, Object, String, Object[])
UnityEngine.Logger:Log(LogType, Object)
UnityEngine.Debug:Log(Object)
HighPrecisionStepperJuggler.ImageProcessingInstructionSender:Update()
 
(Filename: C:\build\output\unity\unity\Runtime/Export/Debug/Debug.bindings.h Line: 35)

Ball r, x, y :5.6, 314, 150
UnityEngine.DebugLogHandler:Internal_Log(LogType, LogOption, String, Object)
UnityEngine.DebugLogHandler:LogFormat(LogType, Object, String, Object[])
UnityEngine.Logger:Log(LogType, Object)
UnityEngine.Debug:Log(Object)
HighPrecisionStepperJuggler.ImageProcessingInstructionSender:Update()
 
(Filename: C:\build\output\unity\unity\Runtime/Export/Debug/Debug.bindings.h Line: 35)

Ball r, x, y :6.54, 313, 120
UnityEngine.DebugLogHandler:Internal_Log(LogType, LogOption, String, Object)
UnityEngine.DebugLogHandler:LogFormat(LogType, Object, String, Object[])
UnityEngine.Logger:Log(LogType, Object)
UnityEngine.Debug:Log(Object)
HighPrecisionStepperJuggler.ImageProcessingInstructionSender:Update()
 
(Filename: C:\build\output\unity\unity\Runtime/Export/Debug/Debug.bindings.h Line: 35)

Ball r, x, y :4.38, 315, 90
UnityEngine.DebugLogHandler:Internal_Log(LogType, LogOption, String, Object)
UnityEngine.DebugLogHandler:LogFormat(LogType, Object, String, Object[])
UnityEngine.Logger:Log(LogType, Object)
UnityEngine.Debug:Log(Object)
HighPrecisionStepperJuggler.ImageProcessingInstructionSender:Update()
 
(Filename: C:\build\output\unity\unity\Runtime/Export/Debug/Debug.bindings.h Line: 35)

Ball r, x, y :6.1, 313, 120
UnityEngine.DebugLogHandler:Internal_Log(LogType, LogOption, String, Object)
UnityEngine.DebugLogHandler:LogFormat(LogType, Object, String, Object[])
UnityEngine.Logger:Log(LogType, Object)
UnityEngine.Debug:Log(Object)
HighPrecisionStepperJuggler.ImageProcessingInstructionSender:Update()
 
(Filename: C:\build\output\unity\unity\Runtime/Export/Debug/Debug.bindings.h Line: 35)

Ball r, x, y :7.86, 311, 60
UnityEngine.DebugLogHandler:Internal_Log(LogType, LogOption, String, Object)
UnityEngine.DebugLogHandler:LogFormat(LogType, Object, String, Object[])
UnityEngine.Logger:Log(LogType, Object)
UnityEngine.Debug:Log(Object)
HighPrecisionStepperJuggler.ImageProcessingInstructionSender:Update()
 
(Filename: C:\build\output\unity\unity\Runtime/Export/Debug/Debug.bindings.h Line: 35)

Ball r, x, y :5.6, 314, 150
UnityEngine.DebugLogHandler:Internal_Log(LogType, LogOption, String, Object)
UnityEngine.DebugLogHandler:LogFormat(LogType, Object, String, Object[])
UnityEngine.Logger:Log(LogType, Object)
UnityEngine.Debug:Log(Object)
HighPrecisionStepperJuggler.ImageProcessingInstructionSender:Update()
 
(Filename: C:\build\output\unity\unity\Runtime/Export/Debug/Debug.bindings.h Line: 35)

Ball r, x, y :7.86, 311, 60
UnityEngine.DebugLogHandler:Internal_Log(LogType, LogOption, String, Object)
UnityEngine.DebugLogHandler:LogFormat(LogType, Object, String, Object[])
UnityEngine.Logger:Log(LogType, Object)
UnityEngine.Debug:Log(Object)
HighPrecisionStepperJuggler.ImageProcessingInstructionSender:Update()
 
(Filename: C:\build\output\unity\unity\Runtime/Export/Debug/Debug.bindings.h Line: 35)

Ball r, x, y :6.1, 313, 120
UnityEngine.DebugLogHandler:Internal_Log(LogType, LogOption, String, Object)
UnityEngine.DebugLogHandler:LogFormat(LogType, Object, String, Object[])
UnityEngine.Logger:Log(LogType, Object)
UnityEngine.Debug:Log(Object)
HighPrecisionStepperJuggler.ImageProcessingInstructionSender:Update()
 
(Filename: C:\build\output\unity\unity\Runtime/Export/Debug/Debug.bindings.h Line: 35)

Ball r, x, y :6.54, 313, 120
UnityEngine.DebugLogHandler:Internal_Log(LogType, LogOption, String, Object)
UnityEngine.DebugLogHandler:LogFormat(LogType, Object, String, Object[])
UnityEngine.Logger:Log(LogType, Object)
UnityEngine.Debug:Log(Object)
HighPrecisionStepperJuggler.ImageProcessingInstructionSender:Update()
 
(Filename: C:\build\output\unity\unity\Runtime/Export/Debug/Debug.bindings.h Line: 35)

Ball r, x, y :7.86, 311, 60
UnityEngine.DebugLogHandler:Internal_Log(LogType, LogOption, String, Object)
UnityEngine.DebugLogHandler:LogFormat(LogType, Object, String, Object[])
UnityEngine.Logger:Log(LogType, Object)
UnityEngine.Debug:Log(Object)
HighPrecisionStepperJuggler.ImageProcessingInstructionSender:Update()
 
(Filename: C:\build\output\unity\unity\Runtime/Export/Debug/Debug.bindings.h Line: 35)

Ball r, x, y :6.1, 313, 150
UnityEngine.DebugLogHandler:Internal_Log(LogType, LogOption, String, Object)
UnityEngine.DebugLogHandler:LogFormat(LogType, Object, String, Object[])
UnityEngine.Logger:Log(LogType, Object)
UnityEngine.Debug:Log(Object)
HighPrecisionStepperJuggler.ImageProcessingInstructionSender:Update()
 
(Filename: C:\build\output\unity\unity\Runtime/Export/Debug/Debug.bindings.h Line: 35)

Ball r, x, y :7.86, 311, 60
UnityEngine.DebugLogHandler:Internal_Log(LogType, LogOption, String, Object)
UnityEngine.DebugLogHandler:LogFormat(LogType, Object, String, Object[])
UnityEngine.Logger:Log(LogType, Object)
UnityEngine.Debug:Log(Object)
HighPrecisionStepperJuggler.ImageProcessingInstructionSender:Update()
 
(Filename: C:\build\output\unity\unity\Runtime/Export/Debug/Debug.bindings.h Line: 35)

Ball r, x, y :6.1, 313, 120
UnityEngine.DebugLogHandler:Internal_Log(LogType, LogOption, String, Object)
UnityEngine.DebugLogHandler:LogFormat(LogType, Object, String, Object[])
UnityEngine.Logger:Log(LogType, Object)
UnityEngine.Debug:Log(Object)
HighPrecisionStepperJuggler.ImageProcessingInstructionSender:Update()
 
(Filename: C:\build\output\unity\unity\Runtime/Export/Debug/Debug.bindings.h Line: 35)

Ball r, x, y :6.1, 313, 120
UnityEngine.DebugLogHandler:Internal_Log(LogType, LogOption, String, Object)
UnityEngine.DebugLogHandler:LogFormat(LogType, Object, String, Object[])
UnityEngine.Logger:Log(LogType, Object)
UnityEngine.Debug:Log(Object)
HighPrecisionStepperJuggler.ImageProcessingInstructionSender:Update()
 
(Filename: C:\build\output\unity\unity\Runtime/Export/Debug/Debug.bindings.h Line: 35)

Ball r, x, y :7, 312, 90
UnityEngine.DebugLogHandler:Internal_Log(LogType, LogOption, String, Object)
UnityEngine.DebugLogHandler:LogFormat(LogType, Object, String, Object[])
UnityEngine.Logger:Log(LogType, Object)
UnityEngine.Debug:Log(Object)
HighPrecisionStepperJuggler.ImageProcessingInstructionSender:Update()
 
(Filename: C:\build\output\unity\unity\Runtime/Export/Debug/Debug.bindings.h Line: 35)

Ball r, x, y :3.06, 317, 60
UnityEngine.DebugLogHandler:Internal_Log(LogType, LogOption, String, Object)
UnityEngine.DebugLogHandler:LogFormat(LogType, Object, String, Object[])
UnityEngine.Logger:Log(LogType, Object)
UnityEngine.Debug:Log(Object)
HighPrecisionStepperJuggler.ImageProcessingInstructionSender:Update()
 
(Filename: C:\build\output\unity\unity\Runtime/Export/Debug/Debug.bindings.h Line: 35)

Ball r, x, y :7.38, 312, 60
UnityEngine.DebugLogHandler:Internal_Log(LogType, LogOption, String, Object)
UnityEngine.DebugLogHandler:LogFormat(LogType, Object, String, Object[])
UnityEngine.Logger:Log(LogType, Object)
UnityEngine.Debug:Log(Object)
HighPrecisionStepperJuggler.ImageProcessingInstructionSender:Update()
 
(Filename: C:\build\output\unity\unity\Runtime/Export/Debug/Debug.bindings.h Line: 35)

Ball r, x, y :6.1, 313, 120
UnityEngine.DebugLogHandler:Internal_Log(LogType, LogOption, String, Object)
UnityEngine.DebugLogHandler:LogFormat(LogType, Object, String, Object[])
UnityEngine.Logger:Log(LogType, Object)
UnityEngine.Debug:Log(Object)
HighPrecisionStepperJuggler.ImageProcessingInstructionSender:Update()
 
(Filename: C:\build\output\unity\unity\Runtime/Export/Debug/Debug.bindings.h Line: 35)

Ball r, x, y :7.86, -169, 60
UnityEngine.DebugLogHandler:Internal_Log(LogType, LogOption, String, Object)
UnityEngine.DebugLogHandler:LogFormat(LogType, Object, String, Object[])
UnityEngine.Logger:Log(LogType, Object)
UnityEngine.Debug:Log(Object)
HighPrecisionStepperJuggler.ImageProcessingInstructionSender:Update()
 
(Filename: C:\build\output\unity\unity\Runtime/Export/Debug/Debug.bindings.h Line: 35)

Ball r, x, y :7.86, 311, 60
UnityEngine.DebugLogHandler:Internal_Log(LogType, LogOption, String, Object)
UnityEngine.DebugLogHandler:LogFormat(LogType, Object, String, Object[])
UnityEngine.Logger:Log(LogType, Object)
UnityEngine.Debug:Log(Object)
HighPrecisionStepperJuggler.ImageProcessingInstructionSender:Update()
 
(Filename: C:\build\output\unity\unity\Runtime/Export/Debug/Debug.bindings.h Line: 35)

Ball r, x, y :5.6, 314, 150
UnityEngine.DebugLogHandler:Internal_Log(LogType, LogOption, String, Object)
UnityEngine.DebugLogHandler:LogFormat(LogType, Object, String, Object[])
UnityEngine.Logger:Log(LogType, Object)
UnityEngine.Debug:Log(Object)
HighPrecisionStepperJuggler.ImageProcessingInstructionSender:Update()
 
(Filename: C:\build\output\unity\unity\Runtime/Export/Debug/Debug.bindings.h Line: 35)

Ball r, x, y :6.1, 313, 120
UnityEngine.DebugLogHandler:Internal_Log(LogType, LogOption, String, Object)
UnityEngine.DebugLogHandler:LogFormat(LogType, Object, String, Object[])
UnityEngine.Logger:Log(LogType, Object)
UnityEngine.Debug:Log(Object)
HighPrecisionStepperJuggler.ImageProcessingInstructionSender:Update()
 
(Filename: C:\build\output\unity\unity\Runtime/Export/Debug/Debug.bindings.h Line: 35)

Ball r, x, y :6.1, -167, 120
UnityEngine.DebugLogHandler:Internal_Log(LogType, LogOption, String, Object)
UnityEngine.DebugLogHandler:LogFormat(LogType, Object, String, Object[])
UnityEngine.Logger:Log(LogType, Object)
UnityEngine.Debug:Log(Object)
HighPrecisionStepperJuggler.ImageProcessingInstructionSender:Update()
 
(Filename: C:\build\output\unity\unity\Runtime/Export/Debug/Debug.bindings.h Line: 35)

Ball r, x, y :7.38, -168, 60
UnityEngine.DebugLogHandler:Internal_Log(LogType, LogOption, String, Object)
UnityEngine.DebugLogHandler:LogFormat(LogType, Object, String, Object[])
UnityEngine.Logger:Log(LogType, Object)
UnityEngine.Debug:Log(Object)
HighPrecisionStepperJuggler.ImageProcessingInstructionSender:Update()
 
(Filename: C:\build\output\unity\unity\Runtime/Export/Debug/Debug.bindings.h Line: 35)

Ball r, x, y :6.1, 313, 120
UnityEngine.DebugLogHandler:Internal_Log(LogType, LogOption, String, Object)
UnityEngine.DebugLogHandler:LogFormat(LogType, Object, String, Object[])
UnityEngine.Logger:Log(LogType, Object)
UnityEngine.Debug:Log(Object)
HighPrecisionStepperJuggler.ImageProcessingInstructionSender:Update()
 
(Filename: C:\build\output\unity\unity\Runtime/Export/Debug/Debug.bindings.h Line: 35)

Ball r, x, y :7.86, 311, 60
UnityEngine.DebugLogHandler:Internal_Log(LogType, LogOption, String, Object)
UnityEngine.DebugLogHandler:LogFormat(LogType, Object, String, Object[])
UnityEngine.Logger:Log(LogType, Object)
UnityEngine.Debug:Log(Object)
HighPrecisionStepperJuggler.ImageProcessingInstructionSender:Update()
 
(Filename: C:\build\output\unity\unity\Runtime/Export/Debug/Debug.bindings.h Line: 35)

Ball r, x, y :7.86, 311, 60
UnityEngine.DebugLogHandler:Internal_Log(LogType, LogOption, String, Object)
UnityEngine.DebugLogHandler:LogFormat(LogType, Object, String, Object[])
UnityEngine.Logger:Log(LogType, Object)
UnityEngine.Debug:Log(Object)
HighPrecisionStepperJuggler.ImageProcessingInstructionSender:Update()
 
(Filename: C:\build\output\unity\unity\Runtime/Export/Debug/Debug.bindings.h Line: 35)

Ball r, x, y :7.86, -169, 60
UnityEngine.DebugLogHandler:Internal_Log(LogType, LogOption, String, Object)
UnityEngine.DebugLogHandler:LogFormat(LogType, Object, String, Object[])
UnityEngine.Logger:Log(LogType, Object)
UnityEngine.Debug:Log(Object)
HighPrecisionStepperJuggler.ImageProcessingInstructionSender:Update()
 
(Filename: C:\build\output\unity\unity\Runtime/Export/Debug/Debug.bindings.h Line: 35)

Ball r, x, y :6.1, -167, 150
UnityEngine.DebugLogHandler:Internal_Log(LogType, LogOption, String, Object)
UnityEngine.DebugLogHandler:LogFormat(LogType, Object, String, Object[])
UnityEngine.Logger:Log(LogType, Object)
UnityEngine.Debug:Log(Object)
HighPrecisionStepperJuggler.ImageProcessingInstructionSender:Update()
 
(Filename: C:\build\output\unity\unity\Runtime/Export/Debug/Debug.bindings.h Line: 35)

Ball r, x, y :6.1, 313, 120
UnityEngine.DebugLogHandler:Internal_Log(LogType, LogOption, String, Object)
UnityEngine.DebugLogHandler:LogFormat(LogType, Object, String, Object[])
UnityEngine.Logger:Log(LogType, Object)
UnityEngine.Debug:Log(Object)
HighPrecisionStepperJuggler.ImageProcessingInstructionSender:Update()
 
(Filename: C:\build\output\unity\unity\Runtime/Export/Debug/Debug.bindings.h Line: 35)

Ball r, x, y :7.86, 311, 60
UnityEngine.DebugLogHandler:Internal_Log(LogType, LogOption, String, Object)
UnityEngine.DebugLogHandler:LogFormat(LogType, Object, String, Object[])
UnityEngine.Logger:Log(LogType, Object)
UnityEngine.Debug:Log(Object)
HighPrecisionStepperJuggler.ImageProcessingInstructionSender:Update()
 
(Filename: C:\build\output\unity\unity\Runtime/Export/Debug/Debug.bindings.h Line: 35)

Ball r, x, y :7.86, 311, 60
UnityEngine.DebugLogHandler:Internal_Log(LogType, LogOption, String, Object)
UnityEngine.DebugLogHandler:LogFormat(LogType, Object, String, Object[])
UnityEngine.Logger:Log(LogType, Object)
UnityEngine.Debug:Log(Object)
HighPrecisionStepperJuggler.ImageProcessingInstructionSender:Update()
 
(Filename: C:\build\output\unity\unity\Runtime/Export/Debug/Debug.bindings.h Line: 35)

Ball r, x, y :7.86, 311, 60
UnityEngine.DebugLogHandler:Internal_Log(LogType, LogOption, String, Object)
UnityEngine.DebugLogHandler:LogFormat(LogType, Object, String, Object[])
UnityEngine.Logger:Log(LogType, Object)
UnityEngine.Debug:Log(Object)
HighPrecisionStepperJuggler.ImageProcessingInstructionSender:Update()
 
(Filename: C:\build\output\unity\unity\Runtime/Export/Debug/Debug.bindings.h Line: 35)

Ball r, x, y :7.86, -169, 60
UnityEngine.DebugLogHandler:Internal_Log(LogType, LogOption, String, Object)
UnityEngine.DebugLogHandler:LogFormat(LogType, Object, String, Object[])
UnityEngine.Logger:Log(LogType, Object)
UnityEngine.Debug:Log(Object)
HighPrecisionStepperJuggler.ImageProcessingInstructionSender:Update()
 
(Filename: C:\build\output\unity\unity\Runtime/Export/Debug/Debug.bindings.h Line: 35)

Ball r, x, y :7.38, -168, 60
UnityEngine.DebugLogHandler:Internal_Log(LogType, LogOption, String, Object)
UnityEngine.DebugLogHandler:LogFormat(LogType, Object, String, Object[])
UnityEngine.Logger:Log(LogType, Object)
UnityEngine.Debug:Log(Object)
HighPrecisionStepperJuggler.ImageProcessingInstructionSender:Update()
 
(Filename: C:\build\output\unity\unity\Runtime/Export/Debug/Debug.bindings.h Line: 35)

Ball r, x, y :7.86, 311, 60
UnityEngine.DebugLogHandler:Internal_Log(LogType, LogOption, String, Object)
UnityEngine.DebugLogHandler:LogFormat(LogType, Object, String, Object[])
UnityEngine.Logger:Log(LogType, Object)
UnityEngine.Debug:Log(Object)
HighPrecisionStepperJuggler.ImageProcessingInstructionSender:Update()
 
(Filename: C:\build\output\unity\unity\Runtime/Export/Debug/Debug.bindings.h Line: 35)

Ball r, x, y :3.06, 317, 60
UnityEngine.DebugLogHandler:Internal_Log(LogType, LogOption, String, Object)
UnityEngine.DebugLogHandler:LogFormat(LogType, Object, String, Object[])
UnityEngine.Logger:Log(LogType, Object)
UnityEngine.Debug:Log(Object)
HighPrecisionStepperJuggler.ImageProcessingInstructionSender:Update()
 
(Filename: C:\build\output\unity\unity\Runtime/Export/Debug/Debug.bindings.h Line: 35)

Ball r, x, y :7.86, 311, 60
UnityEngine.DebugLogHandler:Internal_Log(LogType, LogOption, String, Object)
UnityEngine.DebugLogHandler:LogFormat(LogType, Object, String, Object[])
UnityEngine.Logger:Log(LogType, Object)
UnityEngine.Debug:Log(Object)
HighPrecisionStepperJuggler.ImageProcessingInstructionSender:Update()
 
(Filename: C:\build\output\unity\unity\Runtime/Export/Debug/Debug.bindings.h Line: 35)

Ball r, x, y :6.1, -167, 120
UnityEngine.DebugLogHandler:Internal_Log(LogType, LogOption, String, Object)
UnityEngine.DebugLogHandler:LogFormat(LogType, Object, String, Object[])
UnityEngine.Logger:Log(LogType, Object)
UnityEngine.Debug:Log(Object)
HighPrecisionStepperJuggler.ImageProcessingInstructionSender:Update()
 
(Filename: C:\build\output\unity\unity\Runtime/Export/Debug/Debug.bindings.h Line: 35)

Ball r, x, y :6.1, 313, 120
UnityEngine.DebugLogHandler:Internal_Log(LogType, LogOption, String, Object)
UnityEngine.DebugLogHandler:LogFormat(LogType, Object, String, Object[])
UnityEngine.Logger:Log(LogType, Object)
UnityEngine.Debug:Log(Object)
HighPrecisionStepperJuggler.ImageProcessingInstructionSender:Update()
 
(Filename: C:\build\output\unity\unity\Runtime/Export/Debug/Debug.bindings.h Line: 35)

Ball r, x, y :7.86, -169, 60
UnityEngine.DebugLogHandler:Internal_Log(LogType, LogOption, String, Object)
UnityEngine.DebugLogHandler:LogFormat(LogType, Object, String, Object[])
UnityEngine.Logger:Log(LogType, Object)
UnityEngine.Debug:Log(Object)
HighPrecisionStepperJuggler.ImageProcessingInstructionSender:Update()
 
(Filename: C:\build\output\unity\unity\Runtime/Export/Debug/Debug.bindings.h Line: 35)

Ball r, x, y :6.1, 313, 120
UnityEngine.DebugLogHandler:Internal_Log(LogType, LogOption, String, Object)
UnityEngine.DebugLogHandler:LogFormat(LogType, Object, String, Object[])
UnityEngine.Logger:Log(LogType, Object)
UnityEngine.Debug:Log(Object)
HighPrecisionStepperJuggler.ImageProcessingInstructionSender:Update()
 
(Filename: C:\build\output\unity\unity\Runtime/Export/Debug/Debug.bindings.h Line: 35)

Ball r, x, y :5.6, -166, 150
UnityEngine.DebugLogHandler:Internal_Log(LogType, LogOption, String, Object)
UnityEngine.DebugLogHandler:LogFormat(LogType, Object, String, Object[])
UnityEngine.Logger:Log(LogType, Object)
UnityEngine.Debug:Log(Object)
HighPrecisionStepperJuggler.ImageProcessingInstructionSender:Update()
 
(Filename: C:\build\output\unity\unity\Runtime/Export/Debug/Debug.bindings.h Line: 35)

Ball r, x, y :7.86, 311, 60
UnityEngine.DebugLogHandler:Internal_Log(LogType, LogOption, String, Object)
UnityEngine.DebugLogHandler:LogFormat(LogType, Object, String, Object[])
UnityEngine.Logger:Log(LogType, Object)
UnityEngine.Debug:Log(Object)
HighPrecisionStepperJuggler.ImageProcessingInstructionSender:Update()
 
(Filename: C:\build\output\unity\unity\Runtime/Export/Debug/Debug.bindings.h Line: 35)

Ball r, x, y :6.1, 313, 150
UnityEngine.DebugLogHandler:Internal_Log(LogType, LogOption, String, Object)
UnityEngine.DebugLogHandler:LogFormat(LogType, Object, String, Object[])
UnityEngine.Logger:Log(LogType, Object)
UnityEngine.Debug:Log(Object)
HighPrecisionStepperJuggler.ImageProcessingInstructionSender:Update()
 
(Filename: C:\build\output\unity\unity\Runtime/Export/Debug/Debug.bindings.h Line: 35)

Ball r, x, y :6.1, -167, 120
UnityEngine.DebugLogHandler:Internal_Log(LogType, LogOption, String, Object)
UnityEngine.DebugLogHandler:LogFormat(LogType, Object, String, Object[])
UnityEngine.Logger:Log(LogType, Object)
UnityEngine.Debug:Log(Object)
HighPrecisionStepperJuggler.ImageProcessingInstructionSender:Update()
 
(Filename: C:\build\output\unity\unity\Runtime/Export/Debug/Debug.bindings.h Line: 35)

Ball r, x, y :7.86, 311, 60
UnityEngine.DebugLogHandler:Internal_Log(LogType, LogOption, String, Object)
UnityEngine.DebugLogHandler:LogFormat(LogType, Object, String, Object[])
UnityEngine.Logger:Log(LogType, Object)
UnityEngine.Debug:Log(Object)
HighPrecisionStepperJuggler.ImageProcessingInstructionSender:Update()
 
(Filename: C:\build\output\unity\unity\Runtime/Export/Debug/Debug.bindings.h Line: 35)

Ball r, x, y :1.74, -162, 180
UnityEngine.DebugLogHandler:Internal_Log(LogType, LogOption, String, Object)
UnityEngine.DebugLogHandler:LogFormat(LogType, Object, String, Object[])
UnityEngine.Logger:Log(LogType, Object)
UnityEngine.Debug:Log(Object)
HighPrecisionStepperJuggler.ImageProcessingInstructionSender:Update()
 
(Filename: C:\build\output\unity\unity\Runtime/Export/Debug/Debug.bindings.h Line: 35)

Ball r, x, y :6.1, 313, 120
UnityEngine.DebugLogHandler:Internal_Log(LogType, LogOption, String, Object)
UnityEngine.DebugLogHandler:LogFormat(LogType, Object, String, Object[])
UnityEngine.Logger:Log(LogType, Object)
UnityEngine.Debug:Log(Object)
HighPrecisionStepperJuggler.ImageProcessingInstructionSender:Update()
 
(Filename: C:\build\output\unity\unity\Runtime/Export/Debug/Debug.bindings.h Line: 35)

Ball r, x, y :7.86, -169, 60
UnityEngine.DebugLogHandler:Internal_Log(LogType, LogOption, String, Object)
UnityEngine.DebugLogHandler:LogFormat(LogType, Object, String, Object[])
UnityEngine.Logger:Log(LogType, Object)
UnityEngine.Debug:Log(Object)
HighPrecisionStepperJuggler.ImageProcessingInstructionSender:Update()
 
(Filename: C:\build\output\unity\unity\Runtime/Export/Debug/Debug.bindings.h Line: 35)

Ball r, x, y :6.1, 313, 120
UnityEngine.DebugLogHandler:Internal_Log(LogType, LogOption, String, Object)
UnityEngine.DebugLogHandler:LogFormat(LogType, Object, String, Object[])
UnityEngine.Logger:Log(LogType, Object)
UnityEngine.Debug:Log(Object)
HighPrecisionStepperJuggler.ImageProcessingInstructionSender:Update()
 
(Filename: C:\build\output\unity\unity\Runtime/Export/Debug/Debug.bindings.h Line: 35)

Ball r, x, y :7.86, -169, 60
UnityEngine.DebugLogHandler:Internal_Log(LogType, LogOption, String, Object)
UnityEngine.DebugLogHandler:LogFormat(LogType, Object, String, Object[])
UnityEngine.Logger:Log(LogType, Object)
UnityEngine.Debug:Log(Object)
HighPrecisionStepperJuggler.ImageProcessingInstructionSender:Update()
 
(Filename: C:\build\output\unity\unity\Runtime/Export/Debug/Debug.bindings.h Line: 35)

Ball r, x, y :7, 312, 90
UnityEngine.DebugLogHandler:Internal_Log(LogType, LogOption, String, Object)
UnityEngine.DebugLogHandler:LogFormat(LogType, Object, String, Object[])
UnityEngine.Logger:Log(LogType, Object)
UnityEngine.Debug:Log(Object)
HighPrecisionStepperJuggler.ImageProcessingInstructionSender:Update()
 
(Filename: C:\build\output\unity\unity\Runtime/Export/Debug/Debug.bindings.h Line: 35)

Ball r, x, y :7.86, 311, 60
UnityEngine.DebugLogHandler:Internal_Log(LogType, LogOption, String, Object)
UnityEngine.DebugLogHandler:LogFormat(LogType, Object, String, Object[])
UnityEngine.Logger:Log(LogType, Object)
UnityEngine.Debug:Log(Object)
HighPrecisionStepperJuggler.ImageProcessingInstructionSender:Update()
 
(Filename: C:\build\output\unity\unity\Runtime/Export/Debug/Debug.bindings.h Line: 35)

Ball r, x, y :7.86, 311, 60
UnityEngine.DebugLogHandler:Internal_Log(LogType, LogOption, String, Object)
UnityEngine.DebugLogHandler:LogFormat(LogType, Object, String, Object[])
UnityEngine.Logger:Log(LogType, Object)
UnityEngine.Debug:Log(Object)
HighPrecisionStepperJuggler.ImageProcessingInstructionSender:Update()
 
(Filename: C:\build\output\unity\unity\Runtime/Export/Debug/Debug.bindings.h Line: 35)

Ball r, x, y :7.86, 311, 60
UnityEngine.DebugLogHandler:Internal_Log(LogType, LogOption, String, Object)
UnityEngine.DebugLogHandler:LogFormat(LogType, Object, String, Object[])
UnityEngine.Logger:Log(LogType, Object)
UnityEngine.Debug:Log(Object)
HighPrecisionStepperJuggler.ImageProcessingInstructionSender:Update()
 
(Filename: C:\build\output\unity\unity\Runtime/Export/Debug/Debug.bindings.h Line: 35)

Ball r, x, y :6.1, 313, 120
UnityEngine.DebugLogHandler:Internal_Log(LogType, LogOption, String, Object)
UnityEngine.DebugLogHandler:LogFormat(LogType, Object, String, Object[])
UnityEngine.Logger:Log(LogType, Object)
UnityEngine.Debug:Log(Object)
HighPrecisionStepperJuggler.ImageProcessingInstructionSender:Update()
 
(Filename: C:\build\output\unity\unity\Runtime/Export/Debug/Debug.bindings.h Line: 35)

Ball r, x, y :6.1, 313, 120
UnityEngine.DebugLogHandler:Internal_Log(LogType, LogOption, String, Object)
UnityEngine.DebugLogHandler:LogFormat(LogType, Object, String, Object[])
UnityEngine.Logger:Log(LogType, Object)
UnityEngine.Debug:Log(Object)
HighPrecisionStepperJuggler.ImageProcessingInstructionSender:Update()
 
(Filename: C:\build\output\unity\unity\Runtime/Export/Debug/Debug.bindings.h Line: 35)

Ball r, x, y :6.1, 313, 120
UnityEngine.DebugLogHandler:Internal_Log(LogType, LogOption, String, Object)
UnityEngine.DebugLogHandler:LogFormat(LogType, Object, String, Object[])
UnityEngine.Logger:Log(LogType, Object)
UnityEngine.Debug:Log(Object)
HighPrecisionStepperJuggler.ImageProcessingInstructionSender:Update()
 
(Filename: C:\build\output\unity\unity\Runtime/Export/Debug/Debug.bindings.h Line: 35)

Ball r, x, y :7.86, -169, 60
UnityEngine.DebugLogHandler:Internal_Log(LogType, LogOption, String, Object)
UnityEngine.DebugLogHandler:LogFormat(LogType, Object, String, Object[])
UnityEngine.Logger:Log(LogType, Object)
UnityEngine.Debug:Log(Object)
HighPrecisionStepperJuggler.ImageProcessingInstructionSender:Update()
 
(Filename: C:\build\output\unity\unity\Runtime/Export/Debug/Debug.bindings.h Line: 35)

Ball r, x, y :7, 312, 90
UnityEngine.DebugLogHandler:Internal_Log(LogType, LogOption, String, Object)
UnityEngine.DebugLogHandler:LogFormat(LogType, Object, String, Object[])
UnityEngine.Logger:Log(LogType, Object)
UnityEngine.Debug:Log(Object)
HighPrecisionStepperJuggler.ImageProcessingInstructionSender:Update()
 
(Filename: C:\build\output\unity\unity\Runtime/Export/Debug/Debug.bindings.h Line: 35)

Ball r, x, y :0.5, 320, 90
UnityEngine.DebugLogHandler:Internal_Log(LogType, LogOption, String, Object)
UnityEngine.DebugLogHandler:LogFormat(LogType, Object, String, Object[])
UnityEngine.Logger:Log(LogType, Object)
UnityEngine.Debug:Log(Object)
HighPrecisionStepperJuggler.ImageProcessingInstructionSender:Update()
 
(Filename: C:\build\output\unity\unity\Runtime/Export/Debug/Debug.bindings.h Line: 35)

Ball r, x, y :6.1, 313, 120
UnityEngine.DebugLogHandler:Internal_Log(LogType, LogOption, String, Object)
UnityEngine.DebugLogHandler:LogFormat(LogType, Object, String, Object[])
UnityEngine.Logger:Log(LogType, Object)
UnityEngine.Debug:Log(Object)
HighPrecisionStepperJuggler.ImageProcessingInstructionSender:Update()
 
(Filename: C:\build\output\unity\unity\Runtime/Export/Debug/Debug.bindings.h Line: 35)

Ball r, x, y :6.1, 313, 120
UnityEngine.DebugLogHandler:Internal_Log(LogType, LogOption, String, Object)
UnityEngine.DebugLogHandler:LogFormat(LogType, Object, String, Object[])
UnityEngine.Logger:Log(LogType, Object)
UnityEngine.Debug:Log(Object)
HighPrecisionStepperJuggler.ImageProcessingInstructionSender:Update()
 
(Filename: C:\build\output\unity\unity\Runtime/Export/Debug/Debug.bindings.h Line: 35)

Ball r, x, y :6.1, -167, 120
UnityEngine.DebugLogHandler:Internal_Log(LogType, LogOption, String, Object)
UnityEngine.DebugLogHandler:LogFormat(LogType, Object, String, Object[])
UnityEngine.Logger:Log(LogType, Object)
UnityEngine.Debug:Log(Object)
HighPrecisionStepperJuggler.ImageProcessingInstructionSender:Update()
 
(Filename: C:\build\output\unity\unity\Runtime/Export/Debug/Debug.bindings.h Line: 35)

Ball r, x, y :7.86, 311, 60
UnityEngine.DebugLogHandler:Internal_Log(LogType, LogOption, String, Object)
UnityEngine.DebugLogHandler:LogFormat(LogType, Object, String, Object[])
UnityEngine.Logger:Log(LogType, Object)
UnityEngine.Debug:Log(Object)
HighPrecisionStepperJuggler.ImageProcessingInstructionSender:Update()
 
(Filename: C:\build\output\unity\unity\Runtime/Export/Debug/Debug.bindings.h Line: 35)

Ball r, x, y :5.3, -166, 150
UnityEngine.DebugLogHandler:Internal_Log(LogType, LogOption, String, Object)
UnityEngine.DebugLogHandler:LogFormat(LogType, Object, String, Object[])
UnityEngine.Logger:Log(LogType, Object)
UnityEngine.Debug:Log(Object)
HighPrecisionStepperJuggler.ImageProcessingInstructionSender:Update()
 
(Filename: C:\build\output\unity\unity\Runtime/Export/Debug/Debug.bindings.h Line: 35)

Ball r, x, y :7.86, -169, 60
UnityEngine.DebugLogHandler:Internal_Log(LogType, LogOption, String, Object)
UnityEngine.DebugLogHandler:LogFormat(LogType, Object, String, Object[])
UnityEngine.Logger:Log(LogType, Object)
UnityEngine.Debug:Log(Object)
HighPrecisionStepperJuggler.ImageProcessingInstructionSender:Update()
 
(Filename: C:\build\output\unity\unity\Runtime/Export/Debug/Debug.bindings.h Line: 35)

Ball r, x, y :5.3, -166, 150
UnityEngine.DebugLogHandler:Internal_Log(LogType, LogOption, String, Object)
UnityEngine.DebugLogHandler:LogFormat(LogType, Object, String, Object[])
UnityEngine.Logger:Log(LogType, Object)
UnityEngine.Debug:Log(Object)
HighPrecisionStepperJuggler.ImageProcessingInstructionSender:Update()
 
(Filename: C:\build\output\unity\unity\Runtime/Export/Debug/Debug.bindings.h Line: 35)

Ball r, x, y :6.1, -167, 120
UnityEngine.DebugLogHandler:Internal_Log(LogType, LogOption, String, Object)
UnityEngine.DebugLogHandler:LogFormat(LogType, Object, String, Object[])
UnityEngine.Logger:Log(LogType, Object)
UnityEngine.Debug:Log(Object)
HighPrecisionStepperJuggler.ImageProcessingInstructionSender:Update()
 
(Filename: C:\build\output\unity\unity\Runtime/Export/Debug/Debug.bindings.h Line: 35)

Ball r, x, y :7.86, 311, 60
UnityEngine.DebugLogHandler:Internal_Log(LogType, LogOption, String, Object)
UnityEngine.DebugLogHandler:LogFormat(LogType, Object, String, Object[])
UnityEngine.Logger:Log(LogType, Object)
UnityEngine.Debug:Log(Object)
HighPrecisionStepperJuggler.ImageProcessingInstructionSender:Update()
 
(Filename: C:\build\output\unity\unity\Runtime/Export/Debug/Debug.bindings.h Line: 35)

Ball r, x, y :7.86, 311, 60
UnityEngine.DebugLogHandler:Internal_Log(LogType, LogOption, String, Object)
UnityEngine.DebugLogHandler:LogFormat(LogType, Object, String, Object[])
UnityEngine.Logger:Log(LogType, Object)
UnityEngine.Debug:Log(Object)
HighPrecisionStepperJuggler.ImageProcessingInstructionSender:Update()
 
(Filename: C:\build\output\unity\unity\Runtime/Export/Debug/Debug.bindings.h Line: 35)

Ball r, x, y :4.38, 315, 120
UnityEngine.DebugLogHandler:Internal_Log(LogType, LogOption, String, Object)
UnityEngine.DebugLogHandler:LogFormat(LogType, Object, String, Object[])
UnityEngine.Logger:Log(LogType, Object)
UnityEngine.Debug:Log(Object)
HighPrecisionStepperJuggler.ImageProcessingInstructionSender:Update()
 
(Filename: C:\build\output\unity\unity\Runtime/Export/Debug/Debug.bindings.h Line: 35)

Ball r, x, y :7.86, -169, 60
UnityEngine.DebugLogHandler:Internal_Log(LogType, LogOption, String, Object)
UnityEngine.DebugLogHandler:LogFormat(LogType, Object, String, Object[])
UnityEngine.Logger:Log(LogType, Object)
UnityEngine.Debug:Log(Object)
HighPrecisionStepperJuggler.ImageProcessingInstructionSender:Update()
 
(Filename: C:\build\output\unity\unity\Runtime/Export/Debug/Debug.bindings.h Line: 35)

Ball r, x, y :7.86, -169, 60
UnityEngine.DebugLogHandler:Internal_Log(LogType, LogOption, String, Object)
UnityEngine.DebugLogHandler:LogFormat(LogType, Object, String, Object[])
UnityEngine.Logger:Log(LogType, Object)
UnityEngine.Debug:Log(Object)
HighPrecisionStepperJuggler.ImageProcessingInstructionSender:Update()
 
(Filename: C:\build\output\unity\unity\Runtime/Export/Debug/Debug.bindings.h Line: 35)

Ball r, x, y :7.86, -169, 60
UnityEngine.DebugLogHandler:Internal_Log(LogType, LogOption, String, Object)
UnityEngine.DebugLogHandler:LogFormat(LogType, Object, String, Object[])
UnityEngine.Logger:Log(LogType, Object)
UnityEngine.Debug:Log(Object)
HighPrecisionStepperJuggler.ImageProcessingInstructionSender:Update()
 
(Filename: C:\build\output\unity\unity\Runtime/Export/Debug/Debug.bindings.h Line: 35)

Ball r, x, y :7.38, -168, 60
UnityEngine.DebugLogHandler:Internal_Log(LogType, LogOption, String, Object)
UnityEngine.DebugLogHandler:LogFormat(LogType, Object, String, Object[])
UnityEngine.Logger:Log(LogType, Object)
UnityEngine.Debug:Log(Object)
HighPrecisionStepperJuggler.ImageProcessingInstructionSender:Update()
 
(Filename: C:\build\output\unity\unity\Runtime/Export/Debug/Debug.bindings.h Line: 35)

Ball r, x, y :5.3, 314, 150
UnityEngine.DebugLogHandler:Internal_Log(LogType, LogOption, String, Object)
UnityEngine.DebugLogHandler:LogFormat(LogType, Object, String, Object[])
UnityEngine.Logger:Log(LogType, Object)
UnityEngine.Debug:Log(Object)
HighPrecisionStepperJuggler.ImageProcessingInstructionSender:Update()
 
(Filename: C:\build\output\unity\unity\Runtime/Export/Debug/Debug.bindings.h Line: 35)

Ball r, x, y :6.1, -167, 120
UnityEngine.DebugLogHandler:Internal_Log(LogType, LogOption, String, Object)
UnityEngine.DebugLogHandler:LogFormat(LogType, Object, String, Object[])
UnityEngine.Logger:Log(LogType, Object)
UnityEngine.Debug:Log(Object)
HighPrecisionStepperJuggler.ImageProcessingInstructionSender:Update()
 
(Filename: C:\build\output\unity\unity\Runtime/Export/Debug/Debug.bindings.h Line: 35)

Ball r, x, y :7.86, 311, 60
UnityEngine.DebugLogHandler:Internal_Log(LogType, LogOption, String, Object)
UnityEngine.DebugLogHandler:LogFormat(LogType, Object, String, Object[])
UnityEngine.Logger:Log(LogType, Object)
UnityEngine.Debug:Log(Object)
HighPrecisionStepperJuggler.ImageProcessingInstructionSender:Update()
 
(Filename: C:\build\output\unity\unity\Runtime/Export/Debug/Debug.bindings.h Line: 35)

Ball r, x, y :7.86, 311, 60
UnityEngine.DebugLogHandler:Internal_Log(LogType, LogOption, String, Object)
UnityEngine.DebugLogHandler:LogFormat(LogType, Object, String, Object[])
UnityEngine.Logger:Log(LogType, Object)
UnityEngine.Debug:Log(Object)
HighPrecisionStepperJuggler.ImageProcessingInstructionSender:Update()
 
(Filename: C:\build\output\unity\unity\Runtime/Export/Debug/Debug.bindings.h Line: 35)

Ball r, x, y :0, 0, 0
UnityEngine.DebugLogHandler:Internal_Log(LogType, LogOption, String, Object)
UnityEngine.DebugLogHandler:LogFormat(LogType, Object, String, Object[])
UnityEngine.Logger:Log(LogType, Object)
UnityEngine.Debug:Log(Object)
HighPrecisionStepperJuggler.ImageProcessingInstructionSender:Update()
 
(Filename: C:\build\output\unity\unity\Runtime/Export/Debug/Debug.bindings.h Line: 35)

Ball r, x, y :6.1, 313, 120
UnityEngine.DebugLogHandler:Internal_Log(LogType, LogOption, String, Object)
UnityEngine.DebugLogHandler:LogFormat(LogType, Object, String, Object[])
UnityEngine.Logger:Log(LogType, Object)
UnityEngine.Debug:Log(Object)
HighPrecisionStepperJuggler.ImageProcessingInstructionSender:Update()
 
(Filename: C:\build\output\unity\unity\Runtime/Export/Debug/Debug.bindings.h Line: 35)

Ball r, x, y :7.38, -168, 60
UnityEngine.DebugLogHandler:Internal_Log(LogType, LogOption, String, Object)
UnityEngine.DebugLogHandler:LogFormat(LogType, Object, String, Object[])
UnityEngine.Logger:Log(LogType, Object)
UnityEngine.Debug:Log(Object)
HighPrecisionStepperJuggler.ImageProcessingInstructionSender:Update()
 
(Filename: C:\build\output\unity\unity\Runtime/Export/Debug/Debug.bindings.h Line: 35)

Ball r, x, y :7.86, 311, 60
UnityEngine.DebugLogHandler:Internal_Log(LogType, LogOption, String, Object)
UnityEngine.DebugLogHandler:LogFormat(LogType, Object, String, Object[])
UnityEngine.Logger:Log(LogType, Object)
UnityEngine.Debug:Log(Object)
HighPrecisionStepperJuggler.ImageProcessingInstructionSender:Update()
 
(Filename: C:\build\output\unity\unity\Runtime/Export/Debug/Debug.bindings.h Line: 35)

Ball r, x, y :5.6, 314, 150
UnityEngine.DebugLogHandler:Internal_Log(LogType, LogOption, String, Object)
UnityEngine.DebugLogHandler:LogFormat(LogType, Object, String, Object[])
UnityEngine.Logger:Log(LogType, Object)
UnityEngine.Debug:Log(Object)
HighPrecisionStepperJuggler.ImageProcessingInstructionSender:Update()
 
(Filename: C:\build\output\unity\unity\Runtime/Export/Debug/Debug.bindings.h Line: 35)

Ball r, x, y :7.38, 312, 60
UnityEngine.DebugLogHandler:Internal_Log(LogType, LogOption, String, Object)
UnityEngine.DebugLogHandler:LogFormat(LogType, Object, String, Object[])
UnityEngine.Logger:Log(LogType, Object)
UnityEngine.Debug:Log(Object)
HighPrecisionStepperJuggler.ImageProcessingInstructionSender:Update()
 
(Filename: C:\build\output\unity\unity\Runtime/Export/Debug/Debug.bindings.h Line: 35)

Ball r, x, y :6.54, -167, 120
UnityEngine.DebugLogHandler:Internal_Log(LogType, LogOption, String, Object)
UnityEngine.DebugLogHandler:LogFormat(LogType, Object, String, Object[])
UnityEngine.Logger:Log(LogType, Object)
UnityEngine.Debug:Log(Object)
HighPrecisionStepperJuggler.ImageProcessingInstructionSender:Update()
 
(Filename: C:\build\output\unity\unity\Runtime/Export/Debug/Debug.bindings.h Line: 35)

Ball r, x, y :6.1, 313, 120
UnityEngine.DebugLogHandler:Internal_Log(LogType, LogOption, String, Object)
UnityEngine.DebugLogHandler:LogFormat(LogType, Object, String, Object[])
UnityEngine.Logger:Log(LogType, Object)
UnityEngine.Debug:Log(Object)
HighPrecisionStepperJuggler.ImageProcessingInstructionSender:Update()
 
(Filename: C:\build\output\unity\unity\Runtime/Export/Debug/Debug.bindings.h Line: 35)

Ball r, x, y :7.86, -169, 60
UnityEngine.DebugLogHandler:Internal_Log(LogType, LogOption, String, Object)
UnityEngine.DebugLogHandler:LogFormat(LogType, Object, String, Object[])
UnityEngine.Logger:Log(LogType, Object)
UnityEngine.Debug:Log(Object)
HighPrecisionStepperJuggler.ImageProcessingInstructionSender:Update()
 
(Filename: C:\build\output\unity\unity\Runtime/Export/Debug/Debug.bindings.h Line: 35)

Ball r, x, y :7.86, 311, 60
UnityEngine.DebugLogHandler:Internal_Log(LogType, LogOption, String, Object)
UnityEngine.DebugLogHandler:LogFormat(LogType, Object, String, Object[])
UnityEngine.Logger:Log(LogType, Object)
UnityEngine.Debug:Log(Object)
HighPrecisionStepperJuggler.ImageProcessingInstructionSender:Update()
 
(Filename: C:\build\output\unity\unity\Runtime/Export/Debug/Debug.bindings.h Line: 35)

Ball r, x, y :7, 312, 90
UnityEngine.DebugLogHandler:Internal_Log(LogType, LogOption, String, Object)
UnityEngine.DebugLogHandler:LogFormat(LogType, Object, String, Object[])
UnityEngine.Logger:Log(LogType, Object)
UnityEngine.Debug:Log(Object)
HighPrecisionStepperJuggler.ImageProcessingInstructionSender:Update()
 
(Filename: C:\build\output\unity\unity\Runtime/Export/Debug/Debug.bindings.h Line: 35)

Ball r, x, y :7.86, -169, 60
UnityEngine.DebugLogHandler:Internal_Log(LogType, LogOption, String, Object)
UnityEngine.DebugLogHandler:LogFormat(LogType, Object, String, Object[])
UnityEngine.Logger:Log(LogType, Object)
UnityEngine.Debug:Log(Object)
HighPrecisionStepperJuggler.ImageProcessingInstructionSender:Update()
 
(Filename: C:\build\output\unity\unity\Runtime/Export/Debug/Debug.bindings.h Line: 35)

Ball r, x, y :5.6, -166, 150
UnityEngine.DebugLogHandler:Internal_Log(LogType, LogOption, String, Object)
UnityEngine.DebugLogHandler:LogFormat(LogType, Object, String, Object[])
UnityEngine.Logger:Log(LogType, Object)
UnityEngine.Debug:Log(Object)
HighPrecisionStepperJuggler.ImageProcessingInstructionSender:Update()
 
(Filename: C:\build\output\unity\unity\Runtime/Export/Debug/Debug.bindings.h Line: 35)

Ball r, x, y :7.86, 311, 60
UnityEngine.DebugLogHandler:Internal_Log(LogType, LogOption, String, Object)
UnityEngine.DebugLogHandler:LogFormat(LogType, Object, String, Object[])
UnityEngine.Logger:Log(LogType, Object)
UnityEngine.Debug:Log(Object)
HighPrecisionStepperJuggler.ImageProcessingInstructionSender:Update()
 
(Filename: C:\build\output\unity\unity\Runtime/Export/Debug/Debug.bindings.h Line: 35)

Ball r, x, y :6.1, -167, 120
UnityEngine.DebugLogHandler:Internal_Log(LogType, LogOption, String, Object)
UnityEngine.DebugLogHandler:LogFormat(LogType, Object, String, Object[])
UnityEngine.Logger:Log(LogType, Object)
UnityEngine.Debug:Log(Object)
HighPrecisionStepperJuggler.ImageProcessingInstructionSender:Update()
 
(Filename: C:\build\output\unity\unity\Runtime/Export/Debug/Debug.bindings.h Line: 35)

Ball r, x, y :7.86, 311, 60
UnityEngine.DebugLogHandler:Internal_Log(LogType, LogOption, String, Object)
UnityEngine.DebugLogHandler:LogFormat(LogType, Object, String, Object[])
UnityEngine.Logger:Log(LogType, Object)
UnityEngine.Debug:Log(Object)
HighPrecisionStepperJuggler.ImageProcessingInstructionSender:Update()
 
(Filename: C:\build\output\unity\unity\Runtime/Export/Debug/Debug.bindings.h Line: 35)

Ball r, x, y :6.1, -167, 120
UnityEngine.DebugLogHandler:Internal_Log(LogType, LogOption, String, Object)
UnityEngine.DebugLogHandler:LogFormat(LogType, Object, String, Object[])
UnityEngine.Logger:Log(LogType, Object)
UnityEngine.Debug:Log(Object)
HighPrecisionStepperJuggler.ImageProcessingInstructionSender:Update()
 
(Filename: C:\build\output\unity\unity\Runtime/Export/Debug/Debug.bindings.h Line: 35)

Ball r, x, y :7.86, -169, 60
UnityEngine.DebugLogHandler:Internal_Log(LogType, LogOption, String, Object)
UnityEngine.DebugLogHandler:LogFormat(LogType, Object, String, Object[])
UnityEngine.Logger:Log(LogType, Object)
UnityEngine.Debug:Log(Object)
HighPrecisionStepperJuggler.ImageProcessingInstructionSender:Update()
 
(Filename: C:\build\output\unity\unity\Runtime/Export/Debug/Debug.bindings.h Line: 35)

Ball r, x, y :6.1, 313, 150
UnityEngine.DebugLogHandler:Internal_Log(LogType, LogOption, String, Object)
UnityEngine.DebugLogHandler:LogFormat(LogType, Object, String, Object[])
UnityEngine.Logger:Log(LogType, Object)
UnityEngine.Debug:Log(Object)
HighPrecisionStepperJuggler.ImageProcessingInstructionSender:Update()
 
(Filename: C:\build\output\unity\unity\Runtime/Export/Debug/Debug.bindings.h Line: 35)

Ball r, x, y :7.86, 311, 60
UnityEngine.DebugLogHandler:Internal_Log(LogType, LogOption, String, Object)
UnityEngine.DebugLogHandler:LogFormat(LogType, Object, String, Object[])
UnityEngine.Logger:Log(LogType, Object)
UnityEngine.Debug:Log(Object)
HighPrecisionStepperJuggler.ImageProcessingInstructionSender:Update()
 
(Filename: C:\build\output\unity\unity\Runtime/Export/Debug/Debug.bindings.h Line: 35)

Ball r, x, y :4.38, -165, 90
UnityEngine.DebugLogHandler:Internal_Log(LogType, LogOption, String, Object)
UnityEngine.DebugLogHandler:LogFormat(LogType, Object, String, Object[])
UnityEngine.Logger:Log(LogType, Object)
UnityEngine.Debug:Log(Object)
HighPrecisionStepperJuggler.ImageProcessingInstructionSender:Update()
 
(Filename: C:\build\output\unity\unity\Runtime/Export/Debug/Debug.bindings.h Line: 35)

Ball r, x, y :6.1, 313, 120
UnityEngine.DebugLogHandler:Internal_Log(LogType, LogOption, String, Object)
UnityEngine.DebugLogHandler:LogFormat(LogType, Object, String, Object[])
UnityEngine.Logger:Log(LogType, Object)
UnityEngine.Debug:Log(Object)
HighPrecisionStepperJuggler.ImageProcessingInstructionSender:Update()
 
(Filename: C:\build\output\unity\unity\Runtime/Export/Debug/Debug.bindings.h Line: 35)

Ball r, x, y :6.54, 313, 120
UnityEngine.DebugLogHandler:Internal_Log(LogType, LogOption, String, Object)
UnityEngine.DebugLogHandler:LogFormat(LogType, Object, String, Object[])
UnityEngine.Logger:Log(LogType, Object)
UnityEngine.Debug:Log(Object)
HighPrecisionStepperJuggler.ImageProcessingInstructionSender:Update()
 
(Filename: C:\build\output\unity\unity\Runtime/Export/Debug/Debug.bindings.h Line: 35)

Ball r, x, y :7.86, -169, 60
UnityEngine.DebugLogHandler:Internal_Log(LogType, LogOption, String, Object)
UnityEngine.DebugLogHandler:LogFormat(LogType, Object, String, Object[])
UnityEngine.Logger:Log(LogType, Object)
UnityEngine.Debug:Log(Object)
HighPrecisionStepperJuggler.ImageProcessingInstructionSender:Update()
 
(Filename: C:\build\output\unity\unity\Runtime/Export/Debug/Debug.bindings.h Line: 35)

Ball r, x, y :7.86, -169, 60
UnityEngine.DebugLogHandler:Internal_Log(LogType, LogOption, String, Object)
UnityEngine.DebugLogHandler:LogFormat(LogType, Object, String, Object[])
UnityEngine.Logger:Log(LogType, Object)
UnityEngine.Debug:Log(Object)
HighPrecisionStepperJuggler.ImageProcessingInstructionSender:Update()
 
(Filename: C:\build\output\unity\unity\Runtime/Export/Debug/Debug.bindings.h Line: 35)

Ball r, x, y :6.1, 313, 120
UnityEngine.DebugLogHandler:Internal_Log(LogType, LogOption, String, Object)
UnityEngine.DebugLogHandler:LogFormat(LogType, Object, String, Object[])
UnityEngine.Logger:Log(LogType, Object)
UnityEngine.Debug:Log(Object)
HighPrecisionStepperJuggler.ImageProcessingInstructionSender:Update()
 
(Filename: C:\build\output\unity\unity\Runtime/Export/Debug/Debug.bindings.h Line: 35)

Ball r, x, y :7.86, -169, 60
UnityEngine.DebugLogHandler:Internal_Log(LogType, LogOption, String, Object)
UnityEngine.DebugLogHandler:LogFormat(LogType, Object, String, Object[])
UnityEngine.Logger:Log(LogType, Object)
UnityEngine.Debug:Log(Object)
HighPrecisionStepperJuggler.ImageProcessingInstructionSender:Update()
 
(Filename: C:\build\output\unity\unity\Runtime/Export/Debug/Debug.bindings.h Line: 35)

Ball r, x, y :6.1, 313, 120
UnityEngine.DebugLogHandler:Internal_Log(LogType, LogOption, String, Object)
UnityEngine.DebugLogHandler:LogFormat(LogType, Object, String, Object[])
UnityEngine.Logger:Log(LogType, Object)
UnityEngine.Debug:Log(Object)
HighPrecisionStepperJuggler.ImageProcessingInstructionSender:Update()
 
(Filename: C:\build\output\unity\unity\Runtime/Export/Debug/Debug.bindings.h Line: 35)

Ball r, x, y :7.86, 311, 60
UnityEngine.DebugLogHandler:Internal_Log(LogType, LogOption, String, Object)
UnityEngine.DebugLogHandler:LogFormat(LogType, Object, String, Object[])
UnityEngine.Logger:Log(LogType, Object)
UnityEngine.Debug:Log(Object)
HighPrecisionStepperJuggler.ImageProcessingInstructionSender:Update()
 
(Filename: C:\build\output\unity\unity\Runtime/Export/Debug/Debug.bindings.h Line: 35)

Ball r, x, y :6.54, 313, 60
UnityEngine.DebugLogHandler:Internal_Log(LogType, LogOption, String, Object)
UnityEngine.DebugLogHandler:LogFormat(LogType, Object, String, Object[])
UnityEngine.Logger:Log(LogType, Object)
UnityEngine.Debug:Log(Object)
HighPrecisionStepperJuggler.ImageProcessingInstructionSender:Update()
 
(Filename: C:\build\output\unity\unity\Runtime/Export/Debug/Debug.bindings.h Line: 35)

Ball r, x, y :5.6, 314, 150
UnityEngine.DebugLogHandler:Internal_Log(LogType, LogOption, String, Object)
UnityEngine.DebugLogHandler:LogFormat(LogType, Object, String, Object[])
UnityEngine.Logger:Log(LogType, Object)
UnityEngine.Debug:Log(Object)
HighPrecisionStepperJuggler.ImageProcessingInstructionSender:Update()
 
(Filename: C:\build\output\unity\unity\Runtime/Export/Debug/Debug.bindings.h Line: 35)

Ball r, x, y :6.1, -167, 120
UnityEngine.DebugLogHandler:Internal_Log(LogType, LogOption, String, Object)
UnityEngine.DebugLogHandler:LogFormat(LogType, Object, String, Object[])
UnityEngine.Logger:Log(LogType, Object)
UnityEngine.Debug:Log(Object)
HighPrecisionStepperJuggler.ImageProcessingInstructionSender:Update()
 
(Filename: C:\build\output\unity\unity\Runtime/Export/Debug/Debug.bindings.h Line: 35)

Ball r, x, y :7.86, 311, 60
UnityEngine.DebugLogHandler:Internal_Log(LogType, LogOption, String, Object)
UnityEngine.DebugLogHandler:LogFormat(LogType, Object, String, Object[])
UnityEngine.Logger:Log(LogType, Object)
UnityEngine.Debug:Log(Object)
HighPrecisionStepperJuggler.ImageProcessingInstructionSender:Update()
 
(Filename: C:\build\output\unity\unity\Runtime/Export/Debug/Debug.bindings.h Line: 35)

Ball r, x, y :7.86, -169, 60
UnityEngine.DebugLogHandler:Internal_Log(LogType, LogOption, String, Object)
UnityEngine.DebugLogHandler:LogFormat(LogType, Object, String, Object[])
UnityEngine.Logger:Log(LogType, Object)
UnityEngine.Debug:Log(Object)
HighPrecisionStepperJuggler.ImageProcessingInstructionSender:Update()
 
(Filename: C:\build\output\unity\unity\Runtime/Export/Debug/Debug.bindings.h Line: 35)

Ball r, x, y :7.86, 311, 60
UnityEngine.DebugLogHandler:Internal_Log(LogType, LogOption, String, Object)
UnityEngine.DebugLogHandler:LogFormat(LogType, Object, String, Object[])
UnityEngine.Logger:Log(LogType, Object)
UnityEngine.Debug:Log(Object)
HighPrecisionStepperJuggler.ImageProcessingInstructionSender:Update()
 
(Filename: C:\build\output\unity\unity\Runtime/Export/Debug/Debug.bindings.h Line: 35)

Ball r, x, y :6.1, 313, 120
UnityEngine.DebugLogHandler:Internal_Log(LogType, LogOption, String, Object)
UnityEngine.DebugLogHandler:LogFormat(LogType, Object, String, Object[])
UnityEngine.Logger:Log(LogType, Object)
UnityEngine.Debug:Log(Object)
HighPrecisionStepperJuggler.ImageProcessingInstructionSender:Update()
 
(Filename: C:\build\output\unity\unity\Runtime/Export/Debug/Debug.bindings.h Line: 35)

Ball r, x, y :6.1, 313, 120
UnityEngine.DebugLogHandler:Internal_Log(LogType, LogOption, String, Object)
UnityEngine.DebugLogHandler:LogFormat(LogType, Object, String, Object[])
UnityEngine.Logger:Log(LogType, Object)
UnityEngine.Debug:Log(Object)
HighPrecisionStepperJuggler.ImageProcessingInstructionSender:Update()
 
(Filename: C:\build\output\unity\unity\Runtime/Export/Debug/Debug.bindings.h Line: 35)

Ball r, x, y :6.54, 313, 120
UnityEngine.DebugLogHandler:Internal_Log(LogType, LogOption, String, Object)
UnityEngine.DebugLogHandler:LogFormat(LogType, Object, String, Object[])
UnityEngine.Logger:Log(LogType, Object)
UnityEngine.Debug:Log(Object)
HighPrecisionStepperJuggler.ImageProcessingInstructionSender:Update()
 
(Filename: C:\build\output\unity\unity\Runtime/Export/Debug/Debug.bindings.h Line: 35)

Ball r, x, y :7.86, -169, 60
UnityEngine.DebugLogHandler:Internal_Log(LogType, LogOption, String, Object)
UnityEngine.DebugLogHandler:LogFormat(LogType, Object, String, Object[])
UnityEngine.Logger:Log(LogType, Object)
UnityEngine.Debug:Log(Object)
HighPrecisionStepperJuggler.ImageProcessingInstructionSender:Update()
 
(Filename: C:\build\output\unity\unity\Runtime/Export/Debug/Debug.bindings.h Line: 35)

Ball r, x, y :6.1, 313, 120
UnityEngine.DebugLogHandler:Internal_Log(LogType, LogOption, String, Object)
UnityEngine.DebugLogHandler:LogFormat(LogType, Object, String, Object[])
UnityEngine.Logger:Log(LogType, Object)
UnityEngine.Debug:Log(Object)
HighPrecisionStepperJuggler.ImageProcessingInstructionSender:Update()
 
(Filename: C:\build\output\unity\unity\Runtime/Export/Debug/Debug.bindings.h Line: 35)

Ball r, x, y :7.86, 311, 60
UnityEngine.DebugLogHandler:Internal_Log(LogType, LogOption, String, Object)
UnityEngine.DebugLogHandler:LogFormat(LogType, Object, String, Object[])
UnityEngine.Logger:Log(LogType, Object)
UnityEngine.Debug:Log(Object)
HighPrecisionStepperJuggler.ImageProcessingInstructionSender:Update()
 
(Filename: C:\build\output\unity\unity\Runtime/Export/Debug/Debug.bindings.h Line: 35)

Ball r, x, y :6.1, 313, 120
UnityEngine.DebugLogHandler:Internal_Log(LogType, LogOption, String, Object)
UnityEngine.DebugLogHandler:LogFormat(LogType, Object, String, Object[])
UnityEngine.Logger:Log(LogType, Object)
UnityEngine.Debug:Log(Object)
HighPrecisionStepperJuggler.ImageProcessingInstructionSender:Update()
 
(Filename: C:\build\output\unity\unity\Runtime/Export/Debug/Debug.bindings.h Line: 35)

Ball r, x, y :5.6, 314, 150
UnityEngine.DebugLogHandler:Internal_Log(LogType, LogOption, String, Object)
UnityEngine.DebugLogHandler:LogFormat(LogType, Object, String, Object[])
UnityEngine.Logger:Log(LogType, Object)
UnityEngine.Debug:Log(Object)
HighPrecisionStepperJuggler.ImageProcessingInstructionSender:Update()
 
(Filename: C:\build\output\unity\unity\Runtime/Export/Debug/Debug.bindings.h Line: 35)

Ball r, x, y :6.54, 313, 120
UnityEngine.DebugLogHandler:Internal_Log(LogType, LogOption, String, Object)
UnityEngine.DebugLogHandler:LogFormat(LogType, Object, String, Object[])
UnityEngine.Logger:Log(LogType, Object)
UnityEngine.Debug:Log(Object)
HighPrecisionStepperJuggler.ImageProcessingInstructionSender:Update()
 
(Filename: C:\build\output\unity\unity\Runtime/Export/Debug/Debug.bindings.h Line: 35)

Ball r, x, y :3.06, 317, 90
UnityEngine.DebugLogHandler:Internal_Log(LogType, LogOption, String, Object)
UnityEngine.DebugLogHandler:LogFormat(LogType, Object, String, Object[])
UnityEngine.Logger:Log(LogType, Object)
UnityEngine.Debug:Log(Object)
HighPrecisionStepperJuggler.ImageProcessingInstructionSender:Update()
 
(Filename: C:\build\output\unity\unity\Runtime/Export/Debug/Debug.bindings.h Line: 35)

Ball r, x, y :6.1, 313, 120
UnityEngine.DebugLogHandler:Internal_Log(LogType, LogOption, String, Object)
UnityEngine.DebugLogHandler:LogFormat(LogType, Object, String, Object[])
UnityEngine.Logger:Log(LogType, Object)
UnityEngine.Debug:Log(Object)
HighPrecisionStepperJuggler.ImageProcessingInstructionSender:Update()
 
(Filename: C:\build\output\unity\unity\Runtime/Export/Debug/Debug.bindings.h Line: 35)

Ball r, x, y :7.86, -169, 60
UnityEngine.DebugLogHandler:Internal_Log(LogType, LogOption, String, Object)
UnityEngine.DebugLogHandler:LogFormat(LogType, Object, String, Object[])
UnityEngine.Logger:Log(LogType, Object)
UnityEngine.Debug:Log(Object)
HighPrecisionStepperJuggler.ImageProcessingInstructionSender:Update()
 
(Filename: C:\build\output\unity\unity\Runtime/Export/Debug/Debug.bindings.h Line: 35)

Ball r, x, y :6.1, 313, 120
UnityEngine.DebugLogHandler:Internal_Log(LogType, LogOption, String, Object)
UnityEngine.DebugLogHandler:LogFormat(LogType, Object, String, Object[])
UnityEngine.Logger:Log(LogType, Object)
UnityEngine.Debug:Log(Object)
HighPrecisionStepperJuggler.ImageProcessingInstructionSender:Update()
 
(Filename: C:\build\output\unity\unity\Runtime/Export/Debug/Debug.bindings.h Line: 35)

Ball r, x, y :6.1, -167, 120
UnityEngine.DebugLogHandler:Internal_Log(LogType, LogOption, String, Object)
UnityEngine.DebugLogHandler:LogFormat(LogType, Object, String, Object[])
UnityEngine.Logger:Log(LogType, Object)
UnityEngine.Debug:Log(Object)
HighPrecisionStepperJuggler.ImageProcessingInstructionSender:Update()
 
(Filename: C:\build\output\unity\unity\Runtime/Export/Debug/Debug.bindings.h Line: 35)

Ball r, x, y :0, 0, 0
UnityEngine.DebugLogHandler:Internal_Log(LogType, LogOption, String, Object)
UnityEngine.DebugLogHandler:LogFormat(LogType, Object, String, Object[])
UnityEngine.Logger:Log(LogType, Object)
UnityEngine.Debug:Log(Object)
HighPrecisionStepperJuggler.ImageProcessingInstructionSender:Update()
 
(Filename: C:\build\output\unity\unity\Runtime/Export/Debug/Debug.bindings.h Line: 35)

Ball r, x, y :7.86, 311, 60
UnityEngine.DebugLogHandler:Internal_Log(LogType, LogOption, String, Object)
UnityEngine.DebugLogHandler:LogFormat(LogType, Object, String, Object[])
UnityEngine.Logger:Log(LogType, Object)
UnityEngine.Debug:Log(Object)
HighPrecisionStepperJuggler.ImageProcessingInstructionSender:Update()
 
(Filename: C:\build\output\unity\unity\Runtime/Export/Debug/Debug.bindings.h Line: 35)

Ball r, x, y :7.86, 311, 60
UnityEngine.DebugLogHandler:Internal_Log(LogType, LogOption, String, Object)
UnityEngine.DebugLogHandler:LogFormat(LogType, Object, String, Object[])
UnityEngine.Logger:Log(LogType, Object)
UnityEngine.Debug:Log(Object)
HighPrecisionStepperJuggler.ImageProcessingInstructionSender:Update()
 
(Filename: C:\build\output\unity\unity\Runtime/Export/Debug/Debug.bindings.h Line: 35)

Ball r, x, y :7.86, 311, 60
UnityEngine.DebugLogHandler:Internal_Log(LogType, LogOption, String, Object)
UnityEngine.DebugLogHandler:LogFormat(LogType, Object, String, Object[])
UnityEngine.Logger:Log(LogType, Object)
UnityEngine.Debug:Log(Object)
HighPrecisionStepperJuggler.ImageProcessingInstructionSender:Update()
 
(Filename: C:\build\output\unity\unity\Runtime/Export/Debug/Debug.bindings.h Line: 35)

Ball r, x, y :5.6, -166, 150
UnityEngine.DebugLogHandler:Internal_Log(LogType, LogOption, String, Object)
UnityEngine.DebugLogHandler:LogFormat(LogType, Object, String, Object[])
UnityEngine.Logger:Log(LogType, Object)
UnityEngine.Debug:Log(Object)
HighPrecisionStepperJuggler.ImageProcessingInstructionSender:Update()
 
(Filename: C:\build\output\unity\unity\Runtime/Export/Debug/Debug.bindings.h Line: 35)

Ball r, x, y :7.86, 311, 60
UnityEngine.DebugLogHandler:Internal_Log(LogType, LogOption, String, Object)
UnityEngine.DebugLogHandler:LogFormat(LogType, Object, String, Object[])
UnityEngine.Logger:Log(LogType, Object)
UnityEngine.Debug:Log(Object)
HighPrecisionStepperJuggler.ImageProcessingInstructionSender:Update()
 
(Filename: C:\build\output\unity\unity\Runtime/Export/Debug/Debug.bindings.h Line: 35)

Ball r, x, y :7.38, 312, 60
UnityEngine.DebugLogHandler:Internal_Log(LogType, LogOption, String, Object)
UnityEngine.DebugLogHandler:LogFormat(LogType, Object, String, Object[])
UnityEngine.Logger:Log(LogType, Object)
UnityEngine.Debug:Log(Object)
HighPrecisionStepperJuggler.ImageProcessingInstructionSender:Update()
 
(Filename: C:\build\output\unity\unity\Runtime/Export/Debug/Debug.bindings.h Line: 35)

Ball r, x, y :7.86, -169, 60
UnityEngine.DebugLogHandler:Internal_Log(LogType, LogOption, String, Object)
UnityEngine.DebugLogHandler:LogFormat(LogType, Object, String, Object[])
UnityEngine.Logger:Log(LogType, Object)
UnityEngine.Debug:Log(Object)
HighPrecisionStepperJuggler.ImageProcessingInstructionSender:Update()
 
(Filename: C:\build\output\unity\unity\Runtime/Export/Debug/Debug.bindings.h Line: 35)

Ball r, x, y :7.86, 311, 60
UnityEngine.DebugLogHandler:Internal_Log(LogType, LogOption, String, Object)
UnityEngine.DebugLogHandler:LogFormat(LogType, Object, String, Object[])
UnityEngine.Logger:Log(LogType, Object)
UnityEngine.Debug:Log(Object)
HighPrecisionStepperJuggler.ImageProcessingInstructionSender:Update()
 
(Filename: C:\build\output\unity\unity\Runtime/Export/Debug/Debug.bindings.h Line: 35)

Ball r, x, y :6.1, 313, 120
UnityEngine.DebugLogHandler:Internal_Log(LogType, LogOption, String, Object)
UnityEngine.DebugLogHandler:LogFormat(LogType, Object, String, Object[])
UnityEngine.Logger:Log(LogType, Object)
UnityEngine.Debug:Log(Object)
HighPrecisionStepperJuggler.ImageProcessingInstructionSender:Update()
 
(Filename: C:\build\output\unity\unity\Runtime/Export/Debug/Debug.bindings.h Line: 35)

Ball r, x, y :7.86, 311, 60
UnityEngine.DebugLogHandler:Internal_Log(LogType, LogOption, String, Object)
UnityEngine.DebugLogHandler:LogFormat(LogType, Object, String, Object[])
UnityEngine.Logger:Log(LogType, Object)
UnityEngine.Debug:Log(Object)
HighPrecisionStepperJuggler.ImageProcessingInstructionSender:Update()
 
(Filename: C:\build\output\unity\unity\Runtime/Export/Debug/Debug.bindings.h Line: 35)

Ball r, x, y :6.1, 313, 120
UnityEngine.DebugLogHandler:Internal_Log(LogType, LogOption, String, Object)
UnityEngine.DebugLogHandler:LogFormat(LogType, Object, String, Object[])
UnityEngine.Logger:Log(LogType, Object)
UnityEngine.Debug:Log(Object)
HighPrecisionStepperJuggler.ImageProcessingInstructionSender:Update()
 
(Filename: C:\build\output\unity\unity\Runtime/Export/Debug/Debug.bindings.h Line: 35)

Ball r, x, y :7.86, 311, 60
UnityEngine.DebugLogHandler:Internal_Log(LogType, LogOption, String, Object)
UnityEngine.DebugLogHandler:LogFormat(LogType, Object, String, Object[])
UnityEngine.Logger:Log(LogType, Object)
UnityEngine.Debug:Log(Object)
HighPrecisionStepperJuggler.ImageProcessingInstructionSender:Update()
 
(Filename: C:\build\output\unity\unity\Runtime/Export/Debug/Debug.bindings.h Line: 35)

Ball r, x, y :7.86, 311, 60
UnityEngine.DebugLogHandler:Internal_Log(LogType, LogOption, String, Object)
UnityEngine.DebugLogHandler:LogFormat(LogType, Object, String, Object[])
UnityEngine.Logger:Log(LogType, Object)
UnityEngine.Debug:Log(Object)
HighPrecisionStepperJuggler.ImageProcessingInstructionSender:Update()
 
(Filename: C:\build\output\unity\unity\Runtime/Export/Debug/Debug.bindings.h Line: 35)

Ball r, x, y :6.1, 313, 120
UnityEngine.DebugLogHandler:Internal_Log(LogType, LogOption, String, Object)
UnityEngine.DebugLogHandler:LogFormat(LogType, Object, String, Object[])
UnityEngine.Logger:Log(LogType, Object)
UnityEngine.Debug:Log(Object)
HighPrecisionStepperJuggler.ImageProcessingInstructionSender:Update()
 
(Filename: C:\build\output\unity\unity\Runtime/Export/Debug/Debug.bindings.h Line: 35)

Ball r, x, y :2.2, -162, 150
UnityEngine.DebugLogHandler:Internal_Log(LogType, LogOption, String, Object)
UnityEngine.DebugLogHandler:LogFormat(LogType, Object, String, Object[])
UnityEngine.Logger:Log(LogType, Object)
UnityEngine.Debug:Log(Object)
HighPrecisionStepperJuggler.ImageProcessingInstructionSender:Update()
 
(Filename: C:\build\output\unity\unity\Runtime/Export/Debug/Debug.bindings.h Line: 35)

Ball r, x, y :6.1, -167, 150
UnityEngine.DebugLogHandler:Internal_Log(LogType, LogOption, String, Object)
UnityEngine.DebugLogHandler:LogFormat(LogType, Object, String, Object[])
UnityEngine.Logger:Log(LogType, Object)
UnityEngine.Debug:Log(Object)
HighPrecisionStepperJuggler.ImageProcessingInstructionSender:Update()
 
(Filename: C:\build\output\unity\unity\Runtime/Export/Debug/Debug.bindings.h Line: 35)

Ball r, x, y :7.86, 311, 60
UnityEngine.DebugLogHandler:Internal_Log(LogType, LogOption, String, Object)
UnityEngine.DebugLogHandler:LogFormat(LogType, Object, String, Object[])
UnityEngine.Logger:Log(LogType, Object)
UnityEngine.Debug:Log(Object)
HighPrecisionStepperJuggler.ImageProcessingInstructionSender:Update()
 
(Filename: C:\build\output\unity\unity\Runtime/Export/Debug/Debug.bindings.h Line: 35)

Ball r, x, y :7.86, -169, 60
UnityEngine.DebugLogHandler:Internal_Log(LogType, LogOption, String, Object)
UnityEngine.DebugLogHandler:LogFormat(LogType, Object, String, Object[])
UnityEngine.Logger:Log(LogType, Object)
UnityEngine.Debug:Log(Object)
HighPrecisionStepperJuggler.ImageProcessingInstructionSender:Update()
 
(Filename: C:\build\output\unity\unity\Runtime/Export/Debug/Debug.bindings.h Line: 35)

Ball r, x, y :7.86, 311, 60
UnityEngine.DebugLogHandler:Internal_Log(LogType, LogOption, String, Object)
UnityEngine.DebugLogHandler:LogFormat(LogType, Object, String, Object[])
UnityEngine.Logger:Log(LogType, Object)
UnityEngine.Debug:Log(Object)
HighPrecisionStepperJuggler.ImageProcessingInstructionSender:Update()
 
(Filename: C:\build\output\unity\unity\Runtime/Export/Debug/Debug.bindings.h Line: 35)

Ball r, x, y :6.54, 313, 120
UnityEngine.DebugLogHandler:Internal_Log(LogType, LogOption, String, Object)
UnityEngine.DebugLogHandler:LogFormat(LogType, Object, String, Object[])
UnityEngine.Logger:Log(LogType, Object)
UnityEngine.Debug:Log(Object)
HighPrecisionStepperJuggler.ImageProcessingInstructionSender:Update()
 
(Filename: C:\build\output\unity\unity\Runtime/Export/Debug/Debug.bindings.h Line: 35)

Ball r, x, y :6.1, -167, 120
UnityEngine.DebugLogHandler:Internal_Log(LogType, LogOption, String, Object)
UnityEngine.DebugLogHandler:LogFormat(LogType, Object, String, Object[])
UnityEngine.Logger:Log(LogType, Object)
UnityEngine.Debug:Log(Object)
HighPrecisionStepperJuggler.ImageProcessingInstructionSender:Update()
 
(Filename: C:\build\output\unity\unity\Runtime/Export/Debug/Debug.bindings.h Line: 35)

Ball r, x, y :6.1, 313, 120
UnityEngine.DebugLogHandler:Internal_Log(LogType, LogOption, String, Object)
UnityEngine.DebugLogHandler:LogFormat(LogType, Object, String, Object[])
UnityEngine.Logger:Log(LogType, Object)
UnityEngine.Debug:Log(Object)
HighPrecisionStepperJuggler.ImageProcessingInstructionSender:Update()
 
(Filename: C:\build\output\unity\unity\Runtime/Export/Debug/Debug.bindings.h Line: 35)

Ball r, x, y :7.86, 311, 60
UnityEngine.DebugLogHandler:Internal_Log(LogType, LogOption, String, Object)
UnityEngine.DebugLogHandler:LogFormat(LogType, Object, String, Object[])
UnityEngine.Logger:Log(LogType, Object)
UnityEngine.Debug:Log(Object)
HighPrecisionStepperJuggler.ImageProcessingInstructionSender:Update()
 
(Filename: C:\build\output\unity\unity\Runtime/Export/Debug/Debug.bindings.h Line: 35)

Ball r, x, y :7.86, -169, 60
UnityEngine.DebugLogHandler:Internal_Log(LogType, LogOption, String, Object)
UnityEngine.DebugLogHandler:LogFormat(LogType, Object, String, Object[])
UnityEngine.Logger:Log(LogType, Object)
UnityEngine.Debug:Log(Object)
HighPrecisionStepperJuggler.ImageProcessingInstructionSender:Update()
 
(Filename: C:\build\output\unity\unity\Runtime/Export/Debug/Debug.bindings.h Line: 35)

Ball r, x, y :6.1, -167, 120
UnityEngine.DebugLogHandler:Internal_Log(LogType, LogOption, String, Object)
UnityEngine.DebugLogHandler:LogFormat(LogType, Object, String, Object[])
UnityEngine.Logger:Log(LogType, Object)
UnityEngine.Debug:Log(Object)
HighPrecisionStepperJuggler.ImageProcessingInstructionSender:Update()
 
(Filename: C:\build\output\unity\unity\Runtime/Export/Debug/Debug.bindings.h Line: 35)

Ball r, x, y :6.54, 313, 120
UnityEngine.DebugLogHandler:Internal_Log(LogType, LogOption, String, Object)
UnityEngine.DebugLogHandler:LogFormat(LogType, Object, String, Object[])
UnityEngine.Logger:Log(LogType, Object)
UnityEngine.Debug:Log(Object)
HighPrecisionStepperJuggler.ImageProcessingInstructionSender:Update()
 
(Filename: C:\build\output\unity\unity\Runtime/Export/Debug/Debug.bindings.h Line: 35)

Ball r, x, y :7.86, 311, 60
UnityEngine.DebugLogHandler:Internal_Log(LogType, LogOption, String, Object)
UnityEngine.DebugLogHandler:LogFormat(LogType, Object, String, Object[])
UnityEngine.Logger:Log(LogType, Object)
UnityEngine.Debug:Log(Object)
HighPrecisionStepperJuggler.ImageProcessingInstructionSender:Update()
 
(Filename: C:\build\output\unity\unity\Runtime/Export/Debug/Debug.bindings.h Line: 35)

Ball r, x, y :5.6, -166, 150
UnityEngine.DebugLogHandler:Internal_Log(LogType, LogOption, String, Object)
UnityEngine.DebugLogHandler:LogFormat(LogType, Object, String, Object[])
UnityEngine.Logger:Log(LogType, Object)
UnityEngine.Debug:Log(Object)
HighPrecisionStepperJuggler.ImageProcessingInstructionSender:Update()
 
(Filename: C:\build\output\unity\unity\Runtime/Export/Debug/Debug.bindings.h Line: 35)

Ball r, x, y :6.1, 313, 120
UnityEngine.DebugLogHandler:Internal_Log(LogType, LogOption, String, Object)
UnityEngine.DebugLogHandler:LogFormat(LogType, Object, String, Object[])
UnityEngine.Logger:Log(LogType, Object)
UnityEngine.Debug:Log(Object)
HighPrecisionStepperJuggler.ImageProcessingInstructionSender:Update()
 
(Filename: C:\build\output\unity\unity\Runtime/Export/Debug/Debug.bindings.h Line: 35)

Ball r, x, y :7, 312, 60
UnityEngine.DebugLogHandler:Internal_Log(LogType, LogOption, String, Object)
UnityEngine.DebugLogHandler:LogFormat(LogType, Object, String, Object[])
UnityEngine.Logger:Log(LogType, Object)
UnityEngine.Debug:Log(Object)
HighPrecisionStepperJuggler.ImageProcessingInstructionSender:Update()
 
(Filename: C:\build\output\unity\unity\Runtime/Export/Debug/Debug.bindings.h Line: 35)

Ball r, x, y :5.6, -166, 150
UnityEngine.DebugLogHandler:Internal_Log(LogType, LogOption, String, Object)
UnityEngine.DebugLogHandler:LogFormat(LogType, Object, String, Object[])
UnityEngine.Logger:Log(LogType, Object)
UnityEngine.Debug:Log(Object)
HighPrecisionStepperJuggler.ImageProcessingInstructionSender:Update()
 
(Filename: C:\build\output\unity\unity\Runtime/Export/Debug/Debug.bindings.h Line: 35)

Ball r, x, y :5.3, 314, 150
UnityEngine.DebugLogHandler:Internal_Log(LogType, LogOption, String, Object)
UnityEngine.DebugLogHandler:LogFormat(LogType, Object, String, Object[])
UnityEngine.Logger:Log(LogType, Object)
UnityEngine.Debug:Log(Object)
HighPrecisionStepperJuggler.ImageProcessingInstructionSender:Update()
 
(Filename: C:\build\output\unity\unity\Runtime/Export/Debug/Debug.bindings.h Line: 35)

Ball r, x, y :6.1, -167, 150
UnityEngine.DebugLogHandler:Internal_Log(LogType, LogOption, String, Object)
UnityEngine.DebugLogHandler:LogFormat(LogType, Object, String, Object[])
UnityEngine.Logger:Log(LogType, Object)
UnityEngine.Debug:Log(Object)
HighPrecisionStepperJuggler.ImageProcessingInstructionSender:Update()
 
(Filename: C:\build\output\unity\unity\Runtime/Export/Debug/Debug.bindings.h Line: 35)

Ball r, x, y :7.86, 311, 60
UnityEngine.DebugLogHandler:Internal_Log(LogType, LogOption, String, Object)
UnityEngine.DebugLogHandler:LogFormat(LogType, Object, String, Object[])
UnityEngine.Logger:Log(LogType, Object)
UnityEngine.Debug:Log(Object)
HighPrecisionStepperJuggler.ImageProcessingInstructionSender:Update()
 
(Filename: C:\build\output\unity\unity\Runtime/Export/Debug/Debug.bindings.h Line: 35)

Ball r, x, y :6.1, 313, 150
UnityEngine.DebugLogHandler:Internal_Log(LogType, LogOption, String, Object)
UnityEngine.DebugLogHandler:LogFormat(LogType, Object, String, Object[])
UnityEngine.Logger:Log(LogType, Object)
UnityEngine.Debug:Log(Object)
HighPrecisionStepperJuggler.ImageProcessingInstructionSender:Update()
 
(Filename: C:\build\output\unity\unity\Runtime/Export/Debug/Debug.bindings.h Line: 35)

Ball r, x, y :7.86, 311, 60
UnityEngine.DebugLogHandler:Internal_Log(LogType, LogOption, String, Object)
UnityEngine.DebugLogHandler:LogFormat(LogType, Object, String, Object[])
UnityEngine.Logger:Log(LogType, Object)
UnityEngine.Debug:Log(Object)
HighPrecisionStepperJuggler.ImageProcessingInstructionSender:Update()
 
(Filename: C:\build\output\unity\unity\Runtime/Export/Debug/Debug.bindings.h Line: 35)

Ball r, x, y :1.32, 319, 120
UnityEngine.DebugLogHandler:Internal_Log(LogType, LogOption, String, Object)
UnityEngine.DebugLogHandler:LogFormat(LogType, Object, String, Object[])
UnityEngine.Logger:Log(LogType, Object)
UnityEngine.Debug:Log(Object)
HighPrecisionStepperJuggler.ImageProcessingInstructionSender:Update()
 
(Filename: C:\build\output\unity\unity\Runtime/Export/Debug/Debug.bindings.h Line: 35)

Ball r, x, y :7.86, 311, 60
UnityEngine.DebugLogHandler:Internal_Log(LogType, LogOption, String, Object)
UnityEngine.DebugLogHandler:LogFormat(LogType, Object, String, Object[])
UnityEngine.Logger:Log(LogType, Object)
UnityEngine.Debug:Log(Object)
HighPrecisionStepperJuggler.ImageProcessingInstructionSender:Update()
 
(Filename: C:\build\output\unity\unity\Runtime/Export/Debug/Debug.bindings.h Line: 35)

Ball r, x, y :6.1, 313, 120
UnityEngine.DebugLogHandler:Internal_Log(LogType, LogOption, String, Object)
UnityEngine.DebugLogHandler:LogFormat(LogType, Object, String, Object[])
UnityEngine.Logger:Log(LogType, Object)
UnityEngine.Debug:Log(Object)
HighPrecisionStepperJuggler.ImageProcessingInstructionSender:Update()
 
(Filename: C:\build\output\unity\unity\Runtime/Export/Debug/Debug.bindings.h Line: 35)

Ball r, x, y :6.1, 313, 120
UnityEngine.DebugLogHandler:Internal_Log(LogType, LogOption, String, Object)
UnityEngine.DebugLogHandler:LogFormat(LogType, Object, String, Object[])
UnityEngine.Logger:Log(LogType, Object)
UnityEngine.Debug:Log(Object)
HighPrecisionStepperJuggler.ImageProcessingInstructionSender:Update()
 
(Filename: C:\build\output\unity\unity\Runtime/Export/Debug/Debug.bindings.h Line: 35)

Ball r, x, y :7, 312, 90
UnityEngine.DebugLogHandler:Internal_Log(LogType, LogOption, String, Object)
UnityEngine.DebugLogHandler:LogFormat(LogType, Object, String, Object[])
UnityEngine.Logger:Log(LogType, Object)
UnityEngine.Debug:Log(Object)
HighPrecisionStepperJuggler.ImageProcessingInstructionSender:Update()
 
(Filename: C:\build\output\unity\unity\Runtime/Export/Debug/Debug.bindings.h Line: 35)

Ball r, x, y :7.86, 311, 60
UnityEngine.DebugLogHandler:Internal_Log(LogType, LogOption, String, Object)
UnityEngine.DebugLogHandler:LogFormat(LogType, Object, String, Object[])
UnityEngine.Logger:Log(LogType, Object)
UnityEngine.Debug:Log(Object)
HighPrecisionStepperJuggler.ImageProcessingInstructionSender:Update()
 
(Filename: C:\build\output\unity\unity\Runtime/Export/Debug/Debug.bindings.h Line: 35)

Ball r, x, y :7, -168, 90
UnityEngine.DebugLogHandler:Internal_Log(LogType, LogOption, String, Object)
UnityEngine.DebugLogHandler:LogFormat(LogType, Object, String, Object[])
UnityEngine.Logger:Log(LogType, Object)
UnityEngine.Debug:Log(Object)
HighPrecisionStepperJuggler.ImageProcessingInstructionSender:Update()
 
(Filename: C:\build\output\unity\unity\Runtime/Export/Debug/Debug.bindings.h Line: 35)

Ball r, x, y :6.1, 313, 120
UnityEngine.DebugLogHandler:Internal_Log(LogType, LogOption, String, Object)
UnityEngine.DebugLogHandler:LogFormat(LogType, Object, String, Object[])
UnityEngine.Logger:Log(LogType, Object)
UnityEngine.Debug:Log(Object)
HighPrecisionStepperJuggler.ImageProcessingInstructionSender:Update()
 
(Filename: C:\build\output\unity\unity\Runtime/Export/Debug/Debug.bindings.h Line: 35)

Ball r, x, y :5.6, -166, 150
UnityEngine.DebugLogHandler:Internal_Log(LogType, LogOption, String, Object)
UnityEngine.DebugLogHandler:LogFormat(LogType, Object, String, Object[])
UnityEngine.Logger:Log(LogType, Object)
UnityEngine.Debug:Log(Object)
HighPrecisionStepperJuggler.ImageProcessingInstructionSender:Update()
 
(Filename: C:\build\output\unity\unity\Runtime/Export/Debug/Debug.bindings.h Line: 35)

Ball r, x, y :7.86, 311, 60
UnityEngine.DebugLogHandler:Internal_Log(LogType, LogOption, String, Object)
UnityEngine.DebugLogHandler:LogFormat(LogType, Object, String, Object[])
UnityEngine.Logger:Log(LogType, Object)
UnityEngine.Debug:Log(Object)
HighPrecisionStepperJuggler.ImageProcessingInstructionSender:Update()
 
(Filename: C:\build\output\unity\unity\Runtime/Export/Debug/Debug.bindings.h Line: 35)

Ball r, x, y :7.86, 311, 60
UnityEngine.DebugLogHandler:Internal_Log(LogType, LogOption, String, Object)
UnityEngine.DebugLogHandler:LogFormat(LogType, Object, String, Object[])
UnityEngine.Logger:Log(LogType, Object)
UnityEngine.Debug:Log(Object)
HighPrecisionStepperJuggler.ImageProcessingInstructionSender:Update()
 
(Filename: C:\build\output\unity\unity\Runtime/Export/Debug/Debug.bindings.h Line: 35)

Ball r, x, y :7.86, 311, 60
UnityEngine.DebugLogHandler:Internal_Log(LogType, LogOption, String, Object)
UnityEngine.DebugLogHandler:LogFormat(LogType, Object, String, Object[])
UnityEngine.Logger:Log(LogType, Object)
UnityEngine.Debug:Log(Object)
HighPrecisionStepperJuggler.ImageProcessingInstructionSender:Update()
 
(Filename: C:\build\output\unity\unity\Runtime/Export/Debug/Debug.bindings.h Line: 35)

Ball r, x, y :7.86, -169, 60
UnityEngine.DebugLogHandler:Internal_Log(LogType, LogOption, String, Object)
UnityEngine.DebugLogHandler:LogFormat(LogType, Object, String, Object[])
UnityEngine.Logger:Log(LogType, Object)
UnityEngine.Debug:Log(Object)
HighPrecisionStepperJuggler.ImageProcessingInstructionSender:Update()
 
(Filename: C:\build\output\unity\unity\Runtime/Export/Debug/Debug.bindings.h Line: 35)

Ball r, x, y :5.6, 314, 150
UnityEngine.DebugLogHandler:Internal_Log(LogType, LogOption, String, Object)
UnityEngine.DebugLogHandler:LogFormat(LogType, Object, String, Object[])
UnityEngine.Logger:Log(LogType, Object)
UnityEngine.Debug:Log(Object)
HighPrecisionStepperJuggler.ImageProcessingInstructionSender:Update()
 
(Filename: C:\build\output\unity\unity\Runtime/Export/Debug/Debug.bindings.h Line: 35)

Ball r, x, y :7.86, 311, 60
UnityEngine.DebugLogHandler:Internal_Log(LogType, LogOption, String, Object)
UnityEngine.DebugLogHandler:LogFormat(LogType, Object, String, Object[])
UnityEngine.Logger:Log(LogType, Object)
UnityEngine.Debug:Log(Object)
HighPrecisionStepperJuggler.ImageProcessingInstructionSender:Update()
 
(Filename: C:\build\output\unity\unity\Runtime/Export/Debug/Debug.bindings.h Line: 35)

Ball r, x, y :5.6, 314, 150
UnityEngine.DebugLogHandler:Internal_Log(LogType, LogOption, String, Object)
UnityEngine.DebugLogHandler:LogFormat(LogType, Object, String, Object[])
UnityEngine.Logger:Log(LogType, Object)
UnityEngine.Debug:Log(Object)
HighPrecisionStepperJuggler.ImageProcessingInstructionSender:Update()
 
(Filename: C:\build\output\unity\unity\Runtime/Export/Debug/Debug.bindings.h Line: 35)

Ball r, x, y :5.6, 314, 150
UnityEngine.DebugLogHandler:Internal_Log(LogType, LogOption, String, Object)
UnityEngine.DebugLogHandler:LogFormat(LogType, Object, String, Object[])
UnityEngine.Logger:Log(LogType, Object)
UnityEngine.Debug:Log(Object)
HighPrecisionStepperJuggler.ImageProcessingInstructionSender:Update()
 
(Filename: C:\build\output\unity\unity\Runtime/Export/Debug/Debug.bindings.h Line: 35)

Ball r, x, y :7.86, -169, 60
UnityEngine.DebugLogHandler:Internal_Log(LogType, LogOption, String, Object)
UnityEngine.DebugLogHandler:LogFormat(LogType, Object, String, Object[])
UnityEngine.Logger:Log(LogType, Object)
UnityEngine.Debug:Log(Object)
HighPrecisionStepperJuggler.ImageProcessingInstructionSender:Update()
 
(Filename: C:\build\output\unity\unity\Runtime/Export/Debug/Debug.bindings.h Line: 35)

Ball r, x, y :7.86, 311, 60
UnityEngine.DebugLogHandler:Internal_Log(LogType, LogOption, String, Object)
UnityEngine.DebugLogHandler:LogFormat(LogType, Object, String, Object[])
UnityEngine.Logger:Log(LogType, Object)
UnityEngine.Debug:Log(Object)
HighPrecisionStepperJuggler.ImageProcessingInstructionSender:Update()
 
(Filename: C:\build\output\unity\unity\Runtime/Export/Debug/Debug.bindings.h Line: 35)

Ball r, x, y :6.1, 313, 120
UnityEngine.DebugLogHandler:Internal_Log(LogType, LogOption, String, Object)
UnityEngine.DebugLogHandler:LogFormat(LogType, Object, String, Object[])
UnityEngine.Logger:Log(LogType, Object)
UnityEngine.Debug:Log(Object)
HighPrecisionStepperJuggler.ImageProcessingInstructionSender:Update()
 
(Filename: C:\build\output\unity\unity\Runtime/Export/Debug/Debug.bindings.h Line: 35)

Ball r, x, y :5.3, -166, 150
UnityEngine.DebugLogHandler:Internal_Log(LogType, LogOption, String, Object)
UnityEngine.DebugLogHandler:LogFormat(LogType, Object, String, Object[])
UnityEngine.Logger:Log(LogType, Object)
UnityEngine.Debug:Log(Object)
HighPrecisionStepperJuggler.ImageProcessingInstructionSender:Update()
 
(Filename: C:\build\output\unity\unity\Runtime/Export/Debug/Debug.bindings.h Line: 35)

Ball r, x, y :5.6, 314, 150
UnityEngine.DebugLogHandler:Internal_Log(LogType, LogOption, String, Object)
UnityEngine.DebugLogHandler:LogFormat(LogType, Object, String, Object[])
UnityEngine.Logger:Log(LogType, Object)
UnityEngine.Debug:Log(Object)
HighPrecisionStepperJuggler.ImageProcessingInstructionSender:Update()
 
(Filename: C:\build\output\unity\unity\Runtime/Export/Debug/Debug.bindings.h Line: 35)

Ball r, x, y :1.74, 318, 180
UnityEngine.DebugLogHandler:Internal_Log(LogType, LogOption, String, Object)
UnityEngine.DebugLogHandler:LogFormat(LogType, Object, String, Object[])
UnityEngine.Logger:Log(LogType, Object)
UnityEngine.Debug:Log(Object)
HighPrecisionStepperJuggler.ImageProcessingInstructionSender:Update()
 
(Filename: C:\build\output\unity\unity\Runtime/Export/Debug/Debug.bindings.h Line: 35)

Ball r, x, y :6.1, 313, 150
UnityEngine.DebugLogHandler:Internal_Log(LogType, LogOption, String, Object)
UnityEngine.DebugLogHandler:LogFormat(LogType, Object, String, Object[])
UnityEngine.Logger:Log(LogType, Object)
UnityEngine.Debug:Log(Object)
HighPrecisionStepperJuggler.ImageProcessingInstructionSender:Update()
 
(Filename: C:\build\output\unity\unity\Runtime/Export/Debug/Debug.bindings.h Line: 35)

Ball r, x, y :7.86, 311, 60
UnityEngine.DebugLogHandler:Internal_Log(LogType, LogOption, String, Object)
UnityEngine.DebugLogHandler:LogFormat(LogType, Object, String, Object[])
UnityEngine.Logger:Log(LogType, Object)
UnityEngine.Debug:Log(Object)
HighPrecisionStepperJuggler.ImageProcessingInstructionSender:Update()
 
(Filename: C:\build\output\unity\unity\Runtime/Export/Debug/Debug.bindings.h Line: 35)

Ball r, x, y :7.86, 311, 60
UnityEngine.DebugLogHandler:Internal_Log(LogType, LogOption, String, Object)
UnityEngine.DebugLogHandler:LogFormat(LogType, Object, String, Object[])
UnityEngine.Logger:Log(LogType, Object)
UnityEngine.Debug:Log(Object)
HighPrecisionStepperJuggler.ImageProcessingInstructionSender:Update()
 
(Filename: C:\build\output\unity\unity\Runtime/Export/Debug/Debug.bindings.h Line: 35)

Ball r, x, y :5.6, 314, 150
UnityEngine.DebugLogHandler:Internal_Log(LogType, LogOption, String, Object)
UnityEngine.DebugLogHandler:LogFormat(LogType, Object, String, Object[])
UnityEngine.Logger:Log(LogType, Object)
UnityEngine.Debug:Log(Object)
HighPrecisionStepperJuggler.ImageProcessingInstructionSender:Update()
 
(Filename: C:\build\output\unity\unity\Runtime/Export/Debug/Debug.bindings.h Line: 35)

Ball r, x, y :7.86, -169, 60
UnityEngine.DebugLogHandler:Internal_Log(LogType, LogOption, String, Object)
UnityEngine.DebugLogHandler:LogFormat(LogType, Object, String, Object[])
UnityEngine.Logger:Log(LogType, Object)
UnityEngine.Debug:Log(Object)
HighPrecisionStepperJuggler.ImageProcessingInstructionSender:Update()
 
(Filename: C:\build\output\unity\unity\Runtime/Export/Debug/Debug.bindings.h Line: 35)

Ball r, x, y :7.86, 311, 60
UnityEngine.DebugLogHandler:Internal_Log(LogType, LogOption, String, Object)
UnityEngine.DebugLogHandler:LogFormat(LogType, Object, String, Object[])
UnityEngine.Logger:Log(LogType, Object)
UnityEngine.Debug:Log(Object)
HighPrecisionStepperJuggler.ImageProcessingInstructionSender:Update()
 
(Filename: C:\build\output\unity\unity\Runtime/Export/Debug/Debug.bindings.h Line: 35)

Ball r, x, y :2.66, 317, 60
UnityEngine.DebugLogHandler:Internal_Log(LogType, LogOption, String, Object)
UnityEngine.DebugLogHandler:LogFormat(LogType, Object, String, Object[])
UnityEngine.Logger:Log(LogType, Object)
UnityEngine.Debug:Log(Object)
HighPrecisionStepperJuggler.ImageProcessingInstructionSender:Update()
 
(Filename: C:\build\output\unity\unity\Runtime/Export/Debug/Debug.bindings.h Line: 35)

Ball r, x, y :7.86, 311, 60
UnityEngine.DebugLogHandler:Internal_Log(LogType, LogOption, String, Object)
UnityEngine.DebugLogHandler:LogFormat(LogType, Object, String, Object[])
UnityEngine.Logger:Log(LogType, Object)
UnityEngine.Debug:Log(Object)
HighPrecisionStepperJuggler.ImageProcessingInstructionSender:Update()
 
(Filename: C:\build\output\unity\unity\Runtime/Export/Debug/Debug.bindings.h Line: 35)

Ball r, x, y :6.1, 313, 120
UnityEngine.DebugLogHandler:Internal_Log(LogType, LogOption, String, Object)
UnityEngine.DebugLogHandler:LogFormat(LogType, Object, String, Object[])
UnityEngine.Logger:Log(LogType, Object)
UnityEngine.Debug:Log(Object)
HighPrecisionStepperJuggler.ImageProcessingInstructionSender:Update()
 
(Filename: C:\build\output\unity\unity\Runtime/Export/Debug/Debug.bindings.h Line: 35)

Ball r, x, y :7.86, 311, 60
UnityEngine.DebugLogHandler:Internal_Log(LogType, LogOption, String, Object)
UnityEngine.DebugLogHandler:LogFormat(LogType, Object, String, Object[])
UnityEngine.Logger:Log(LogType, Object)
UnityEngine.Debug:Log(Object)
HighPrecisionStepperJuggler.ImageProcessingInstructionSender:Update()
 
(Filename: C:\build\output\unity\unity\Runtime/Export/Debug/Debug.bindings.h Line: 35)

Ball r, x, y :7.86, 311, 60
UnityEngine.DebugLogHandler:Internal_Log(LogType, LogOption, String, Object)
UnityEngine.DebugLogHandler:LogFormat(LogType, Object, String, Object[])
UnityEngine.Logger:Log(LogType, Object)
UnityEngine.Debug:Log(Object)
HighPrecisionStepperJuggler.ImageProcessingInstructionSender:Update()
 
(Filename: C:\build\output\unity\unity\Runtime/Export/Debug/Debug.bindings.h Line: 35)

Ball r, x, y :7.38, 312, 60
UnityEngine.DebugLogHandler:Internal_Log(LogType, LogOption, String, Object)
UnityEngine.DebugLogHandler:LogFormat(LogType, Object, String, Object[])
UnityEngine.Logger:Log(LogType, Object)
UnityEngine.Debug:Log(Object)
HighPrecisionStepperJuggler.ImageProcessingInstructionSender:Update()
 
(Filename: C:\build\output\unity\unity\Runtime/Export/Debug/Debug.bindings.h Line: 35)

Ball r, x, y :7.86, 311, 60
UnityEngine.DebugLogHandler:Internal_Log(LogType, LogOption, String, Object)
UnityEngine.DebugLogHandler:LogFormat(LogType, Object, String, Object[])
UnityEngine.Logger:Log(LogType, Object)
UnityEngine.Debug:Log(Object)
HighPrecisionStepperJuggler.ImageProcessingInstructionSender:Update()
 
(Filename: C:\build\output\unity\unity\Runtime/Export/Debug/Debug.bindings.h Line: 35)

Ball r, x, y :7.86, 311, 60
UnityEngine.DebugLogHandler:Internal_Log(LogType, LogOption, String, Object)
UnityEngine.DebugLogHandler:LogFormat(LogType, Object, String, Object[])
UnityEngine.Logger:Log(LogType, Object)
UnityEngine.Debug:Log(Object)
HighPrecisionStepperJuggler.ImageProcessingInstructionSender:Update()
 
(Filename: C:\build\output\unity\unity\Runtime/Export/Debug/Debug.bindings.h Line: 35)

Ball r, x, y :7.86, -169, 60
UnityEngine.DebugLogHandler:Internal_Log(LogType, LogOption, String, Object)
UnityEngine.DebugLogHandler:LogFormat(LogType, Object, String, Object[])
UnityEngine.Logger:Log(LogType, Object)
UnityEngine.Debug:Log(Object)
HighPrecisionStepperJuggler.ImageProcessingInstructionSender:Update()
 
(Filename: C:\build\output\unity\unity\Runtime/Export/Debug/Debug.bindings.h Line: 35)

Ball r, x, y :7.86, 311, 60
UnityEngine.DebugLogHandler:Internal_Log(LogType, LogOption, String, Object)
UnityEngine.DebugLogHandler:LogFormat(LogType, Object, String, Object[])
UnityEngine.Logger:Log(LogType, Object)
UnityEngine.Debug:Log(Object)
HighPrecisionStepperJuggler.ImageProcessingInstructionSender:Update()
 
(Filename: C:\build\output\unity\unity\Runtime/Export/Debug/Debug.bindings.h Line: 35)

Ball r, x, y :6.1, -167, 150
UnityEngine.DebugLogHandler:Internal_Log(LogType, LogOption, String, Object)
UnityEngine.DebugLogHandler:LogFormat(LogType, Object, String, Object[])
UnityEngine.Logger:Log(LogType, Object)
UnityEngine.Debug:Log(Object)
HighPrecisionStepperJuggler.ImageProcessingInstructionSender:Update()
 
(Filename: C:\build\output\unity\unity\Runtime/Export/Debug/Debug.bindings.h Line: 35)

Ball r, x, y :7.86, 311, 60
UnityEngine.DebugLogHandler:Internal_Log(LogType, LogOption, String, Object)
UnityEngine.DebugLogHandler:LogFormat(LogType, Object, String, Object[])
UnityEngine.Logger:Log(LogType, Object)
UnityEngine.Debug:Log(Object)
HighPrecisionStepperJuggler.ImageProcessingInstructionSender:Update()
 
(Filename: C:\build\output\unity\unity\Runtime/Export/Debug/Debug.bindings.h Line: 35)

Ball r, x, y :7.86, -169, 60
UnityEngine.DebugLogHandler:Internal_Log(LogType, LogOption, String, Object)
UnityEngine.DebugLogHandler:LogFormat(LogType, Object, String, Object[])
UnityEngine.Logger:Log(LogType, Object)
UnityEngine.Debug:Log(Object)
HighPrecisionStepperJuggler.ImageProcessingInstructionSender:Update()
 
(Filename: C:\build\output\unity\unity\Runtime/Export/Debug/Debug.bindings.h Line: 35)

Ball r, x, y :7.38, 312, 60
UnityEngine.DebugLogHandler:Internal_Log(LogType, LogOption, String, Object)
UnityEngine.DebugLogHandler:LogFormat(LogType, Object, String, Object[])
UnityEngine.Logger:Log(LogType, Object)
UnityEngine.Debug:Log(Object)
HighPrecisionStepperJuggler.ImageProcessingInstructionSender:Update()
 
(Filename: C:\build\output\unity\unity\Runtime/Export/Debug/Debug.bindings.h Line: 35)

Ball r, x, y :7.38, -168, 60
UnityEngine.DebugLogHandler:Internal_Log(LogType, LogOption, String, Object)
UnityEngine.DebugLogHandler:LogFormat(LogType, Object, String, Object[])
UnityEngine.Logger:Log(LogType, Object)
UnityEngine.Debug:Log(Object)
HighPrecisionStepperJuggler.ImageProcessingInstructionSender:Update()
 
(Filename: C:\build\output\unity\unity\Runtime/Export/Debug/Debug.bindings.h Line: 35)

Ball r, x, y :6.1, 313, 120
UnityEngine.DebugLogHandler:Internal_Log(LogType, LogOption, String, Object)
UnityEngine.DebugLogHandler:LogFormat(LogType, Object, String, Object[])
UnityEngine.Logger:Log(LogType, Object)
UnityEngine.Debug:Log(Object)
HighPrecisionStepperJuggler.ImageProcessingInstructionSender:Update()
 
(Filename: C:\build\output\unity\unity\Runtime/Export/Debug/Debug.bindings.h Line: 35)

Ball r, x, y :0.5, 320, 180
UnityEngine.DebugLogHandler:Internal_Log(LogType, LogOption, String, Object)
UnityEngine.DebugLogHandler:LogFormat(LogType, Object, String, Object[])
UnityEngine.Logger:Log(LogType, Object)
UnityEngine.Debug:Log(Object)
HighPrecisionStepperJuggler.ImageProcessingInstructionSender:Update()
 
(Filename: C:\build\output\unity\unity\Runtime/Export/Debug/Debug.bindings.h Line: 35)

Ball r, x, y :6.54, 313, 60
UnityEngine.DebugLogHandler:Internal_Log(LogType, LogOption, String, Object)
UnityEngine.DebugLogHandler:LogFormat(LogType, Object, String, Object[])
UnityEngine.Logger:Log(LogType, Object)
UnityEngine.Debug:Log(Object)
HighPrecisionStepperJuggler.ImageProcessingInstructionSender:Update()
 
(Filename: C:\build\output\unity\unity\Runtime/Export/Debug/Debug.bindings.h Line: 35)

Ball r, x, y :6.1, -167, 120
UnityEngine.DebugLogHandler:Internal_Log(LogType, LogOption, String, Object)
UnityEngine.DebugLogHandler:LogFormat(LogType, Object, String, Object[])
UnityEngine.Logger:Log(LogType, Object)
UnityEngine.Debug:Log(Object)
HighPrecisionStepperJuggler.ImageProcessingInstructionSender:Update()
 
(Filename: C:\build\output\unity\unity\Runtime/Export/Debug/Debug.bindings.h Line: 35)

Ball r, x, y :3.06, 317, 90
UnityEngine.DebugLogHandler:Internal_Log(LogType, LogOption, String, Object)
UnityEngine.DebugLogHandler:LogFormat(LogType, Object, String, Object[])
UnityEngine.Logger:Log(LogType, Object)
UnityEngine.Debug:Log(Object)
HighPrecisionStepperJuggler.ImageProcessingInstructionSender:Update()
 
(Filename: C:\build\output\unity\unity\Runtime/Export/Debug/Debug.bindings.h Line: 35)

Ball r, x, y :7.38, -168, 60
UnityEngine.DebugLogHandler:Internal_Log(LogType, LogOption, String, Object)
UnityEngine.DebugLogHandler:LogFormat(LogType, Object, String, Object[])
UnityEngine.Logger:Log(LogType, Object)
UnityEngine.Debug:Log(Object)
HighPrecisionStepperJuggler.ImageProcessingInstructionSender:Update()
 
(Filename: C:\build\output\unity\unity\Runtime/Export/Debug/Debug.bindings.h Line: 35)

Ball r, x, y :6.1, -167, 150
UnityEngine.DebugLogHandler:Internal_Log(LogType, LogOption, String, Object)
UnityEngine.DebugLogHandler:LogFormat(LogType, Object, String, Object[])
UnityEngine.Logger:Log(LogType, Object)
UnityEngine.Debug:Log(Object)
HighPrecisionStepperJuggler.ImageProcessingInstructionSender:Update()
 
(Filename: C:\build\output\unity\unity\Runtime/Export/Debug/Debug.bindings.h Line: 35)

Ball r, x, y :7.86, 311, 60
UnityEngine.DebugLogHandler:Internal_Log(LogType, LogOption, String, Object)
UnityEngine.DebugLogHandler:LogFormat(LogType, Object, String, Object[])
UnityEngine.Logger:Log(LogType, Object)
UnityEngine.Debug:Log(Object)
HighPrecisionStepperJuggler.ImageProcessingInstructionSender:Update()
 
(Filename: C:\build\output\unity\unity\Runtime/Export/Debug/Debug.bindings.h Line: 35)

Ball r, x, y :6.1, 313, 120
UnityEngine.DebugLogHandler:Internal_Log(LogType, LogOption, String, Object)
UnityEngine.DebugLogHandler:LogFormat(LogType, Object, String, Object[])
UnityEngine.Logger:Log(LogType, Object)
UnityEngine.Debug:Log(Object)
HighPrecisionStepperJuggler.ImageProcessingInstructionSender:Update()
 
(Filename: C:\build\output\unity\unity\Runtime/Export/Debug/Debug.bindings.h Line: 35)

Ball r, x, y :7.86, 311, 60
UnityEngine.DebugLogHandler:Internal_Log(LogType, LogOption, String, Object)
UnityEngine.DebugLogHandler:LogFormat(LogType, Object, String, Object[])
UnityEngine.Logger:Log(LogType, Object)
UnityEngine.Debug:Log(Object)
HighPrecisionStepperJuggler.ImageProcessingInstructionSender:Update()
 
(Filename: C:\build\output\unity\unity\Runtime/Export/Debug/Debug.bindings.h Line: 35)

Ball r, x, y :7.86, 311, 60
UnityEngine.DebugLogHandler:Internal_Log(LogType, LogOption, String, Object)
UnityEngine.DebugLogHandler:LogFormat(LogType, Object, String, Object[])
UnityEngine.Logger:Log(LogType, Object)
UnityEngine.Debug:Log(Object)
HighPrecisionStepperJuggler.ImageProcessingInstructionSender:Update()
 
(Filename: C:\build\output\unity\unity\Runtime/Export/Debug/Debug.bindings.h Line: 35)

Ball r, x, y :2.66, -163, 60
UnityEngine.DebugLogHandler:Internal_Log(LogType, LogOption, String, Object)
UnityEngine.DebugLogHandler:LogFormat(LogType, Object, String, Object[])
UnityEngine.Logger:Log(LogType, Object)
UnityEngine.Debug:Log(Object)
HighPrecisionStepperJuggler.ImageProcessingInstructionSender:Update()
 
(Filename: C:\build\output\unity\unity\Runtime/Export/Debug/Debug.bindings.h Line: 35)

Ball r, x, y :7.86, 311, 60
UnityEngine.DebugLogHandler:Internal_Log(LogType, LogOption, String, Object)
UnityEngine.DebugLogHandler:LogFormat(LogType, Object, String, Object[])
UnityEngine.Logger:Log(LogType, Object)
UnityEngine.Debug:Log(Object)
HighPrecisionStepperJuggler.ImageProcessingInstructionSender:Update()
 
(Filename: C:\build\output\unity\unity\Runtime/Export/Debug/Debug.bindings.h Line: 35)

Ball r, x, y :7.86, 311, 60
UnityEngine.DebugLogHandler:Internal_Log(LogType, LogOption, String, Object)
UnityEngine.DebugLogHandler:LogFormat(LogType, Object, String, Object[])
UnityEngine.Logger:Log(LogType, Object)
UnityEngine.Debug:Log(Object)
HighPrecisionStepperJuggler.ImageProcessingInstructionSender:Update()
 
(Filename: C:\build\output\unity\unity\Runtime/Export/Debug/Debug.bindings.h Line: 35)

Ball r, x, y :7.86, 311, 60
UnityEngine.DebugLogHandler:Internal_Log(LogType, LogOption, String, Object)
UnityEngine.DebugLogHandler:LogFormat(LogType, Object, String, Object[])
UnityEngine.Logger:Log(LogType, Object)
UnityEngine.Debug:Log(Object)
HighPrecisionStepperJuggler.ImageProcessingInstructionSender:Update()
 
(Filename: C:\build\output\unity\unity\Runtime/Export/Debug/Debug.bindings.h Line: 35)

Ball r, x, y :6.1, 313, 120
UnityEngine.DebugLogHandler:Internal_Log(LogType, LogOption, String, Object)
UnityEngine.DebugLogHandler:LogFormat(LogType, Object, String, Object[])
UnityEngine.Logger:Log(LogType, Object)
UnityEngine.Debug:Log(Object)
HighPrecisionStepperJuggler.ImageProcessingInstructionSender:Update()
 
(Filename: C:\build\output\unity\unity\Runtime/Export/Debug/Debug.bindings.h Line: 35)

Ball r, x, y :1.74, -162, 180
UnityEngine.DebugLogHandler:Internal_Log(LogType, LogOption, String, Object)
UnityEngine.DebugLogHandler:LogFormat(LogType, Object, String, Object[])
UnityEngine.Logger:Log(LogType, Object)
UnityEngine.Debug:Log(Object)
HighPrecisionStepperJuggler.ImageProcessingInstructionSender:Update()
 
(Filename: C:\build\output\unity\unity\Runtime/Export/Debug/Debug.bindings.h Line: 35)

Ball r, x, y :7.86, -169, 60
UnityEngine.DebugLogHandler:Internal_Log(LogType, LogOption, String, Object)
UnityEngine.DebugLogHandler:LogFormat(LogType, Object, String, Object[])
UnityEngine.Logger:Log(LogType, Object)
UnityEngine.Debug:Log(Object)
HighPrecisionStepperJuggler.ImageProcessingInstructionSender:Update()
 
(Filename: C:\build\output\unity\unity\Runtime/Export/Debug/Debug.bindings.h Line: 35)

Ball r, x, y :6.1, 313, 120
UnityEngine.DebugLogHandler:Internal_Log(LogType, LogOption, String, Object)
UnityEngine.DebugLogHandler:LogFormat(LogType, Object, String, Object[])
UnityEngine.Logger:Log(LogType, Object)
UnityEngine.Debug:Log(Object)
HighPrecisionStepperJuggler.ImageProcessingInstructionSender:Update()
 
(Filename: C:\build\output\unity\unity\Runtime/Export/Debug/Debug.bindings.h Line: 35)

Ball r, x, y :6.1, 313, 120
UnityEngine.DebugLogHandler:Internal_Log(LogType, LogOption, String, Object)
UnityEngine.DebugLogHandler:LogFormat(LogType, Object, String, Object[])
UnityEngine.Logger:Log(LogType, Object)
UnityEngine.Debug:Log(Object)
HighPrecisionStepperJuggler.ImageProcessingInstructionSender:Update()
 
(Filename: C:\build\output\unity\unity\Runtime/Export/Debug/Debug.bindings.h Line: 35)

Ball r, x, y :6.1, 313, 120
UnityEngine.DebugLogHandler:Internal_Log(LogType, LogOption, String, Object)
UnityEngine.DebugLogHandler:LogFormat(LogType, Object, String, Object[])
UnityEngine.Logger:Log(LogType, Object)
UnityEngine.Debug:Log(Object)
HighPrecisionStepperJuggler.ImageProcessingInstructionSender:Update()
 
(Filename: C:\build\output\unity\unity\Runtime/Export/Debug/Debug.bindings.h Line: 35)

Ball r, x, y :7.86, 311, 60
UnityEngine.DebugLogHandler:Internal_Log(LogType, LogOption, String, Object)
UnityEngine.DebugLogHandler:LogFormat(LogType, Object, String, Object[])
UnityEngine.Logger:Log(LogType, Object)
UnityEngine.Debug:Log(Object)
HighPrecisionStepperJuggler.ImageProcessingInstructionSender:Update()
 
(Filename: C:\build\output\unity\unity\Runtime/Export/Debug/Debug.bindings.h Line: 35)

Ball r, x, y :7.38, 312, 60
UnityEngine.DebugLogHandler:Internal_Log(LogType, LogOption, String, Object)
UnityEngine.DebugLogHandler:LogFormat(LogType, Object, String, Object[])
UnityEngine.Logger:Log(LogType, Object)
UnityEngine.Debug:Log(Object)
HighPrecisionStepperJuggler.ImageProcessingInstructionSender:Update()
 
(Filename: C:\build\output\unity\unity\Runtime/Export/Debug/Debug.bindings.h Line: 35)

Ball r, x, y :4.8, 315, 150
UnityEngine.DebugLogHandler:Internal_Log(LogType, LogOption, String, Object)
UnityEngine.DebugLogHandler:LogFormat(LogType, Object, String, Object[])
UnityEngine.Logger:Log(LogType, Object)
UnityEngine.Debug:Log(Object)
HighPrecisionStepperJuggler.ImageProcessingInstructionSender:Update()
 
(Filename: C:\build\output\unity\unity\Runtime/Export/Debug/Debug.bindings.h Line: 35)

Ball r, x, y :6.1, 313, 120
UnityEngine.DebugLogHandler:Internal_Log(LogType, LogOption, String, Object)
UnityEngine.DebugLogHandler:LogFormat(LogType, Object, String, Object[])
UnityEngine.Logger:Log(LogType, Object)
UnityEngine.Debug:Log(Object)
HighPrecisionStepperJuggler.ImageProcessingInstructionSender:Update()
 
(Filename: C:\build\output\unity\unity\Runtime/Export/Debug/Debug.bindings.h Line: 35)

Ball r, x, y :6.1, 313, 150
UnityEngine.DebugLogHandler:Internal_Log(LogType, LogOption, String, Object)
UnityEngine.DebugLogHandler:LogFormat(LogType, Object, String, Object[])
UnityEngine.Logger:Log(LogType, Object)
UnityEngine.Debug:Log(Object)
HighPrecisionStepperJuggler.ImageProcessingInstructionSender:Update()
 
(Filename: C:\build\output\unity\unity\Runtime/Export/Debug/Debug.bindings.h Line: 35)

Ball r, x, y :7.38, 312, 60
UnityEngine.DebugLogHandler:Internal_Log(LogType, LogOption, String, Object)
UnityEngine.DebugLogHandler:LogFormat(LogType, Object, String, Object[])
UnityEngine.Logger:Log(LogType, Object)
UnityEngine.Debug:Log(Object)
HighPrecisionStepperJuggler.ImageProcessingInstructionSender:Update()
 
(Filename: C:\build\output\unity\unity\Runtime/Export/Debug/Debug.bindings.h Line: 35)

Ball r, x, y :5.3, 314, 150
UnityEngine.DebugLogHandler:Internal_Log(LogType, LogOption, String, Object)
UnityEngine.DebugLogHandler:LogFormat(LogType, Object, String, Object[])
UnityEngine.Logger:Log(LogType, Object)
UnityEngine.Debug:Log(Object)
HighPrecisionStepperJuggler.ImageProcessingInstructionSender:Update()
 
(Filename: C:\build\output\unity\unity\Runtime/Export/Debug/Debug.bindings.h Line: 35)

Ball r, x, y :7.38, 312, 60
UnityEngine.DebugLogHandler:Internal_Log(LogType, LogOption, String, Object)
UnityEngine.DebugLogHandler:LogFormat(LogType, Object, String, Object[])
UnityEngine.Logger:Log(LogType, Object)
UnityEngine.Debug:Log(Object)
HighPrecisionStepperJuggler.ImageProcessingInstructionSender:Update()
 
(Filename: C:\build\output\unity\unity\Runtime/Export/Debug/Debug.bindings.h Line: 35)

Ball r, x, y :7.86, 311, 60
UnityEngine.DebugLogHandler:Internal_Log(LogType, LogOption, String, Object)
UnityEngine.DebugLogHandler:LogFormat(LogType, Object, String, Object[])
UnityEngine.Logger:Log(LogType, Object)
UnityEngine.Debug:Log(Object)
HighPrecisionStepperJuggler.ImageProcessingInstructionSender:Update()
 
(Filename: C:\build\output\unity\unity\Runtime/Export/Debug/Debug.bindings.h Line: 35)

Ball r, x, y :7.86, 311, 60
UnityEngine.DebugLogHandler:Internal_Log(LogType, LogOption, String, Object)
UnityEngine.DebugLogHandler:LogFormat(LogType, Object, String, Object[])
UnityEngine.Logger:Log(LogType, Object)
UnityEngine.Debug:Log(Object)
HighPrecisionStepperJuggler.ImageProcessingInstructionSender:Update()
 
(Filename: C:\build\output\unity\unity\Runtime/Export/Debug/Debug.bindings.h Line: 35)

Ball r, x, y :7.86, -169, 60
UnityEngine.DebugLogHandler:Internal_Log(LogType, LogOption, String, Object)
UnityEngine.DebugLogHandler:LogFormat(LogType, Object, String, Object[])
UnityEngine.Logger:Log(LogType, Object)
UnityEngine.Debug:Log(Object)
HighPrecisionStepperJuggler.ImageProcessingInstructionSender:Update()
 
(Filename: C:\build\output\unity\unity\Runtime/Export/Debug/Debug.bindings.h Line: 35)

Ball r, x, y :5.6, 314, 150
UnityEngine.DebugLogHandler:Internal_Log(LogType, LogOption, String, Object)
UnityEngine.DebugLogHandler:LogFormat(LogType, Object, String, Object[])
UnityEngine.Logger:Log(LogType, Object)
UnityEngine.Debug:Log(Object)
HighPrecisionStepperJuggler.ImageProcessingInstructionSender:Update()
 
(Filename: C:\build\output\unity\unity\Runtime/Export/Debug/Debug.bindings.h Line: 35)

Ball r, x, y :5.3, -166, 180
UnityEngine.DebugLogHandler:Internal_Log(LogType, LogOption, String, Object)
UnityEngine.DebugLogHandler:LogFormat(LogType, Object, String, Object[])
UnityEngine.Logger:Log(LogType, Object)
UnityEngine.Debug:Log(Object)
HighPrecisionStepperJuggler.ImageProcessingInstructionSender:Update()
 
(Filename: C:\build\output\unity\unity\Runtime/Export/Debug/Debug.bindings.h Line: 35)

Ball r, x, y :6.1, 313, 120
UnityEngine.DebugLogHandler:Internal_Log(LogType, LogOption, String, Object)
UnityEngine.DebugLogHandler:LogFormat(LogType, Object, String, Object[])
UnityEngine.Logger:Log(LogType, Object)
UnityEngine.Debug:Log(Object)
HighPrecisionStepperJuggler.ImageProcessingInstructionSender:Update()
 
(Filename: C:\build\output\unity\unity\Runtime/Export/Debug/Debug.bindings.h Line: 35)

Ball r, x, y :7.86, 311, 60
UnityEngine.DebugLogHandler:Internal_Log(LogType, LogOption, String, Object)
UnityEngine.DebugLogHandler:LogFormat(LogType, Object, String, Object[])
UnityEngine.Logger:Log(LogType, Object)
UnityEngine.Debug:Log(Object)
HighPrecisionStepperJuggler.ImageProcessingInstructionSender:Update()
 
(Filename: C:\build\output\unity\unity\Runtime/Export/Debug/Debug.bindings.h Line: 35)

Ball r, x, y :6.1, 313, 120
UnityEngine.DebugLogHandler:Internal_Log(LogType, LogOption, String, Object)
UnityEngine.DebugLogHandler:LogFormat(LogType, Object, String, Object[])
UnityEngine.Logger:Log(LogType, Object)
UnityEngine.Debug:Log(Object)
HighPrecisionStepperJuggler.ImageProcessingInstructionSender:Update()
 
(Filename: C:\build\output\unity\unity\Runtime/Export/Debug/Debug.bindings.h Line: 35)

Ball r, x, y :7.86, -169, 60
UnityEngine.DebugLogHandler:Internal_Log(LogType, LogOption, String, Object)
UnityEngine.DebugLogHandler:LogFormat(LogType, Object, String, Object[])
UnityEngine.Logger:Log(LogType, Object)
UnityEngine.Debug:Log(Object)
HighPrecisionStepperJuggler.ImageProcessingInstructionSender:Update()
 
(Filename: C:\build\output\unity\unity\Runtime/Export/Debug/Debug.bindings.h Line: 35)

Ball r, x, y :7.86, -169, 60
UnityEngine.DebugLogHandler:Internal_Log(LogType, LogOption, String, Object)
UnityEngine.DebugLogHandler:LogFormat(LogType, Object, String, Object[])
UnityEngine.Logger:Log(LogType, Object)
UnityEngine.Debug:Log(Object)
HighPrecisionStepperJuggler.ImageProcessingInstructionSender:Update()
 
(Filename: C:\build\output\unity\unity\Runtime/Export/Debug/Debug.bindings.h Line: 35)

Ball r, x, y :3.06, 317, 240
UnityEngine.DebugLogHandler:Internal_Log(LogType, LogOption, String, Object)
UnityEngine.DebugLogHandler:LogFormat(LogType, Object, String, Object[])
UnityEngine.Logger:Log(LogType, Object)
UnityEngine.Debug:Log(Object)
HighPrecisionStepperJuggler.ImageProcessingInstructionSender:Update()
 
(Filename: C:\build\output\unity\unity\Runtime/Export/Debug/Debug.bindings.h Line: 35)

Ball r, x, y :7.86, 311, 60
UnityEngine.DebugLogHandler:Internal_Log(LogType, LogOption, String, Object)
UnityEngine.DebugLogHandler:LogFormat(LogType, Object, String, Object[])
UnityEngine.Logger:Log(LogType, Object)
UnityEngine.Debug:Log(Object)
HighPrecisionStepperJuggler.ImageProcessingInstructionSender:Update()
 
(Filename: C:\build\output\unity\unity\Runtime/Export/Debug/Debug.bindings.h Line: 35)

Ball r, x, y :7.86, 311, 60
UnityEngine.DebugLogHandler:Internal_Log(LogType, LogOption, String, Object)
UnityEngine.DebugLogHandler:LogFormat(LogType, Object, String, Object[])
UnityEngine.Logger:Log(LogType, Object)
UnityEngine.Debug:Log(Object)
HighPrecisionStepperJuggler.ImageProcessingInstructionSender:Update()
 
(Filename: C:\build\output\unity\unity\Runtime/Export/Debug/Debug.bindings.h Line: 35)

Ball r, x, y :7, 312, 60
UnityEngine.DebugLogHandler:Internal_Log(LogType, LogOption, String, Object)
UnityEngine.DebugLogHandler:LogFormat(LogType, Object, String, Object[])
UnityEngine.Logger:Log(LogType, Object)
UnityEngine.Debug:Log(Object)
HighPrecisionStepperJuggler.ImageProcessingInstructionSender:Update()
 
(Filename: C:\build\output\unity\unity\Runtime/Export/Debug/Debug.bindings.h Line: 35)

Ball r, x, y :6.1, -167, 120
UnityEngine.DebugLogHandler:Internal_Log(LogType, LogOption, String, Object)
UnityEngine.DebugLogHandler:LogFormat(LogType, Object, String, Object[])
UnityEngine.Logger:Log(LogType, Object)
UnityEngine.Debug:Log(Object)
HighPrecisionStepperJuggler.ImageProcessingInstructionSender:Update()
 
(Filename: C:\build\output\unity\unity\Runtime/Export/Debug/Debug.bindings.h Line: 35)

Ball r, x, y :7.38, 312, 60
UnityEngine.DebugLogHandler:Internal_Log(LogType, LogOption, String, Object)
UnityEngine.DebugLogHandler:LogFormat(LogType, Object, String, Object[])
UnityEngine.Logger:Log(LogType, Object)
UnityEngine.Debug:Log(Object)
HighPrecisionStepperJuggler.ImageProcessingInstructionSender:Update()
 
(Filename: C:\build\output\unity\unity\Runtime/Export/Debug/Debug.bindings.h Line: 35)

Ball r, x, y :6.54, -167, 120
UnityEngine.DebugLogHandler:Internal_Log(LogType, LogOption, String, Object)
UnityEngine.DebugLogHandler:LogFormat(LogType, Object, String, Object[])
UnityEngine.Logger:Log(LogType, Object)
UnityEngine.Debug:Log(Object)
HighPrecisionStepperJuggler.ImageProcessingInstructionSender:Update()
 
(Filename: C:\build\output\unity\unity\Runtime/Export/Debug/Debug.bindings.h Line: 35)

Ball r, x, y :0.5, 320, 150
UnityEngine.DebugLogHandler:Internal_Log(LogType, LogOption, String, Object)
UnityEngine.DebugLogHandler:LogFormat(LogType, Object, String, Object[])
UnityEngine.Logger:Log(LogType, Object)
UnityEngine.Debug:Log(Object)
HighPrecisionStepperJuggler.ImageProcessingInstructionSender:Update()
 
(Filename: C:\build\output\unity\unity\Runtime/Export/Debug/Debug.bindings.h Line: 35)

Ball r, x, y :6.1, 313, 150
UnityEngine.DebugLogHandler:Internal_Log(LogType, LogOption, String, Object)
UnityEngine.DebugLogHandler:LogFormat(LogType, Object, String, Object[])
UnityEngine.Logger:Log(LogType, Object)
UnityEngine.Debug:Log(Object)
HighPrecisionStepperJuggler.ImageProcessingInstructionSender:Update()
 
(Filename: C:\build\output\unity\unity\Runtime/Export/Debug/Debug.bindings.h Line: 35)

Ball r, x, y :6.1, 313, 150
UnityEngine.DebugLogHandler:Internal_Log(LogType, LogOption, String, Object)
UnityEngine.DebugLogHandler:LogFormat(LogType, Object, String, Object[])
UnityEngine.Logger:Log(LogType, Object)
UnityEngine.Debug:Log(Object)
HighPrecisionStepperJuggler.ImageProcessingInstructionSender:Update()
 
(Filename: C:\build\output\unity\unity\Runtime/Export/Debug/Debug.bindings.h Line: 35)

Ball r, x, y :7, -168, 90
UnityEngine.DebugLogHandler:Internal_Log(LogType, LogOption, String, Object)
UnityEngine.DebugLogHandler:LogFormat(LogType, Object, String, Object[])
UnityEngine.Logger:Log(LogType, Object)
UnityEngine.Debug:Log(Object)
HighPrecisionStepperJuggler.ImageProcessingInstructionSender:Update()
 
(Filename: C:\build\output\unity\unity\Runtime/Export/Debug/Debug.bindings.h Line: 35)

Ball r, x, y :7.86, -169, 60
UnityEngine.DebugLogHandler:Internal_Log(LogType, LogOption, String, Object)
UnityEngine.DebugLogHandler:LogFormat(LogType, Object, String, Object[])
UnityEngine.Logger:Log(LogType, Object)
UnityEngine.Debug:Log(Object)
HighPrecisionStepperJuggler.ImageProcessingInstructionSender:Update()
 
(Filename: C:\build\output\unity\unity\Runtime/Export/Debug/Debug.bindings.h Line: 35)

Ball r, x, y :7.38, 312, 60
UnityEngine.DebugLogHandler:Internal_Log(LogType, LogOption, String, Object)
UnityEngine.DebugLogHandler:LogFormat(LogType, Object, String, Object[])
UnityEngine.Logger:Log(LogType, Object)
UnityEngine.Debug:Log(Object)
HighPrecisionStepperJuggler.ImageProcessingInstructionSender:Update()
 
(Filename: C:\build\output\unity\unity\Runtime/Export/Debug/Debug.bindings.h Line: 35)

Ball r, x, y :6.1, 313, 120
UnityEngine.DebugLogHandler:Internal_Log(LogType, LogOption, String, Object)
UnityEngine.DebugLogHandler:LogFormat(LogType, Object, String, Object[])
UnityEngine.Logger:Log(LogType, Object)
UnityEngine.Debug:Log(Object)
HighPrecisionStepperJuggler.ImageProcessingInstructionSender:Update()
 
(Filename: C:\build\output\unity\unity\Runtime/Export/Debug/Debug.bindings.h Line: 35)

Ball r, x, y :5.6, 314, 150
UnityEngine.DebugLogHandler:Internal_Log(LogType, LogOption, String, Object)
UnityEngine.DebugLogHandler:LogFormat(LogType, Object, String, Object[])
UnityEngine.Logger:Log(LogType, Object)
UnityEngine.Debug:Log(Object)
HighPrecisionStepperJuggler.ImageProcessingInstructionSender:Update()
 
(Filename: C:\build\output\unity\unity\Runtime/Export/Debug/Debug.bindings.h Line: 35)

Ball r, x, y :6.1, 313, 120
UnityEngine.DebugLogHandler:Internal_Log(LogType, LogOption, String, Object)
UnityEngine.DebugLogHandler:LogFormat(LogType, Object, String, Object[])
UnityEngine.Logger:Log(LogType, Object)
UnityEngine.Debug:Log(Object)
HighPrecisionStepperJuggler.ImageProcessingInstructionSender:Update()
 
(Filename: C:\build\output\unity\unity\Runtime/Export/Debug/Debug.bindings.h Line: 35)

Ball r, x, y :7.86, -169, 60
UnityEngine.DebugLogHandler:Internal_Log(LogType, LogOption, String, Object)
UnityEngine.DebugLogHandler:LogFormat(LogType, Object, String, Object[])
UnityEngine.Logger:Log(LogType, Object)
UnityEngine.Debug:Log(Object)
HighPrecisionStepperJuggler.ImageProcessingInstructionSender:Update()
 
(Filename: C:\build\output\unity\unity\Runtime/Export/Debug/Debug.bindings.h Line: 35)

Ball r, x, y :6.1, -167, 120
UnityEngine.DebugLogHandler:Internal_Log(LogType, LogOption, String, Object)
UnityEngine.DebugLogHandler:LogFormat(LogType, Object, String, Object[])
UnityEngine.Logger:Log(LogType, Object)
UnityEngine.Debug:Log(Object)
HighPrecisionStepperJuggler.ImageProcessingInstructionSender:Update()
 
(Filename: C:\build\output\unity\unity\Runtime/Export/Debug/Debug.bindings.h Line: 35)

Ball r, x, y :5.6, -166, 150
UnityEngine.DebugLogHandler:Internal_Log(LogType, LogOption, String, Object)
UnityEngine.DebugLogHandler:LogFormat(LogType, Object, String, Object[])
UnityEngine.Logger:Log(LogType, Object)
UnityEngine.Debug:Log(Object)
HighPrecisionStepperJuggler.ImageProcessingInstructionSender:Update()
 
(Filename: C:\build\output\unity\unity\Runtime/Export/Debug/Debug.bindings.h Line: 35)

Ball r, x, y :7.86, 311, 60
UnityEngine.DebugLogHandler:Internal_Log(LogType, LogOption, String, Object)
UnityEngine.DebugLogHandler:LogFormat(LogType, Object, String, Object[])
UnityEngine.Logger:Log(LogType, Object)
UnityEngine.Debug:Log(Object)
HighPrecisionStepperJuggler.ImageProcessingInstructionSender:Update()
 
(Filename: C:\build\output\unity\unity\Runtime/Export/Debug/Debug.bindings.h Line: 35)

Ball r, x, y :2.66, 317, 60
UnityEngine.DebugLogHandler:Internal_Log(LogType, LogOption, String, Object)
UnityEngine.DebugLogHandler:LogFormat(LogType, Object, String, Object[])
UnityEngine.Logger:Log(LogType, Object)
UnityEngine.Debug:Log(Object)
HighPrecisionStepperJuggler.ImageProcessingInstructionSender:Update()
 
(Filename: C:\build\output\unity\unity\Runtime/Export/Debug/Debug.bindings.h Line: 35)

Ball r, x, y :0, 0, 0
UnityEngine.DebugLogHandler:Internal_Log(LogType, LogOption, String, Object)
UnityEngine.DebugLogHandler:LogFormat(LogType, Object, String, Object[])
UnityEngine.Logger:Log(LogType, Object)
UnityEngine.Debug:Log(Object)
HighPrecisionStepperJuggler.ImageProcessingInstructionSender:Update()
 
(Filename: C:\build\output\unity\unity\Runtime/Export/Debug/Debug.bindings.h Line: 35)

Ball r, x, y :6.54, -167, 120
UnityEngine.DebugLogHandler:Internal_Log(LogType, LogOption, String, Object)
UnityEngine.DebugLogHandler:LogFormat(LogType, Object, String, Object[])
UnityEngine.Logger:Log(LogType, Object)
UnityEngine.Debug:Log(Object)
HighPrecisionStepperJuggler.ImageProcessingInstructionSender:Update()
 
(Filename: C:\build\output\unity\unity\Runtime/Export/Debug/Debug.bindings.h Line: 35)

Ball r, x, y :1.74, -162, 90
UnityEngine.DebugLogHandler:Internal_Log(LogType, LogOption, String, Object)
UnityEngine.DebugLogHandler:LogFormat(LogType, Object, String, Object[])
UnityEngine.Logger:Log(LogType, Object)
UnityEngine.Debug:Log(Object)
HighPrecisionStepperJuggler.ImageProcessingInstructionSender:Update()
 
(Filename: C:\build\output\unity\unity\Runtime/Export/Debug/Debug.bindings.h Line: 35)

Ball r, x, y :7.86, 311, 60
UnityEngine.DebugLogHandler:Internal_Log(LogType, LogOption, String, Object)
UnityEngine.DebugLogHandler:LogFormat(LogType, Object, String, Object[])
UnityEngine.Logger:Log(LogType, Object)
UnityEngine.Debug:Log(Object)
HighPrecisionStepperJuggler.ImageProcessingInstructionSender:Update()
 
(Filename: C:\build\output\unity\unity\Runtime/Export/Debug/Debug.bindings.h Line: 35)

Ball r, x, y :6.1, 313, 120
UnityEngine.DebugLogHandler:Internal_Log(LogType, LogOption, String, Object)
UnityEngine.DebugLogHandler:LogFormat(LogType, Object, String, Object[])
UnityEngine.Logger:Log(LogType, Object)
UnityEngine.Debug:Log(Object)
HighPrecisionStepperJuggler.ImageProcessingInstructionSender:Update()
 
(Filename: C:\build\output\unity\unity\Runtime/Export/Debug/Debug.bindings.h Line: 35)

Ball r, x, y :6.1, 313, 120
UnityEngine.DebugLogHandler:Internal_Log(LogType, LogOption, String, Object)
UnityEngine.DebugLogHandler:LogFormat(LogType, Object, String, Object[])
UnityEngine.Logger:Log(LogType, Object)
UnityEngine.Debug:Log(Object)
HighPrecisionStepperJuggler.ImageProcessingInstructionSender:Update()
 
(Filename: C:\build\output\unity\unity\Runtime/Export/Debug/Debug.bindings.h Line: 35)

Ball r, x, y :1.32, -161, 90
UnityEngine.DebugLogHandler:Internal_Log(LogType, LogOption, String, Object)
UnityEngine.DebugLogHandler:LogFormat(LogType, Object, String, Object[])
UnityEngine.Logger:Log(LogType, Object)
UnityEngine.Debug:Log(Object)
HighPrecisionStepperJuggler.ImageProcessingInstructionSender:Update()
 
(Filename: C:\build\output\unity\unity\Runtime/Export/Debug/Debug.bindings.h Line: 35)

Ball r, x, y :7.86, 311, 60
UnityEngine.DebugLogHandler:Internal_Log(LogType, LogOption, String, Object)
UnityEngine.DebugLogHandler:LogFormat(LogType, Object, String, Object[])
UnityEngine.Logger:Log(LogType, Object)
UnityEngine.Debug:Log(Object)
HighPrecisionStepperJuggler.ImageProcessingInstructionSender:Update()
 
(Filename: C:\build\output\unity\unity\Runtime/Export/Debug/Debug.bindings.h Line: 35)

Ball r, x, y :3.06, -163, 150
UnityEngine.DebugLogHandler:Internal_Log(LogType, LogOption, String, Object)
UnityEngine.DebugLogHandler:LogFormat(LogType, Object, String, Object[])
UnityEngine.Logger:Log(LogType, Object)
UnityEngine.Debug:Log(Object)
HighPrecisionStepperJuggler.ImageProcessingInstructionSender:Update()
 
(Filename: C:\build\output\unity\unity\Runtime/Export/Debug/Debug.bindings.h Line: 35)

Ball r, x, y :7.86, 311, 60
UnityEngine.DebugLogHandler:Internal_Log(LogType, LogOption, String, Object)
UnityEngine.DebugLogHandler:LogFormat(LogType, Object, String, Object[])
UnityEngine.Logger:Log(LogType, Object)
UnityEngine.Debug:Log(Object)
HighPrecisionStepperJuggler.ImageProcessingInstructionSender:Update()
 
(Filename: C:\build\output\unity\unity\Runtime/Export/Debug/Debug.bindings.h Line: 35)

Ball r, x, y :7.86, 311, 60
UnityEngine.DebugLogHandler:Internal_Log(LogType, LogOption, String, Object)
UnityEngine.DebugLogHandler:LogFormat(LogType, Object, String, Object[])
UnityEngine.Logger:Log(LogType, Object)
UnityEngine.Debug:Log(Object)
HighPrecisionStepperJuggler.ImageProcessingInstructionSender:Update()
 
(Filename: C:\build\output\unity\unity\Runtime/Export/Debug/Debug.bindings.h Line: 35)

Ball r, x, y :7.86, -169, 60
UnityEngine.DebugLogHandler:Internal_Log(LogType, LogOption, String, Object)
UnityEngine.DebugLogHandler:LogFormat(LogType, Object, String, Object[])
UnityEngine.Logger:Log(LogType, Object)
UnityEngine.Debug:Log(Object)
HighPrecisionStepperJuggler.ImageProcessingInstructionSender:Update()
 
(Filename: C:\build\output\unity\unity\Runtime/Export/Debug/Debug.bindings.h Line: 35)

Ball r, x, y :6.1, -167, 150
UnityEngine.DebugLogHandler:Internal_Log(LogType, LogOption, String, Object)
UnityEngine.DebugLogHandler:LogFormat(LogType, Object, String, Object[])
UnityEngine.Logger:Log(LogType, Object)
UnityEngine.Debug:Log(Object)
HighPrecisionStepperJuggler.ImageProcessingInstructionSender:Update()
 
(Filename: C:\build\output\unity\unity\Runtime/Export/Debug/Debug.bindings.h Line: 35)

Ball r, x, y :7.86, 311, 60
UnityEngine.DebugLogHandler:Internal_Log(LogType, LogOption, String, Object)
UnityEngine.DebugLogHandler:LogFormat(LogType, Object, String, Object[])
UnityEngine.Logger:Log(LogType, Object)
UnityEngine.Debug:Log(Object)
HighPrecisionStepperJuggler.ImageProcessingInstructionSender:Update()
 
(Filename: C:\build\output\unity\unity\Runtime/Export/Debug/Debug.bindings.h Line: 35)

Ball r, x, y :7.86, -169, 60
UnityEngine.DebugLogHandler:Internal_Log(LogType, LogOption, String, Object)
UnityEngine.DebugLogHandler:LogFormat(LogType, Object, String, Object[])
UnityEngine.Logger:Log(LogType, Object)
UnityEngine.Debug:Log(Object)
HighPrecisionStepperJuggler.ImageProcessingInstructionSender:Update()
 
(Filename: C:\build\output\unity\unity\Runtime/Export/Debug/Debug.bindings.h Line: 35)

Ball r, x, y :5.6, 314, 150
UnityEngine.DebugLogHandler:Internal_Log(LogType, LogOption, String, Object)
UnityEngine.DebugLogHandler:LogFormat(LogType, Object, String, Object[])
UnityEngine.Logger:Log(LogType, Object)
UnityEngine.Debug:Log(Object)
HighPrecisionStepperJuggler.ImageProcessingInstructionSender:Update()
 
(Filename: C:\build\output\unity\unity\Runtime/Export/Debug/Debug.bindings.h Line: 35)

Ball r, x, y :6.1, -167, 120
UnityEngine.DebugLogHandler:Internal_Log(LogType, LogOption, String, Object)
UnityEngine.DebugLogHandler:LogFormat(LogType, Object, String, Object[])
UnityEngine.Logger:Log(LogType, Object)
UnityEngine.Debug:Log(Object)
HighPrecisionStepperJuggler.ImageProcessingInstructionSender:Update()
 
(Filename: C:\build\output\unity\unity\Runtime/Export/Debug/Debug.bindings.h Line: 35)

Ball r, x, y :1.32, 319, 150
UnityEngine.DebugLogHandler:Internal_Log(LogType, LogOption, String, Object)
UnityEngine.DebugLogHandler:LogFormat(LogType, Object, String, Object[])
UnityEngine.Logger:Log(LogType, Object)
UnityEngine.Debug:Log(Object)
HighPrecisionStepperJuggler.ImageProcessingInstructionSender:Update()
 
(Filename: C:\build\output\unity\unity\Runtime/Export/Debug/Debug.bindings.h Line: 35)

Ball r, x, y :7.86, 311, 60
UnityEngine.DebugLogHandler:Internal_Log(LogType, LogOption, String, Object)
UnityEngine.DebugLogHandler:LogFormat(LogType, Object, String, Object[])
UnityEngine.Logger:Log(LogType, Object)
UnityEngine.Debug:Log(Object)
HighPrecisionStepperJuggler.ImageProcessingInstructionSender:Update()
 
(Filename: C:\build\output\unity\unity\Runtime/Export/Debug/Debug.bindings.h Line: 35)

Ball r, x, y :6.1, 313, 120
UnityEngine.DebugLogHandler:Internal_Log(LogType, LogOption, String, Object)
UnityEngine.DebugLogHandler:LogFormat(LogType, Object, String, Object[])
UnityEngine.Logger:Log(LogType, Object)
UnityEngine.Debug:Log(Object)
HighPrecisionStepperJuggler.ImageProcessingInstructionSender:Update()
 
(Filename: C:\build\output\unity\unity\Runtime/Export/Debug/Debug.bindings.h Line: 35)

Ball r, x, y :6.54, 313, 120
UnityEngine.DebugLogHandler:Internal_Log(LogType, LogOption, String, Object)
UnityEngine.DebugLogHandler:LogFormat(LogType, Object, String, Object[])
UnityEngine.Logger:Log(LogType, Object)
UnityEngine.Debug:Log(Object)
HighPrecisionStepperJuggler.ImageProcessingInstructionSender:Update()
 
(Filename: C:\build\output\unity\unity\Runtime/Export/Debug/Debug.bindings.h Line: 35)

Ball r, x, y :4.8, 315, 180
UnityEngine.DebugLogHandler:Internal_Log(LogType, LogOption, String, Object)
UnityEngine.DebugLogHandler:LogFormat(LogType, Object, String, Object[])
UnityEngine.Logger:Log(LogType, Object)
UnityEngine.Debug:Log(Object)
HighPrecisionStepperJuggler.ImageProcessingInstructionSender:Update()
 
(Filename: C:\build\output\unity\unity\Runtime/Export/Debug/Debug.bindings.h Line: 35)

Ball r, x, y :7.38, -168, 60
UnityEngine.DebugLogHandler:Internal_Log(LogType, LogOption, String, Object)
UnityEngine.DebugLogHandler:LogFormat(LogType, Object, String, Object[])
UnityEngine.Logger:Log(LogType, Object)
UnityEngine.Debug:Log(Object)
HighPrecisionStepperJuggler.ImageProcessingInstructionSender:Update()
 
(Filename: C:\build\output\unity\unity\Runtime/Export/Debug/Debug.bindings.h Line: 35)

Ball r, x, y :7.38, -168, 60
UnityEngine.DebugLogHandler:Internal_Log(LogType, LogOption, String, Object)
UnityEngine.DebugLogHandler:LogFormat(LogType, Object, String, Object[])
UnityEngine.Logger:Log(LogType, Object)
UnityEngine.Debug:Log(Object)
HighPrecisionStepperJuggler.ImageProcessingInstructionSender:Update()
 
(Filename: C:\build\output\unity\unity\Runtime/Export/Debug/Debug.bindings.h Line: 35)

Ball r, x, y :7.86, 311, 60
UnityEngine.DebugLogHandler:Internal_Log(LogType, LogOption, String, Object)
UnityEngine.DebugLogHandler:LogFormat(LogType, Object, String, Object[])
UnityEngine.Logger:Log(LogType, Object)
UnityEngine.Debug:Log(Object)
HighPrecisionStepperJuggler.ImageProcessingInstructionSender:Update()
 
(Filename: C:\build\output\unity\unity\Runtime/Export/Debug/Debug.bindings.h Line: 35)

Ball r, x, y :7.86, 311, 60
UnityEngine.DebugLogHandler:Internal_Log(LogType, LogOption, String, Object)
UnityEngine.DebugLogHandler:LogFormat(LogType, Object, String, Object[])
UnityEngine.Logger:Log(LogType, Object)
UnityEngine.Debug:Log(Object)
HighPrecisionStepperJuggler.ImageProcessingInstructionSender:Update()
 
(Filename: C:\build\output\unity\unity\Runtime/Export/Debug/Debug.bindings.h Line: 35)

Ball r, x, y :0, 0, 0
UnityEngine.DebugLogHandler:Internal_Log(LogType, LogOption, String, Object)
UnityEngine.DebugLogHandler:LogFormat(LogType, Object, String, Object[])
UnityEngine.Logger:Log(LogType, Object)
UnityEngine.Debug:Log(Object)
HighPrecisionStepperJuggler.ImageProcessingInstructionSender:Update()
 
(Filename: C:\build\output\unity\unity\Runtime/Export/Debug/Debug.bindings.h Line: 35)

Ball r, x, y :7.86, 311, 60
UnityEngine.DebugLogHandler:Internal_Log(LogType, LogOption, String, Object)
UnityEngine.DebugLogHandler:LogFormat(LogType, Object, String, Object[])
UnityEngine.Logger:Log(LogType, Object)
UnityEngine.Debug:Log(Object)
HighPrecisionStepperJuggler.ImageProcessingInstructionSender:Update()
 
(Filename: C:\build\output\unity\unity\Runtime/Export/Debug/Debug.bindings.h Line: 35)

Ball r, x, y :2.2, 318, 150
UnityEngine.DebugLogHandler:Internal_Log(LogType, LogOption, String, Object)
UnityEngine.DebugLogHandler:LogFormat(LogType, Object, String, Object[])
UnityEngine.Logger:Log(LogType, Object)
UnityEngine.Debug:Log(Object)
HighPrecisionStepperJuggler.ImageProcessingInstructionSender:Update()
 
(Filename: C:\build\output\unity\unity\Runtime/Export/Debug/Debug.bindings.h Line: 35)

Ball r, x, y :7.86, 311, 60
UnityEngine.DebugLogHandler:Internal_Log(LogType, LogOption, String, Object)
UnityEngine.DebugLogHandler:LogFormat(LogType, Object, String, Object[])
UnityEngine.Logger:Log(LogType, Object)
UnityEngine.Debug:Log(Object)
HighPrecisionStepperJuggler.ImageProcessingInstructionSender:Update()
 
(Filename: C:\build\output\unity\unity\Runtime/Export/Debug/Debug.bindings.h Line: 35)

Ball r, x, y :6.1, 313, 120
UnityEngine.DebugLogHandler:Internal_Log(LogType, LogOption, String, Object)
UnityEngine.DebugLogHandler:LogFormat(LogType, Object, String, Object[])
UnityEngine.Logger:Log(LogType, Object)
UnityEngine.Debug:Log(Object)
HighPrecisionStepperJuggler.ImageProcessingInstructionSender:Update()
 
(Filename: C:\build\output\unity\unity\Runtime/Export/Debug/Debug.bindings.h Line: 35)

Ball r, x, y :7.86, -169, 60
UnityEngine.DebugLogHandler:Internal_Log(LogType, LogOption, String, Object)
UnityEngine.DebugLogHandler:LogFormat(LogType, Object, String, Object[])
UnityEngine.Logger:Log(LogType, Object)
UnityEngine.Debug:Log(Object)
HighPrecisionStepperJuggler.ImageProcessingInstructionSender:Update()
 
(Filename: C:\build\output\unity\unity\Runtime/Export/Debug/Debug.bindings.h Line: 35)

Ball r, x, y :7.86, 311, 60
UnityEngine.DebugLogHandler:Internal_Log(LogType, LogOption, String, Object)
UnityEngine.DebugLogHandler:LogFormat(LogType, Object, String, Object[])
UnityEngine.Logger:Log(LogType, Object)
UnityEngine.Debug:Log(Object)
HighPrecisionStepperJuggler.ImageProcessingInstructionSender:Update()
 
(Filename: C:\build\output\unity\unity\Runtime/Export/Debug/Debug.bindings.h Line: 35)

Ball r, x, y :5.6, 314, 150
UnityEngine.DebugLogHandler:Internal_Log(LogType, LogOption, String, Object)
UnityEngine.DebugLogHandler:LogFormat(LogType, Object, String, Object[])
UnityEngine.Logger:Log(LogType, Object)
UnityEngine.Debug:Log(Object)
HighPrecisionStepperJuggler.ImageProcessingInstructionSender:Update()
 
(Filename: C:\build\output\unity\unity\Runtime/Export/Debug/Debug.bindings.h Line: 35)

Ball r, x, y :7.86, 311, 60
UnityEngine.DebugLogHandler:Internal_Log(LogType, LogOption, String, Object)
UnityEngine.DebugLogHandler:LogFormat(LogType, Object, String, Object[])
UnityEngine.Logger:Log(LogType, Object)
UnityEngine.Debug:Log(Object)
HighPrecisionStepperJuggler.ImageProcessingInstructionSender:Update()
 
(Filename: C:\build\output\unity\unity\Runtime/Export/Debug/Debug.bindings.h Line: 35)

Ball r, x, y :6.1, 313, 120
UnityEngine.DebugLogHandler:Internal_Log(LogType, LogOption, String, Object)
UnityEngine.DebugLogHandler:LogFormat(LogType, Object, String, Object[])
UnityEngine.Logger:Log(LogType, Object)
UnityEngine.Debug:Log(Object)
HighPrecisionStepperJuggler.ImageProcessingInstructionSender:Update()
 
(Filename: C:\build\output\unity\unity\Runtime/Export/Debug/Debug.bindings.h Line: 35)

Ball r, x, y :7.86, 311, 60
UnityEngine.DebugLogHandler:Internal_Log(LogType, LogOption, String, Object)
UnityEngine.DebugLogHandler:LogFormat(LogType, Object, String, Object[])
UnityEngine.Logger:Log(LogType, Object)
UnityEngine.Debug:Log(Object)
HighPrecisionStepperJuggler.ImageProcessingInstructionSender:Update()
 
(Filename: C:\build\output\unity\unity\Runtime/Export/Debug/Debug.bindings.h Line: 35)

Ball r, x, y :6.54, 313, 120
UnityEngine.DebugLogHandler:Internal_Log(LogType, LogOption, String, Object)
UnityEngine.DebugLogHandler:LogFormat(LogType, Object, String, Object[])
UnityEngine.Logger:Log(LogType, Object)
UnityEngine.Debug:Log(Object)
HighPrecisionStepperJuggler.ImageProcessingInstructionSender:Update()
 
(Filename: C:\build\output\unity\unity\Runtime/Export/Debug/Debug.bindings.h Line: 35)

Ball r, x, y :6.1, 313, 120
UnityEngine.DebugLogHandler:Internal_Log(LogType, LogOption, String, Object)
UnityEngine.DebugLogHandler:LogFormat(LogType, Object, String, Object[])
UnityEngine.Logger:Log(LogType, Object)
UnityEngine.Debug:Log(Object)
HighPrecisionStepperJuggler.ImageProcessingInstructionSender:Update()
 
(Filename: C:\build\output\unity\unity\Runtime/Export/Debug/Debug.bindings.h Line: 35)

Ball r, x, y :7.38, 312, 60
UnityEngine.DebugLogHandler:Internal_Log(LogType, LogOption, String, Object)
UnityEngine.DebugLogHandler:LogFormat(LogType, Object, String, Object[])
UnityEngine.Logger:Log(LogType, Object)
UnityEngine.Debug:Log(Object)
HighPrecisionStepperJuggler.ImageProcessingInstructionSender:Update()
 
(Filename: C:\build\output\unity\unity\Runtime/Export/Debug/Debug.bindings.h Line: 35)

Ball r, x, y :2.2, -162, 150
UnityEngine.DebugLogHandler:Internal_Log(LogType, LogOption, String, Object)
UnityEngine.DebugLogHandler:LogFormat(LogType, Object, String, Object[])
UnityEngine.Logger:Log(LogType, Object)
UnityEngine.Debug:Log(Object)
HighPrecisionStepperJuggler.ImageProcessingInstructionSender:Update()
 
(Filename: C:\build\output\unity\unity\Runtime/Export/Debug/Debug.bindings.h Line: 35)

Ball r, x, y :0.98, 319, 240
UnityEngine.DebugLogHandler:Internal_Log(LogType, LogOption, String, Object)
UnityEngine.DebugLogHandler:LogFormat(LogType, Object, String, Object[])
UnityEngine.Logger:Log(LogType, Object)
UnityEngine.Debug:Log(Object)
HighPrecisionStepperJuggler.ImageProcessingInstructionSender:Update()
 
(Filename: C:\build\output\unity\unity\Runtime/Export/Debug/Debug.bindings.h Line: 35)

Ball r, x, y :6.54, -167, 120
UnityEngine.DebugLogHandler:Internal_Log(LogType, LogOption, String, Object)
UnityEngine.DebugLogHandler:LogFormat(LogType, Object, String, Object[])
UnityEngine.Logger:Log(LogType, Object)
UnityEngine.Debug:Log(Object)
HighPrecisionStepperJuggler.ImageProcessingInstructionSender:Update()
 
(Filename: C:\build\output\unity\unity\Runtime/Export/Debug/Debug.bindings.h Line: 35)

Ball r, x, y :6.1, 313, 150
UnityEngine.DebugLogHandler:Internal_Log(LogType, LogOption, String, Object)
UnityEngine.DebugLogHandler:LogFormat(LogType, Object, String, Object[])
UnityEngine.Logger:Log(LogType, Object)
UnityEngine.Debug:Log(Object)
HighPrecisionStepperJuggler.ImageProcessingInstructionSender:Update()
 
(Filename: C:\build\output\unity\unity\Runtime/Export/Debug/Debug.bindings.h Line: 35)

Ball r, x, y :6.1, 313, 120
UnityEngine.DebugLogHandler:Internal_Log(LogType, LogOption, String, Object)
UnityEngine.DebugLogHandler:LogFormat(LogType, Object, String, Object[])
UnityEngine.Logger:Log(LogType, Object)
UnityEngine.Debug:Log(Object)
HighPrecisionStepperJuggler.ImageProcessingInstructionSender:Update()
 
(Filename: C:\build\output\unity\unity\Runtime/Export/Debug/Debug.bindings.h Line: 35)

Ball r, x, y :6.54, 313, 120
UnityEngine.DebugLogHandler:Internal_Log(LogType, LogOption, String, Object)
UnityEngine.DebugLogHandler:LogFormat(LogType, Object, String, Object[])
UnityEngine.Logger:Log(LogType, Object)
UnityEngine.Debug:Log(Object)
HighPrecisionStepperJuggler.ImageProcessingInstructionSender:Update()
 
(Filename: C:\build\output\unity\unity\Runtime/Export/Debug/Debug.bindings.h Line: 35)

Ball r, x, y :7.86, 311, 60
UnityEngine.DebugLogHandler:Internal_Log(LogType, LogOption, String, Object)
UnityEngine.DebugLogHandler:LogFormat(LogType, Object, String, Object[])
UnityEngine.Logger:Log(LogType, Object)
UnityEngine.Debug:Log(Object)
HighPrecisionStepperJuggler.ImageProcessingInstructionSender:Update()
 
(Filename: C:\build\output\unity\unity\Runtime/Export/Debug/Debug.bindings.h Line: 35)

Ball r, x, y :7.38, 312, 60
UnityEngine.DebugLogHandler:Internal_Log(LogType, LogOption, String, Object)
UnityEngine.DebugLogHandler:LogFormat(LogType, Object, String, Object[])
UnityEngine.Logger:Log(LogType, Object)
UnityEngine.Debug:Log(Object)
HighPrecisionStepperJuggler.ImageProcessingInstructionSender:Update()
 
(Filename: C:\build\output\unity\unity\Runtime/Export/Debug/Debug.bindings.h Line: 35)

Ball r, x, y :6.1, -167, 150
UnityEngine.DebugLogHandler:Internal_Log(LogType, LogOption, String, Object)
UnityEngine.DebugLogHandler:LogFormat(LogType, Object, String, Object[])
UnityEngine.Logger:Log(LogType, Object)
UnityEngine.Debug:Log(Object)
HighPrecisionStepperJuggler.ImageProcessingInstructionSender:Update()
 
(Filename: C:\build\output\unity\unity\Runtime/Export/Debug/Debug.bindings.h Line: 35)

Ball r, x, y :6.1, -167, 150
UnityEngine.DebugLogHandler:Internal_Log(LogType, LogOption, String, Object)
UnityEngine.DebugLogHandler:LogFormat(LogType, Object, String, Object[])
UnityEngine.Logger:Log(LogType, Object)
UnityEngine.Debug:Log(Object)
HighPrecisionStepperJuggler.ImageProcessingInstructionSender:Update()
 
(Filename: C:\build\output\unity\unity\Runtime/Export/Debug/Debug.bindings.h Line: 35)

Ball r, x, y :3.9, -164, 60
UnityEngine.DebugLogHandler:Internal_Log(LogType, LogOption, String, Object)
UnityEngine.DebugLogHandler:LogFormat(LogType, Object, String, Object[])
UnityEngine.Logger:Log(LogType, Object)
UnityEngine.Debug:Log(Object)
HighPrecisionStepperJuggler.ImageProcessingInstructionSender:Update()
 
(Filename: C:\build\output\unity\unity\Runtime/Export/Debug/Debug.bindings.h Line: 35)

Ball r, x, y :7.86, -169, 60
UnityEngine.DebugLogHandler:Internal_Log(LogType, LogOption, String, Object)
UnityEngine.DebugLogHandler:LogFormat(LogType, Object, String, Object[])
UnityEngine.Logger:Log(LogType, Object)
UnityEngine.Debug:Log(Object)
HighPrecisionStepperJuggler.ImageProcessingInstructionSender:Update()
 
(Filename: C:\build\output\unity\unity\Runtime/Export/Debug/Debug.bindings.h Line: 35)

Ball r, x, y :6.1, 313, 120
UnityEngine.DebugLogHandler:Internal_Log(LogType, LogOption, String, Object)
UnityEngine.DebugLogHandler:LogFormat(LogType, Object, String, Object[])
UnityEngine.Logger:Log(LogType, Object)
UnityEngine.Debug:Log(Object)
HighPrecisionStepperJuggler.ImageProcessingInstructionSender:Update()
 
(Filename: C:\build\output\unity\unity\Runtime/Export/Debug/Debug.bindings.h Line: 35)

Ball r, x, y :6.54, -167, 120
UnityEngine.DebugLogHandler:Internal_Log(LogType, LogOption, String, Object)
UnityEngine.DebugLogHandler:LogFormat(LogType, Object, String, Object[])
UnityEngine.Logger:Log(LogType, Object)
UnityEngine.Debug:Log(Object)
HighPrecisionStepperJuggler.ImageProcessingInstructionSender:Update()
 
(Filename: C:\build\output\unity\unity\Runtime/Export/Debug/Debug.bindings.h Line: 35)

Ball r, x, y :5.6, -166, 150
UnityEngine.DebugLogHandler:Internal_Log(LogType, LogOption, String, Object)
UnityEngine.DebugLogHandler:LogFormat(LogType, Object, String, Object[])
UnityEngine.Logger:Log(LogType, Object)
UnityEngine.Debug:Log(Object)
HighPrecisionStepperJuggler.ImageProcessingInstructionSender:Update()
 
(Filename: C:\build\output\unity\unity\Runtime/Export/Debug/Debug.bindings.h Line: 35)

Ball r, x, y :6.1, 313, 120
UnityEngine.DebugLogHandler:Internal_Log(LogType, LogOption, String, Object)
UnityEngine.DebugLogHandler:LogFormat(LogType, Object, String, Object[])
UnityEngine.Logger:Log(LogType, Object)
UnityEngine.Debug:Log(Object)
HighPrecisionStepperJuggler.ImageProcessingInstructionSender:Update()
 
(Filename: C:\build\output\unity\unity\Runtime/Export/Debug/Debug.bindings.h Line: 35)

Ball r, x, y :7.38, -168, 60
UnityEngine.DebugLogHandler:Internal_Log(LogType, LogOption, String, Object)
UnityEngine.DebugLogHandler:LogFormat(LogType, Object, String, Object[])
UnityEngine.Logger:Log(LogType, Object)
UnityEngine.Debug:Log(Object)
HighPrecisionStepperJuggler.ImageProcessingInstructionSender:Update()
 
(Filename: C:\build\output\unity\unity\Runtime/Export/Debug/Debug.bindings.h Line: 35)

Ball r, x, y :7.86, 311, 60
UnityEngine.DebugLogHandler:Internal_Log(LogType, LogOption, String, Object)
UnityEngine.DebugLogHandler:LogFormat(LogType, Object, String, Object[])
UnityEngine.Logger:Log(LogType, Object)
UnityEngine.Debug:Log(Object)
HighPrecisionStepperJuggler.ImageProcessingInstructionSender:Update()
 
(Filename: C:\build\output\unity\unity\Runtime/Export/Debug/Debug.bindings.h Line: 35)

Ball r, x, y :6.1, 313, 120
UnityEngine.DebugLogHandler:Internal_Log(LogType, LogOption, String, Object)
UnityEngine.DebugLogHandler:LogFormat(LogType, Object, String, Object[])
UnityEngine.Logger:Log(LogType, Object)
UnityEngine.Debug:Log(Object)
HighPrecisionStepperJuggler.ImageProcessingInstructionSender:Update()
 
(Filename: C:\build\output\unity\unity\Runtime/Export/Debug/Debug.bindings.h Line: 35)

Ball r, x, y :6.1, 313, 120
UnityEngine.DebugLogHandler:Internal_Log(LogType, LogOption, String, Object)
UnityEngine.DebugLogHandler:LogFormat(LogType, Object, String, Object[])
UnityEngine.Logger:Log(LogType, Object)
UnityEngine.Debug:Log(Object)
HighPrecisionStepperJuggler.ImageProcessingInstructionSender:Update()
 
(Filename: C:\build\output\unity\unity\Runtime/Export/Debug/Debug.bindings.h Line: 35)

Ball r, x, y :7.86, 311, 60
UnityEngine.DebugLogHandler:Internal_Log(LogType, LogOption, String, Object)
UnityEngine.DebugLogHandler:LogFormat(LogType, Object, String, Object[])
UnityEngine.Logger:Log(LogType, Object)
UnityEngine.Debug:Log(Object)
HighPrecisionStepperJuggler.ImageProcessingInstructionSender:Update()
 
(Filename: C:\build\output\unity\unity\Runtime/Export/Debug/Debug.bindings.h Line: 35)

Ball r, x, y :1.32, 319, 120
UnityEngine.DebugLogHandler:Internal_Log(LogType, LogOption, String, Object)
UnityEngine.DebugLogHandler:LogFormat(LogType, Object, String, Object[])
UnityEngine.Logger:Log(LogType, Object)
UnityEngine.Debug:Log(Object)
HighPrecisionStepperJuggler.ImageProcessingInstructionSender:Update()
 
(Filename: C:\build\output\unity\unity\Runtime/Export/Debug/Debug.bindings.h Line: 35)

Ball r, x, y :7.86, 311, 60
UnityEngine.DebugLogHandler:Internal_Log(LogType, LogOption, String, Object)
UnityEngine.DebugLogHandler:LogFormat(LogType, Object, String, Object[])
UnityEngine.Logger:Log(LogType, Object)
UnityEngine.Debug:Log(Object)
HighPrecisionStepperJuggler.ImageProcessingInstructionSender:Update()
 
(Filename: C:\build\output\unity\unity\Runtime/Export/Debug/Debug.bindings.h Line: 35)

Ball r, x, y :7.86, 311, 60
UnityEngine.DebugLogHandler:Internal_Log(LogType, LogOption, String, Object)
UnityEngine.DebugLogHandler:LogFormat(LogType, Object, String, Object[])
UnityEngine.Logger:Log(LogType, Object)
UnityEngine.Debug:Log(Object)
HighPrecisionStepperJuggler.ImageProcessingInstructionSender:Update()
 
(Filename: C:\build\output\unity\unity\Runtime/Export/Debug/Debug.bindings.h Line: 35)

Ball r, x, y :5.6, 314, 150
UnityEngine.DebugLogHandler:Internal_Log(LogType, LogOption, String, Object)
UnityEngine.DebugLogHandler:LogFormat(LogType, Object, String, Object[])
UnityEngine.Logger:Log(LogType, Object)
UnityEngine.Debug:Log(Object)
HighPrecisionStepperJuggler.ImageProcessingInstructionSender:Update()
 
(Filename: C:\build\output\unity\unity\Runtime/Export/Debug/Debug.bindings.h Line: 35)

Ball r, x, y :7.86, -169, 60
UnityEngine.DebugLogHandler:Internal_Log(LogType, LogOption, String, Object)
UnityEngine.DebugLogHandler:LogFormat(LogType, Object, String, Object[])
UnityEngine.Logger:Log(LogType, Object)
UnityEngine.Debug:Log(Object)
HighPrecisionStepperJuggler.ImageProcessingInstructionSender:Update()
 
(Filename: C:\build\output\unity\unity\Runtime/Export/Debug/Debug.bindings.h Line: 35)

Ball r, x, y :1.74, 318, 120
UnityEngine.DebugLogHandler:Internal_Log(LogType, LogOption, String, Object)
UnityEngine.DebugLogHandler:LogFormat(LogType, Object, String, Object[])
UnityEngine.Logger:Log(LogType, Object)
UnityEngine.Debug:Log(Object)
HighPrecisionStepperJuggler.ImageProcessingInstructionSender:Update()
 
(Filename: C:\build\output\unity\unity\Runtime/Export/Debug/Debug.bindings.h Line: 35)

Ball r, x, y :7, -168, 60
UnityEngine.DebugLogHandler:Internal_Log(LogType, LogOption, String, Object)
UnityEngine.DebugLogHandler:LogFormat(LogType, Object, String, Object[])
UnityEngine.Logger:Log(LogType, Object)
UnityEngine.Debug:Log(Object)
HighPrecisionStepperJuggler.ImageProcessingInstructionSender:Update()
 
(Filename: C:\build\output\unity\unity\Runtime/Export/Debug/Debug.bindings.h Line: 35)

Ball r, x, y :6.1, 313, 120
UnityEngine.DebugLogHandler:Internal_Log(LogType, LogOption, String, Object)
UnityEngine.DebugLogHandler:LogFormat(LogType, Object, String, Object[])
UnityEngine.Logger:Log(LogType, Object)
UnityEngine.Debug:Log(Object)
HighPrecisionStepperJuggler.ImageProcessingInstructionSender:Update()
 
(Filename: C:\build\output\unity\unity\Runtime/Export/Debug/Debug.bindings.h Line: 35)

Ball r, x, y :7.86, 311, 60
UnityEngine.DebugLogHandler:Internal_Log(LogType, LogOption, String, Object)
UnityEngine.DebugLogHandler:LogFormat(LogType, Object, String, Object[])
UnityEngine.Logger:Log(LogType, Object)
UnityEngine.Debug:Log(Object)
HighPrecisionStepperJuggler.ImageProcessingInstructionSender:Update()
 
(Filename: C:\build\output\unity\unity\Runtime/Export/Debug/Debug.bindings.h Line: 35)

Ball r, x, y :6.1, 313, 120
UnityEngine.DebugLogHandler:Internal_Log(LogType, LogOption, String, Object)
UnityEngine.DebugLogHandler:LogFormat(LogType, Object, String, Object[])
UnityEngine.Logger:Log(LogType, Object)
UnityEngine.Debug:Log(Object)
HighPrecisionStepperJuggler.ImageProcessingInstructionSender:Update()
 
(Filename: C:\build\output\unity\unity\Runtime/Export/Debug/Debug.bindings.h Line: 35)

Ball r, x, y :7.38, 312, 90
UnityEngine.DebugLogHandler:Internal_Log(LogType, LogOption, String, Object)
UnityEngine.DebugLogHandler:LogFormat(LogType, Object, String, Object[])
UnityEngine.Logger:Log(LogType, Object)
UnityEngine.Debug:Log(Object)
HighPrecisionStepperJuggler.ImageProcessingInstructionSender:Update()
 
(Filename: C:\build\output\unity\unity\Runtime/Export/Debug/Debug.bindings.h Line: 35)

Ball r, x, y :7.86, -169, 60
UnityEngine.DebugLogHandler:Internal_Log(LogType, LogOption, String, Object)
UnityEngine.DebugLogHandler:LogFormat(LogType, Object, String, Object[])
UnityEngine.Logger:Log(LogType, Object)
UnityEngine.Debug:Log(Object)
HighPrecisionStepperJuggler.ImageProcessingInstructionSender:Update()
 
(Filename: C:\build\output\unity\unity\Runtime/Export/Debug/Debug.bindings.h Line: 35)

Ball r, x, y :0, 0, 0
UnityEngine.DebugLogHandler:Internal_Log(LogType, LogOption, String, Object)
UnityEngine.DebugLogHandler:LogFormat(LogType, Object, String, Object[])
UnityEngine.Logger:Log(LogType, Object)
UnityEngine.Debug:Log(Object)
HighPrecisionStepperJuggler.ImageProcessingInstructionSender:Update()
 
(Filename: C:\build\output\unity\unity\Runtime/Export/Debug/Debug.bindings.h Line: 35)

Ball r, x, y :7.86, 311, 60
UnityEngine.DebugLogHandler:Internal_Log(LogType, LogOption, String, Object)
UnityEngine.DebugLogHandler:LogFormat(LogType, Object, String, Object[])
UnityEngine.Logger:Log(LogType, Object)
UnityEngine.Debug:Log(Object)
HighPrecisionStepperJuggler.ImageProcessingInstructionSender:Update()
 
(Filename: C:\build\output\unity\unity\Runtime/Export/Debug/Debug.bindings.h Line: 35)

Ball r, x, y :6.1, 313, 120
UnityEngine.DebugLogHandler:Internal_Log(LogType, LogOption, String, Object)
UnityEngine.DebugLogHandler:LogFormat(LogType, Object, String, Object[])
UnityEngine.Logger:Log(LogType, Object)
UnityEngine.Debug:Log(Object)
HighPrecisionStepperJuggler.ImageProcessingInstructionSender:Update()
 
(Filename: C:\build\output\unity\unity\Runtime/Export/Debug/Debug.bindings.h Line: 35)

Ball r, x, y :2.2, -162, 90
UnityEngine.DebugLogHandler:Internal_Log(LogType, LogOption, String, Object)
UnityEngine.DebugLogHandler:LogFormat(LogType, Object, String, Object[])
UnityEngine.Logger:Log(LogType, Object)
UnityEngine.Debug:Log(Object)
HighPrecisionStepperJuggler.ImageProcessingInstructionSender:Update()
 
(Filename: C:\build\output\unity\unity\Runtime/Export/Debug/Debug.bindings.h Line: 35)

Ball r, x, y :7.86, 311, 60
UnityEngine.DebugLogHandler:Internal_Log(LogType, LogOption, String, Object)
UnityEngine.DebugLogHandler:LogFormat(LogType, Object, String, Object[])
UnityEngine.Logger:Log(LogType, Object)
UnityEngine.Debug:Log(Object)
HighPrecisionStepperJuggler.ImageProcessingInstructionSender:Update()
 
(Filename: C:\build\output\unity\unity\Runtime/Export/Debug/Debug.bindings.h Line: 35)

Ball r, x, y :5.6, 314, 150
UnityEngine.DebugLogHandler:Internal_Log(LogType, LogOption, String, Object)
UnityEngine.DebugLogHandler:LogFormat(LogType, Object, String, Object[])
UnityEngine.Logger:Log(LogType, Object)
UnityEngine.Debug:Log(Object)
HighPrecisionStepperJuggler.ImageProcessingInstructionSender:Update()
 
(Filename: C:\build\output\unity\unity\Runtime/Export/Debug/Debug.bindings.h Line: 35)

Ball r, x, y :7.86, -169, 60
UnityEngine.DebugLogHandler:Internal_Log(LogType, LogOption, String, Object)
UnityEngine.DebugLogHandler:LogFormat(LogType, Object, String, Object[])
UnityEngine.Logger:Log(LogType, Object)
UnityEngine.Debug:Log(Object)
HighPrecisionStepperJuggler.ImageProcessingInstructionSender:Update()
 
(Filename: C:\build\output\unity\unity\Runtime/Export/Debug/Debug.bindings.h Line: 35)

Ball r, x, y :6.1, -167, 120
UnityEngine.DebugLogHandler:Internal_Log(LogType, LogOption, String, Object)
UnityEngine.DebugLogHandler:LogFormat(LogType, Object, String, Object[])
UnityEngine.Logger:Log(LogType, Object)
UnityEngine.Debug:Log(Object)
HighPrecisionStepperJuggler.ImageProcessingInstructionSender:Update()
 
(Filename: C:\build\output\unity\unity\Runtime/Export/Debug/Debug.bindings.h Line: 35)

Ball r, x, y :7.86, -169, 60
UnityEngine.DebugLogHandler:Internal_Log(LogType, LogOption, String, Object)
UnityEngine.DebugLogHandler:LogFormat(LogType, Object, String, Object[])
UnityEngine.Logger:Log(LogType, Object)
UnityEngine.Debug:Log(Object)
HighPrecisionStepperJuggler.ImageProcessingInstructionSender:Update()
 
(Filename: C:\build\output\unity\unity\Runtime/Export/Debug/Debug.bindings.h Line: 35)

Ball r, x, y :6.1, 313, 120
UnityEngine.DebugLogHandler:Internal_Log(LogType, LogOption, String, Object)
UnityEngine.DebugLogHandler:LogFormat(LogType, Object, String, Object[])
UnityEngine.Logger:Log(LogType, Object)
UnityEngine.Debug:Log(Object)
HighPrecisionStepperJuggler.ImageProcessingInstructionSender:Update()
 
(Filename: C:\build\output\unity\unity\Runtime/Export/Debug/Debug.bindings.h Line: 35)

Ball r, x, y :6.1, -167, 120
UnityEngine.DebugLogHandler:Internal_Log(LogType, LogOption, String, Object)
UnityEngine.DebugLogHandler:LogFormat(LogType, Object, String, Object[])
UnityEngine.Logger:Log(LogType, Object)
UnityEngine.Debug:Log(Object)
HighPrecisionStepperJuggler.ImageProcessingInstructionSender:Update()
 
(Filename: C:\build\output\unity\unity\Runtime/Export/Debug/Debug.bindings.h Line: 35)

Ball r, x, y :6.1, 313, 120
UnityEngine.DebugLogHandler:Internal_Log(LogType, LogOption, String, Object)
UnityEngine.DebugLogHandler:LogFormat(LogType, Object, String, Object[])
UnityEngine.Logger:Log(LogType, Object)
UnityEngine.Debug:Log(Object)
HighPrecisionStepperJuggler.ImageProcessingInstructionSender:Update()
 
(Filename: C:\build\output\unity\unity\Runtime/Export/Debug/Debug.bindings.h Line: 35)

Ball r, x, y :7.38, 312, 60
UnityEngine.DebugLogHandler:Internal_Log(LogType, LogOption, String, Object)
UnityEngine.DebugLogHandler:LogFormat(LogType, Object, String, Object[])
UnityEngine.Logger:Log(LogType, Object)
UnityEngine.Debug:Log(Object)
HighPrecisionStepperJuggler.ImageProcessingInstructionSender:Update()
 
(Filename: C:\build\output\unity\unity\Runtime/Export/Debug/Debug.bindings.h Line: 35)

Ball r, x, y :1.32, 319, 150
UnityEngine.DebugLogHandler:Internal_Log(LogType, LogOption, String, Object)
UnityEngine.DebugLogHandler:LogFormat(LogType, Object, String, Object[])
UnityEngine.Logger:Log(LogType, Object)
UnityEngine.Debug:Log(Object)
HighPrecisionStepperJuggler.ImageProcessingInstructionSender:Update()
 
(Filename: C:\build\output\unity\unity\Runtime/Export/Debug/Debug.bindings.h Line: 35)

Ball r, x, y :5.6, -166, 150
UnityEngine.DebugLogHandler:Internal_Log(LogType, LogOption, String, Object)
UnityEngine.DebugLogHandler:LogFormat(LogType, Object, String, Object[])
UnityEngine.Logger:Log(LogType, Object)
UnityEngine.Debug:Log(Object)
HighPrecisionStepperJuggler.ImageProcessingInstructionSender:Update()
 
(Filename: C:\build\output\unity\unity\Runtime/Export/Debug/Debug.bindings.h Line: 35)

Ball r, x, y :7.86, 311, 60
UnityEngine.DebugLogHandler:Internal_Log(LogType, LogOption, String, Object)
UnityEngine.DebugLogHandler:LogFormat(LogType, Object, String, Object[])
UnityEngine.Logger:Log(LogType, Object)
UnityEngine.Debug:Log(Object)
HighPrecisionStepperJuggler.ImageProcessingInstructionSender:Update()
 
(Filename: C:\build\output\unity\unity\Runtime/Export/Debug/Debug.bindings.h Line: 35)

Ball r, x, y :6.1, 313, 120
UnityEngine.DebugLogHandler:Internal_Log(LogType, LogOption, String, Object)
UnityEngine.DebugLogHandler:LogFormat(LogType, Object, String, Object[])
UnityEngine.Logger:Log(LogType, Object)
UnityEngine.Debug:Log(Object)
HighPrecisionStepperJuggler.ImageProcessingInstructionSender:Update()
 
(Filename: C:\build\output\unity\unity\Runtime/Export/Debug/Debug.bindings.h Line: 35)

Ball r, x, y :6.54, 313, 120
UnityEngine.DebugLogHandler:Internal_Log(LogType, LogOption, String, Object)
UnityEngine.DebugLogHandler:LogFormat(LogType, Object, String, Object[])
UnityEngine.Logger:Log(LogType, Object)
UnityEngine.Debug:Log(Object)
HighPrecisionStepperJuggler.ImageProcessingInstructionSender:Update()
 
(Filename: C:\build\output\unity\unity\Runtime/Export/Debug/Debug.bindings.h Line: 35)

Ball r, x, y :6.54, -167, 120
UnityEngine.DebugLogHandler:Internal_Log(LogType, LogOption, String, Object)
UnityEngine.DebugLogHandler:LogFormat(LogType, Object, String, Object[])
UnityEngine.Logger:Log(LogType, Object)
UnityEngine.Debug:Log(Object)
HighPrecisionStepperJuggler.ImageProcessingInstructionSender:Update()
 
(Filename: C:\build\output\unity\unity\Runtime/Export/Debug/Debug.bindings.h Line: 35)

Ball r, x, y :6.54, -167, 120
UnityEngine.DebugLogHandler:Internal_Log(LogType, LogOption, String, Object)
UnityEngine.DebugLogHandler:LogFormat(LogType, Object, String, Object[])
UnityEngine.Logger:Log(LogType, Object)
UnityEngine.Debug:Log(Object)
HighPrecisionStepperJuggler.ImageProcessingInstructionSender:Update()
 
(Filename: C:\build\output\unity\unity\Runtime/Export/Debug/Debug.bindings.h Line: 35)

Ball r, x, y :7.86, -169, 60
UnityEngine.DebugLogHandler:Internal_Log(LogType, LogOption, String, Object)
UnityEngine.DebugLogHandler:LogFormat(LogType, Object, String, Object[])
UnityEngine.Logger:Log(LogType, Object)
UnityEngine.Debug:Log(Object)
HighPrecisionStepperJuggler.ImageProcessingInstructionSender:Update()
 
(Filename: C:\build\output\unity\unity\Runtime/Export/Debug/Debug.bindings.h Line: 35)

Ball r, x, y :7.86, 311, 60
UnityEngine.DebugLogHandler:Internal_Log(LogType, LogOption, String, Object)
UnityEngine.DebugLogHandler:LogFormat(LogType, Object, String, Object[])
UnityEngine.Logger:Log(LogType, Object)
UnityEngine.Debug:Log(Object)
HighPrecisionStepperJuggler.ImageProcessingInstructionSender:Update()
 
(Filename: C:\build\output\unity\unity\Runtime/Export/Debug/Debug.bindings.h Line: 35)

Ball r, x, y :1.32, -161, 90
UnityEngine.DebugLogHandler:Internal_Log(LogType, LogOption, String, Object)
UnityEngine.DebugLogHandler:LogFormat(LogType, Object, String, Object[])
UnityEngine.Logger:Log(LogType, Object)
UnityEngine.Debug:Log(Object)
HighPrecisionStepperJuggler.ImageProcessingInstructionSender:Update()
 
(Filename: C:\build\output\unity\unity\Runtime/Export/Debug/Debug.bindings.h Line: 35)

Ball r, x, y :7.86, -169, 60
UnityEngine.DebugLogHandler:Internal_Log(LogType, LogOption, String, Object)
UnityEngine.DebugLogHandler:LogFormat(LogType, Object, String, Object[])
UnityEngine.Logger:Log(LogType, Object)
UnityEngine.Debug:Log(Object)
HighPrecisionStepperJuggler.ImageProcessingInstructionSender:Update()
 
(Filename: C:\build\output\unity\unity\Runtime/Export/Debug/Debug.bindings.h Line: 35)

Ball r, x, y :7.86, -169, 60
UnityEngine.DebugLogHandler:Internal_Log(LogType, LogOption, String, Object)
UnityEngine.DebugLogHandler:LogFormat(LogType, Object, String, Object[])
UnityEngine.Logger:Log(LogType, Object)
UnityEngine.Debug:Log(Object)
HighPrecisionStepperJuggler.ImageProcessingInstructionSender:Update()
 
(Filename: C:\build\output\unity\unity\Runtime/Export/Debug/Debug.bindings.h Line: 35)

Ball r, x, y :6.1, 313, 150
UnityEngine.DebugLogHandler:Internal_Log(LogType, LogOption, String, Object)
UnityEngine.DebugLogHandler:LogFormat(LogType, Object, String, Object[])
UnityEngine.Logger:Log(LogType, Object)
UnityEngine.Debug:Log(Object)
HighPrecisionStepperJuggler.ImageProcessingInstructionSender:Update()
 
(Filename: C:\build\output\unity\unity\Runtime/Export/Debug/Debug.bindings.h Line: 35)

Ball r, x, y :6.1, 313, 120
UnityEngine.DebugLogHandler:Internal_Log(LogType, LogOption, String, Object)
UnityEngine.DebugLogHandler:LogFormat(LogType, Object, String, Object[])
UnityEngine.Logger:Log(LogType, Object)
UnityEngine.Debug:Log(Object)
HighPrecisionStepperJuggler.ImageProcessingInstructionSender:Update()
 
(Filename: C:\build\output\unity\unity\Runtime/Export/Debug/Debug.bindings.h Line: 35)

Ball r, x, y :7.86, 311, 60
UnityEngine.DebugLogHandler:Internal_Log(LogType, LogOption, String, Object)
UnityEngine.DebugLogHandler:LogFormat(LogType, Object, String, Object[])
UnityEngine.Logger:Log(LogType, Object)
UnityEngine.Debug:Log(Object)
HighPrecisionStepperJuggler.ImageProcessingInstructionSender:Update()
 
(Filename: C:\build\output\unity\unity\Runtime/Export/Debug/Debug.bindings.h Line: 35)

Ball r, x, y :6.54, 313, 60
UnityEngine.DebugLogHandler:Internal_Log(LogType, LogOption, String, Object)
UnityEngine.DebugLogHandler:LogFormat(LogType, Object, String, Object[])
UnityEngine.Logger:Log(LogType, Object)
UnityEngine.Debug:Log(Object)
HighPrecisionStepperJuggler.ImageProcessingInstructionSender:Update()
 
(Filename: C:\build\output\unity\unity\Runtime/Export/Debug/Debug.bindings.h Line: 35)

Ball r, x, y :5.3, -166, 150
UnityEngine.DebugLogHandler:Internal_Log(LogType, LogOption, String, Object)
UnityEngine.DebugLogHandler:LogFormat(LogType, Object, String, Object[])
UnityEngine.Logger:Log(LogType, Object)
UnityEngine.Debug:Log(Object)
HighPrecisionStepperJuggler.ImageProcessingInstructionSender:Update()
 
(Filename: C:\build\output\unity\unity\Runtime/Export/Debug/Debug.bindings.h Line: 35)

Ball r, x, y :4.8, 315, 90
UnityEngine.DebugLogHandler:Internal_Log(LogType, LogOption, String, Object)
UnityEngine.DebugLogHandler:LogFormat(LogType, Object, String, Object[])
UnityEngine.Logger:Log(LogType, Object)
UnityEngine.Debug:Log(Object)
HighPrecisionStepperJuggler.ImageProcessingInstructionSender:Update()
 
(Filename: C:\build\output\unity\unity\Runtime/Export/Debug/Debug.bindings.h Line: 35)

Ball r, x, y :5.6, 314, 150
UnityEngine.DebugLogHandler:Internal_Log(LogType, LogOption, String, Object)
UnityEngine.DebugLogHandler:LogFormat(LogType, Object, String, Object[])
UnityEngine.Logger:Log(LogType, Object)
UnityEngine.Debug:Log(Object)
HighPrecisionStepperJuggler.ImageProcessingInstructionSender:Update()
 
(Filename: C:\build\output\unity\unity\Runtime/Export/Debug/Debug.bindings.h Line: 35)

Ball r, x, y :7.38, 312, 60
UnityEngine.DebugLogHandler:Internal_Log(LogType, LogOption, String, Object)
UnityEngine.DebugLogHandler:LogFormat(LogType, Object, String, Object[])
UnityEngine.Logger:Log(LogType, Object)
UnityEngine.Debug:Log(Object)
HighPrecisionStepperJuggler.ImageProcessingInstructionSender:Update()
 
(Filename: C:\build\output\unity\unity\Runtime/Export/Debug/Debug.bindings.h Line: 35)

Ball r, x, y :7.86, -169, 60
UnityEngine.DebugLogHandler:Internal_Log(LogType, LogOption, String, Object)
UnityEngine.DebugLogHandler:LogFormat(LogType, Object, String, Object[])
UnityEngine.Logger:Log(LogType, Object)
UnityEngine.Debug:Log(Object)
HighPrecisionStepperJuggler.ImageProcessingInstructionSender:Update()
 
(Filename: C:\build\output\unity\unity\Runtime/Export/Debug/Debug.bindings.h Line: 35)

Ball r, x, y :1.32, 319, 120
UnityEngine.DebugLogHandler:Internal_Log(LogType, LogOption, String, Object)
UnityEngine.DebugLogHandler:LogFormat(LogType, Object, String, Object[])
UnityEngine.Logger:Log(LogType, Object)
UnityEngine.Debug:Log(Object)
HighPrecisionStepperJuggler.ImageProcessingInstructionSender:Update()
 
(Filename: C:\build\output\unity\unity\Runtime/Export/Debug/Debug.bindings.h Line: 35)

Ball r, x, y :7.38, 312, 60
UnityEngine.DebugLogHandler:Internal_Log(LogType, LogOption, String, Object)
UnityEngine.DebugLogHandler:LogFormat(LogType, Object, String, Object[])
UnityEngine.Logger:Log(LogType, Object)
UnityEngine.Debug:Log(Object)
HighPrecisionStepperJuggler.ImageProcessingInstructionSender:Update()
 
(Filename: C:\build\output\unity\unity\Runtime/Export/Debug/Debug.bindings.h Line: 35)

Ball r, x, y :7.86, 311, 60
UnityEngine.DebugLogHandler:Internal_Log(LogType, LogOption, String, Object)
UnityEngine.DebugLogHandler:LogFormat(LogType, Object, String, Object[])
UnityEngine.Logger:Log(LogType, Object)
UnityEngine.Debug:Log(Object)
HighPrecisionStepperJuggler.ImageProcessingInstructionSender:Update()
 
(Filename: C:\build\output\unity\unity\Runtime/Export/Debug/Debug.bindings.h Line: 35)

Ball r, x, y :6.1, 313, 120
UnityEngine.DebugLogHandler:Internal_Log(LogType, LogOption, String, Object)
UnityEngine.DebugLogHandler:LogFormat(LogType, Object, String, Object[])
UnityEngine.Logger:Log(LogType, Object)
UnityEngine.Debug:Log(Object)
HighPrecisionStepperJuggler.ImageProcessingInstructionSender:Update()
 
(Filename: C:\build\output\unity\unity\Runtime/Export/Debug/Debug.bindings.h Line: 35)

Ball r, x, y :7.38, 312, 60
UnityEngine.DebugLogHandler:Internal_Log(LogType, LogOption, String, Object)
UnityEngine.DebugLogHandler:LogFormat(LogType, Object, String, Object[])
UnityEngine.Logger:Log(LogType, Object)
UnityEngine.Debug:Log(Object)
HighPrecisionStepperJuggler.ImageProcessingInstructionSender:Update()
 
(Filename: C:\build\output\unity\unity\Runtime/Export/Debug/Debug.bindings.h Line: 35)

Ball r, x, y :5.3, 314, 150
UnityEngine.DebugLogHandler:Internal_Log(LogType, LogOption, String, Object)
UnityEngine.DebugLogHandler:LogFormat(LogType, Object, String, Object[])
UnityEngine.Logger:Log(LogType, Object)
UnityEngine.Debug:Log(Object)
HighPrecisionStepperJuggler.ImageProcessingInstructionSender:Update()
 
(Filename: C:\build\output\unity\unity\Runtime/Export/Debug/Debug.bindings.h Line: 35)

Ball r, x, y :7.86, -169, 60
UnityEngine.DebugLogHandler:Internal_Log(LogType, LogOption, String, Object)
UnityEngine.DebugLogHandler:LogFormat(LogType, Object, String, Object[])
UnityEngine.Logger:Log(LogType, Object)
UnityEngine.Debug:Log(Object)
HighPrecisionStepperJuggler.ImageProcessingInstructionSender:Update()
 
(Filename: C:\build\output\unity\unity\Runtime/Export/Debug/Debug.bindings.h Line: 35)

Ball r, x, y :5.6, 314, 150
UnityEngine.DebugLogHandler:Internal_Log(LogType, LogOption, String, Object)
UnityEngine.DebugLogHandler:LogFormat(LogType, Object, String, Object[])
UnityEngine.Logger:Log(LogType, Object)
UnityEngine.Debug:Log(Object)
HighPrecisionStepperJuggler.ImageProcessingInstructionSender:Update()
 
(Filename: C:\build\output\unity\unity\Runtime/Export/Debug/Debug.bindings.h Line: 35)

Ball r, x, y :1.32, -161, 180
UnityEngine.DebugLogHandler:Internal_Log(LogType, LogOption, String, Object)
UnityEngine.DebugLogHandler:LogFormat(LogType, Object, String, Object[])
UnityEngine.Logger:Log(LogType, Object)
UnityEngine.Debug:Log(Object)
HighPrecisionStepperJuggler.ImageProcessingInstructionSender:Update()
 
(Filename: C:\build\output\unity\unity\Runtime/Export/Debug/Debug.bindings.h Line: 35)

Ball r, x, y :7.86, 311, 60
UnityEngine.DebugLogHandler:Internal_Log(LogType, LogOption, String, Object)
UnityEngine.DebugLogHandler:LogFormat(LogType, Object, String, Object[])
UnityEngine.Logger:Log(LogType, Object)
UnityEngine.Debug:Log(Object)
HighPrecisionStepperJuggler.ImageProcessingInstructionSender:Update()
 
(Filename: C:\build\output\unity\unity\Runtime/Export/Debug/Debug.bindings.h Line: 35)

Ball r, x, y :5.6, 314, 150
UnityEngine.DebugLogHandler:Internal_Log(LogType, LogOption, String, Object)
UnityEngine.DebugLogHandler:LogFormat(LogType, Object, String, Object[])
UnityEngine.Logger:Log(LogType, Object)
UnityEngine.Debug:Log(Object)
HighPrecisionStepperJuggler.ImageProcessingInstructionSender:Update()
 
(Filename: C:\build\output\unity\unity\Runtime/Export/Debug/Debug.bindings.h Line: 35)

Ball r, x, y :6.1, 313, 120
UnityEngine.DebugLogHandler:Internal_Log(LogType, LogOption, String, Object)
UnityEngine.DebugLogHandler:LogFormat(LogType, Object, String, Object[])
UnityEngine.Logger:Log(LogType, Object)
UnityEngine.Debug:Log(Object)
HighPrecisionStepperJuggler.ImageProcessingInstructionSender:Update()
 
(Filename: C:\build\output\unity\unity\Runtime/Export/Debug/Debug.bindings.h Line: 35)

Ball r, x, y :7.86, -169, 60
UnityEngine.DebugLogHandler:Internal_Log(LogType, LogOption, String, Object)
UnityEngine.DebugLogHandler:LogFormat(LogType, Object, String, Object[])
UnityEngine.Logger:Log(LogType, Object)
UnityEngine.Debug:Log(Object)
HighPrecisionStepperJuggler.ImageProcessingInstructionSender:Update()
 
(Filename: C:\build\output\unity\unity\Runtime/Export/Debug/Debug.bindings.h Line: 35)

Ball r, x, y :7.86, 311, 60
UnityEngine.DebugLogHandler:Internal_Log(LogType, LogOption, String, Object)
UnityEngine.DebugLogHandler:LogFormat(LogType, Object, String, Object[])
UnityEngine.Logger:Log(LogType, Object)
UnityEngine.Debug:Log(Object)
HighPrecisionStepperJuggler.ImageProcessingInstructionSender:Update()
 
(Filename: C:\build\output\unity\unity\Runtime/Export/Debug/Debug.bindings.h Line: 35)

Ball r, x, y :6.1, 313, 120
UnityEngine.DebugLogHandler:Internal_Log(LogType, LogOption, String, Object)
UnityEngine.DebugLogHandler:LogFormat(LogType, Object, String, Object[])
UnityEngine.Logger:Log(LogType, Object)
UnityEngine.Debug:Log(Object)
HighPrecisionStepperJuggler.ImageProcessingInstructionSender:Update()
 
(Filename: C:\build\output\unity\unity\Runtime/Export/Debug/Debug.bindings.h Line: 35)

Ball r, x, y :5.3, 314, 150
UnityEngine.DebugLogHandler:Internal_Log(LogType, LogOption, String, Object)
UnityEngine.DebugLogHandler:LogFormat(LogType, Object, String, Object[])
UnityEngine.Logger:Log(LogType, Object)
UnityEngine.Debug:Log(Object)
HighPrecisionStepperJuggler.ImageProcessingInstructionSender:Update()
 
(Filename: C:\build\output\unity\unity\Runtime/Export/Debug/Debug.bindings.h Line: 35)

Ball r, x, y :6.1, 313, 120
UnityEngine.DebugLogHandler:Internal_Log(LogType, LogOption, String, Object)
UnityEngine.DebugLogHandler:LogFormat(LogType, Object, String, Object[])
UnityEngine.Logger:Log(LogType, Object)
UnityEngine.Debug:Log(Object)
HighPrecisionStepperJuggler.ImageProcessingInstructionSender:Update()
 
(Filename: C:\build\output\unity\unity\Runtime/Export/Debug/Debug.bindings.h Line: 35)

Ball r, x, y :7.38, -168, 60
UnityEngine.DebugLogHandler:Internal_Log(LogType, LogOption, String, Object)
UnityEngine.DebugLogHandler:LogFormat(LogType, Object, String, Object[])
UnityEngine.Logger:Log(LogType, Object)
UnityEngine.Debug:Log(Object)
HighPrecisionStepperJuggler.ImageProcessingInstructionSender:Update()
 
(Filename: C:\build\output\unity\unity\Runtime/Export/Debug/Debug.bindings.h Line: 35)

Ball r, x, y :6.1, -167, 120
UnityEngine.DebugLogHandler:Internal_Log(LogType, LogOption, String, Object)
UnityEngine.DebugLogHandler:LogFormat(LogType, Object, String, Object[])
UnityEngine.Logger:Log(LogType, Object)
UnityEngine.Debug:Log(Object)
HighPrecisionStepperJuggler.ImageProcessingInstructionSender:Update()
 
(Filename: C:\build\output\unity\unity\Runtime/Export/Debug/Debug.bindings.h Line: 35)

Ball r, x, y :7.86, 311, 60
UnityEngine.DebugLogHandler:Internal_Log(LogType, LogOption, String, Object)
UnityEngine.DebugLogHandler:LogFormat(LogType, Object, String, Object[])
UnityEngine.Logger:Log(LogType, Object)
UnityEngine.Debug:Log(Object)
HighPrecisionStepperJuggler.ImageProcessingInstructionSender:Update()
 
(Filename: C:\build\output\unity\unity\Runtime/Export/Debug/Debug.bindings.h Line: 35)

Ball r, x, y :6.1, 313, 120
UnityEngine.DebugLogHandler:Internal_Log(LogType, LogOption, String, Object)
UnityEngine.DebugLogHandler:LogFormat(LogType, Object, String, Object[])
UnityEngine.Logger:Log(LogType, Object)
UnityEngine.Debug:Log(Object)
HighPrecisionStepperJuggler.ImageProcessingInstructionSender:Update()
 
(Filename: C:\build\output\unity\unity\Runtime/Export/Debug/Debug.bindings.h Line: 35)

Ball r, x, y :7.86, 311, 60
UnityEngine.DebugLogHandler:Internal_Log(LogType, LogOption, String, Object)
UnityEngine.DebugLogHandler:LogFormat(LogType, Object, String, Object[])
UnityEngine.Logger:Log(LogType, Object)
UnityEngine.Debug:Log(Object)
HighPrecisionStepperJuggler.ImageProcessingInstructionSender:Update()
 
(Filename: C:\build\output\unity\unity\Runtime/Export/Debug/Debug.bindings.h Line: 35)

Ball r, x, y :5.3, 314, 60
UnityEngine.DebugLogHandler:Internal_Log(LogType, LogOption, String, Object)
UnityEngine.DebugLogHandler:LogFormat(LogType, Object, String, Object[])
UnityEngine.Logger:Log(LogType, Object)
UnityEngine.Debug:Log(Object)
HighPrecisionStepperJuggler.ImageProcessingInstructionSender:Update()
 
(Filename: C:\build\output\unity\unity\Runtime/Export/Debug/Debug.bindings.h Line: 35)

Ball r, x, y :12.18, -144, -60
UnityEngine.DebugLogHandler:Internal_Log(LogType, LogOption, String, Object)
UnityEngine.DebugLogHandler:LogFormat(LogType, Object, String, Object[])
UnityEngine.Logger:Log(LogType, Object)
UnityEngine.Debug:Log(Object)
HighPrecisionStepperJuggler.ImageProcessingInstructionSender:Update()
 
(Filename: C:\build\output\unity\unity\Runtime/Export/Debug/Debug.bindings.h Line: 35)

Ball r, x, y :35.84, -49, -90
UnityEngine.DebugLogHandler:Internal_Log(LogType, LogOption, String, Object)
UnityEngine.DebugLogHandler:LogFormat(LogType, Object, String, Object[])
UnityEngine.Logger:Log(LogType, Object)
UnityEngine.Debug:Log(Object)
HighPrecisionStepperJuggler.ImageProcessingInstructionSender:Update()
 
(Filename: C:\build\output\unity\unity\Runtime/Export/Debug/Debug.bindings.h Line: 35)

Ball r, x, y :42.46, 62, -120
UnityEngine.DebugLogHandler:Internal_Log(LogType, LogOption, String, Object)
UnityEngine.DebugLogHandler:LogFormat(LogType, Object, String, Object[])
UnityEngine.Logger:Log(LogType, Object)
UnityEngine.Debug:Log(Object)
HighPrecisionStepperJuggler.ImageProcessingInstructionSender:Update()
 
(Filename: C:\build\output\unity\unity\Runtime/Export/Debug/Debug.bindings.h Line: 35)

Ball r, x, y :48.20134, 125, -89
UnityEngine.DebugLogHandler:Internal_Log(LogType, LogOption, String, Object)
UnityEngine.DebugLogHandler:LogFormat(LogType, Object, String, Object[])
UnityEngine.Logger:Log(LogType, Object)
UnityEngine.Debug:Log(Object)
HighPrecisionStepperJuggler.ImageProcessingInstructionSender:Update()
 
(Filename: C:\build\output\unity\unity\Runtime/Export/Debug/Debug.bindings.h Line: 35)

Ball r, x, y :56.8401, 140, -90
UnityEngine.DebugLogHandler:Internal_Log(LogType, LogOption, String, Object)
UnityEngine.DebugLogHandler:LogFormat(LogType, Object, String, Object[])
UnityEngine.Logger:Log(LogType, Object)
UnityEngine.Debug:Log(Object)
HighPrecisionStepperJuggler.ImageProcessingInstructionSender:Update()
 
(Filename: C:\build\output\unity\unity\Runtime/Export/Debug/Debug.bindings.h Line: 35)

[SerialInterface] Sending: 11.00000:0.65624:0.65624:0.54487:0.77486:0.10000

UnityEngine.DebugLogHandler:Internal_Log(LogType, LogOption, String, Object)
UnityEngine.DebugLogHandler:LogFormat(LogType, Object, String, Object[])
UnityEngine.Logger:Log(LogType, Object)
UnityEngine.Debug:Log(Object)
HighPrecisionStepperJuggler.SerialInterface:Send(String)
HighPrecisionStepperJuggler.RealMachine:SendInstructions(List`1)
HighPrecisionStepperJuggler.InstructableMachine:Instruct(List`1)
HighPrecisionStepperJuggler.MachineController:SendInstructions(List`1)
HighPrecisionStepperJuggler.BallControlling:MoveToHeightWithAlternatingXYTiltCorrection(MachineController, ITiltController, BallData, Single, Single, Int32, Nullable`1)
HighPrecisionStepperJuggler.<>c__DisplayClass4_0:<TwoStepBouncing>b__0(BallData, MachineController, Int32)
HighPrecisionStepperJuggler.BallControlStrategy:Execute(BallData, MachineController)
HighPrecisionStepperJuggler.ImageProcessingInstructionSender:Update()
 
(Filename: C:\build\output\unity\unity\Runtime/Export/Debug/Debug.bindings.h Line: 35)

[SerialInterface] Received: RECEIVED MSG: 11.00000:0.65624:0.65624:0.54487:0.77486:0.10000
UnityEngine.DebugLogHandler:Internal_Log(LogType, LogOption, String, Object)
UnityEngine.DebugLogHandler:LogFormat(LogType, Object, String, Object[])
UnityEngine.Logger:Log(LogType, Object)
UnityEngine.Debug:Log(Object)
HighPrecisionStepperJuggler.SerialInterface:ProcessReceiveBuffer()
HighPrecisionStepperJuggler.SerialInterface:Update()
 
(Filename: C:\build\output\unity\unity\Runtime/Export/Debug/Debug.bindings.h Line: 35)

[SerialInterface] Received: Parsed tokens (count=6): 11.00000 |0.65624 |0.65624 |0.54487 |0.77486 |0.10000
UnityEngine.DebugLogHandler:Internal_Log(LogType, LogOption, String, Object)
UnityEngine.DebugLogHandler:LogFormat(LogType, Object, String, Object[])
UnityEngine.Logger:Log(LogType, Object)
UnityEngine.Debug:Log(Object)
HighPrecisionStepperJuggler.SerialInterface:ProcessReceiveBuffer()
HighPrecisionStepperJuggler.SerialInterface:Update()
 
(Filename: C:\build\output\unity\unity\Runtime/Export/Debug/Debug.bindings.h Line: 35)

[SerialInterface] Received: Num of move batches: 1
UnityEngine.DebugLogHandler:Internal_Log(LogType, LogOption, String, Object)
UnityEngine.DebugLogHandler:LogFormat(LogType, Object, String, Object[])
UnityEngine.Logger:Log(LogType, Object)
UnityEngine.Debug:Log(Object)
HighPrecisionStepperJuggler.SerialInterface:ProcessReceiveBuffer()
HighPrecisionStepperJuggler.SerialInterface:Update()
 
(Filename: C:\build\output\unity\unity\Runtime/Export/Debug/Debug.bindings.h Line: 35)

[SerialInterface] Received: Batch 0 marker value: 11.00000
UnityEngine.DebugLogHandler:Internal_Log(LogType, LogOption, String, Object)
UnityEngine.DebugLogHandler:LogFormat(LogType, Object, String, Object[])
UnityEngine.Logger:Log(LogType, Object)
UnityEngine.Debug:Log(Object)
HighPrecisionStepperJuggler.SerialInterface:ProcessReceiveBuffer()
HighPrecisionStepperJuggler.SerialInterface:Update()
 
(Filename: C:\build\output\unity\unity\Runtime/Export/Debug/Debug.bindings.h Line: 35)

[SerialInterface] Received: Marker matches expected value.
UnityEngine.DebugLogHandler:Internal_Log(LogType, LogOption, String, Object)
UnityEngine.DebugLogHandler:LogFormat(LogType, Object, String, Object[])
UnityEngine.Logger:Log(LogType, Object)
UnityEngine.Debug:Log(Object)
HighPrecisionStepperJuggler.SerialInterface:ProcessReceiveBuffer()
HighPrecisionStepperJuggler.SerialInterface:Update()
 
(Filename: C:\build\output\unity\unity\Runtime/Export/Debug/Debug.bindings.h Line: 35)

[SerialInterface] Received: Motor0 pulses: 1731
UnityEngine.DebugLogHandler:Internal_Log(LogType, LogOption, String, Object)
UnityEngine.DebugLogHandler:LogFormat(LogType, Object, String, Object[])
UnityEngine.Logger:Log(LogType, Object)
UnityEngine.Debug:Log(Object)
HighPrecisionStepperJuggler.SerialInterface:ProcessReceiveBuffer()
HighPrecisionStepperJuggler.SerialInterface:Update()
 
(Filename: C:\build\output\unity\unity\Runtime/Export/Debug/Debug.bindings.h Line: 35)

[SerialInterface] Received: Motor1 pulses: 1731
UnityEngine.DebugLogHandler:Internal_Log(LogType, LogOption, String, Object)
UnityEngine.DebugLogHandler:LogFormat(LogType, Object, String, Object[])
UnityEngine.Logger:Log(LogType, Object)
UnityEngine.Debug:Log(Object)
HighPrecisionStepperJuggler.SerialInterface:ProcessReceiveBuffer()
HighPrecisionStepperJuggler.SerialInterface:Update()
 
(Filename: C:\build\output\unity\unity\Runtime/Export/Debug/Debug.bindings.h Line: 35)

[SerialInterface] Received: Motor2 pulses: 1437
UnityEngine.DebugLogHandler:Internal_Log(LogType, LogOption, String, Object)
UnityEngine.DebugLogHandler:LogFormat(LogType, Object, String, Object[])
UnityEngine.Logger:Log(LogType, Object)
UnityEngine.Debug:Log(Object)
HighPrecisionStepperJuggler.SerialInterface:ProcessReceiveBuffer()
HighPrecisionStepperJuggler.SerialInterface:Update()
 
(Filename: C:\build\output\unity\unity\Runtime/Export/Debug/Debug.bindings.h Line: 35)

[SerialInterface] Received: Motor3 pulses: 2044
UnityEngine.DebugLogHandler:Internal_Log(LogType, LogOption, String, Object)
UnityEngine.DebugLogHandler:LogFormat(LogType, Object, String, Object[])
UnityEngine.Logger:Log(LogType, Object)
UnityEngine.Debug:Log(Object)
HighPrecisionStepperJuggler.SerialInterface:ProcessReceiveBuffer()
HighPrecisionStepperJuggler.SerialInterface:Update()
 
(Filename: C:\build\output\unity\unity\Runtime/Export/Debug/Debug.bindings.h Line: 35)

[SerialInterface] Received: Move duration: 0.10000
UnityEngine.DebugLogHandler:Internal_Log(LogType, LogOption, String, Object)
UnityEngine.DebugLogHandler:LogFormat(LogType, Object, String, Object[])
UnityEngine.Logger:Log(LogType, Object)
UnityEngine.Debug:Log(Object)
HighPrecisionStepperJuggler.SerialInterface:ProcessReceiveBuffer()
HighPrecisionStepperJuggler.SerialInterface:Update()
 
(Filename: C:\build\output\unity\unity\Runtime/Export/Debug/Debug.bindings.h Line: 35)

Ball r, x, y :54.68, 138, -60
UnityEngine.DebugLogHandler:Internal_Log(LogType, LogOption, String, Object)
UnityEngine.DebugLogHandler:LogFormat(LogType, Object, String, Object[])
UnityEngine.Logger:Log(LogType, Object)
UnityEngine.Debug:Log(Object)
HighPrecisionStepperJuggler.ImageProcessingInstructionSender:Update()
 
(Filename: C:\build\output\unity\unity\Runtime/Export/Debug/Debug.bindings.h Line: 35)

Ball r, x, y :55.9401, 141, -60
UnityEngine.DebugLogHandler:Internal_Log(LogType, LogOption, String, Object)
UnityEngine.DebugLogHandler:LogFormat(LogType, Object, String, Object[])
UnityEngine.Logger:Log(LogType, Object)
UnityEngine.Debug:Log(Object)
HighPrecisionStepperJuggler.ImageProcessingInstructionSender:Update()
 
(Filename: C:\build\output\unity\unity\Runtime/Export/Debug/Debug.bindings.h Line: 35)

[SerialInterface] Sending: 11.00000:0.51876:0.61347:0.56571:0.56571:0.10000

UnityEngine.DebugLogHandler:Internal_Log(LogType, LogOption, String, Object)
UnityEngine.DebugLogHandler:LogFormat(LogType, Object, String, Object[])
UnityEngine.Logger:Log(LogType, Object)
UnityEngine.Debug:Log(Object)
HighPrecisionStepperJuggler.SerialInterface:Send(String)
HighPrecisionStepperJuggler.RealMachine:SendInstructions(List`1)
HighPrecisionStepperJuggler.InstructableMachine:Instruct(List`1)
HighPrecisionStepperJuggler.MachineController:SendInstructions(List`1)
HighPrecisionStepperJuggler.BallControlling:MoveToHeightWithAlternatingXYTiltCorrection(MachineController, ITiltController, BallData, Single, Single, Int32, Nullable`1)
HighPrecisionStepperJuggler.<>c__DisplayClass4_0:<TwoStepBouncing>b__0(BallData, MachineController, Int32)
HighPrecisionStepperJuggler.BallControlStrategy:Execute(BallData, MachineController)
HighPrecisionStepperJuggler.ImageProcessingInstructionSender:Update()
 
(Filename: C:\build\output\unity\unity\Runtime/Export/Debug/Debug.bindings.h Line: 35)

[SerialInterface] Received: RECEIVED MSG: 11.00000:0.51876:0.61347:0.56571:0.56571:0.10000
UnityEngine.DebugLogHandler:Internal_Log(LogType, LogOption, String, Object)
UnityEngine.DebugLogHandler:LogFormat(LogType, Object, String, Object[])
UnityEngine.Logger:Log(LogType, Object)
UnityEngine.Debug:Log(Object)
HighPrecisionStepperJuggler.SerialInterface:ProcessReceiveBuffer()
HighPrecisionStepperJuggler.SerialInterface:Update()
 
(Filename: C:\build\output\unity\unity\Runtime/Export/Debug/Debug.bindings.h Line: 35)

[SerialInterface] Received: Parsed tokens (count=6): 11.00000 |0.51876 |0.61347 |0.56571 |0.56571 |0.10000
UnityEngine.DebugLogHandler:Internal_Log(LogType, LogOption, String, Object)
UnityEngine.DebugLogHandler:LogFormat(LogType, Object, String, Object[])
UnityEngine.Logger:Log(LogType, Object)
UnityEngine.Debug:Log(Object)
HighPrecisionStepperJuggler.SerialInterface:ProcessReceiveBuffer()
HighPrecisionStepperJuggler.SerialInterface:Update()
 
(Filename: C:\build\output\unity\unity\Runtime/Export/Debug/Debug.bindings.h Line: 35)

[SerialInterface] Received: Num of move batches: 1
UnityEngine.DebugLogHandler:Internal_Log(LogType, LogOption, String, Object)
UnityEngine.DebugLogHandler:LogFormat(LogType, Object, String, Object[])
UnityEngine.Logger:Log(LogType, Object)
UnityEngine.Debug:Log(Object)
HighPrecisionStepperJuggler.SerialInterface:ProcessReceiveBuffer()
HighPrecisionStepperJuggler.SerialInterface:Update()
 
(Filename: C:\build\output\unity\unity\Runtime/Export/Debug/Debug.bindings.h Line: 35)

[SerialInterface] Received: Batch 0 marker value: 11.00000
UnityEngine.DebugLogHandler:Internal_Log(LogType, LogOption, String, Object)
UnityEngine.DebugLogHandler:LogFormat(LogType, Object, String, Object[])
UnityEngine.Logger:Log(LogType, Object)
UnityEngine.Debug:Log(Object)
HighPrecisionStepperJuggler.SerialInterface:ProcessReceiveBuffer()
HighPrecisionStepperJuggler.SerialInterface:Update()
 
(Filename: C:\build\output\unity\unity\Runtime/Export/Debug/Debug.bindings.h Line: 35)

[SerialInterface] Received: Marker matches expected value.
UnityEngine.DebugLogHandler:Internal_Log(LogType, LogOption, String, Object)
UnityEngine.DebugLogHandler:LogFormat(LogType, Object, String, Object[])
UnityEngine.Logger:Log(LogType, Object)
UnityEngine.Debug:Log(Object)
HighPrecisionStepperJuggler.SerialInterface:ProcessReceiveBuffer()
HighPrecisionStepperJuggler.SerialInterface:Update()
 
(Filename: C:\build\output\unity\unity\Runtime/Export/Debug/Debug.bindings.h Line: 35)

[SerialInterface] Received: Motor0 pulses: 1368
UnityEngine.DebugLogHandler:Internal_Log(LogType, LogOption, String, Object)
UnityEngine.DebugLogHandler:LogFormat(LogType, Object, String, Object[])
UnityEngine.Logger:Log(LogType, Object)
UnityEngine.Debug:Log(Object)
HighPrecisionStepperJuggler.SerialInterface:ProcessReceiveBuffer()
HighPrecisionStepperJuggler.SerialInterface:Update()
 
(Filename: C:\build\output\unity\unity\Runtime/Export/Debug/Debug.bindings.h Line: 35)

[SerialInterface] Received: Motor1 pulses: 1618
UnityEngine.DebugLogHandler:Internal_Log(LogType, LogOption, String, Object)
UnityEngine.DebugLogHandler:LogFormat(LogType, Object, String, Object[])
UnityEngine.Logger:Log(LogType, Object)
UnityEngine.Debug:Log(Object)
HighPrecisionStepperJuggler.SerialInterface:ProcessReceiveBuffer()
HighPrecisionStepperJuggler.SerialInterface:Update()
 
(Filename: C:\build\output\unity\unity\Runtime/Export/Debug/Debug.bindings.h Line: 35)

[SerialInterface] Received: Motor2 pulses: 1492
UnityEngine.DebugLogHandler:Internal_Log(LogType, LogOption, String, Object)
UnityEngine.DebugLogHandler:LogFormat(LogType, Object, String, Object[])
UnityEngine.Logger:Log(LogType, Object)
UnityEngine.Debug:Log(Object)
HighPrecisionStepperJuggler.SerialInterface:ProcessReceiveBuffer()
HighPrecisionStepperJuggler.SerialInterface:Update()
 
(Filename: C:\build\output\unity\unity\Runtime/Export/Debug/Debug.bindings.h Line: 35)

[SerialInterface] Received: Motor3 pulses: 1492
UnityEngine.DebugLogHandler:Internal_Log(LogType, LogOption, String, Object)
UnityEngine.DebugLogHandler:LogFormat(LogType, Object, String, Object[])
UnityEngine.Logger:Log(LogType, Object)
UnityEngine.Debug:Log(Object)
HighPrecisionStepperJuggler.SerialInterface:ProcessReceiveBuffer()
HighPrecisionStepperJuggler.SerialInterface:Update()
 
(Filename: C:\build\output\unity\unity\Runtime/Export/Debug/Debug.bindings.h Line: 35)

[SerialInterface] Received: Move duration: 0.10000
UnityEngine.DebugLogHandler:Internal_Log(LogType, LogOption, String, Object)
UnityEngine.DebugLogHandler:LogFormat(LogType, Object, String, Object[])
UnityEngine.Logger:Log(LogType, Object)
UnityEngine.Debug:Log(Object)
HighPrecisionStepperJuggler.SerialInterface:ProcessReceiveBuffer()
HighPrecisionStepperJuggler.SerialInterface:Update()
 
(Filename: C:\build\output\unity\unity\Runtime/Export/Debug/Debug.bindings.h Line: 35)

Ball r, x, y :57.72, 145, -60
UnityEngine.DebugLogHandler:Internal_Log(LogType, LogOption, String, Object)
UnityEngine.DebugLogHandler:LogFormat(LogType, Object, String, Object[])
UnityEngine.Logger:Log(LogType, Object)
UnityEngine.Debug:Log(Object)
HighPrecisionStepperJuggler.ImageProcessingInstructionSender:Update()
 
(Filename: C:\build\output\unity\unity\Runtime/Export/Debug/Debug.bindings.h Line: 35)

Ball r, x, y :58.58, 144, -60
UnityEngine.DebugLogHandler:Internal_Log(LogType, LogOption, String, Object)
UnityEngine.DebugLogHandler:LogFormat(LogType, Object, String, Object[])
UnityEngine.Logger:Log(LogType, Object)
UnityEngine.Debug:Log(Object)
HighPrecisionStepperJuggler.ImageProcessingInstructionSender:Update()
 
(Filename: C:\build\output\unity\unity\Runtime/Export/Debug/Debug.bindings.h Line: 35)

[SerialInterface] Sending: 11.00000:0.65624:0.65624:0.65932:0.65317:0.10000

UnityEngine.DebugLogHandler:Internal_Log(LogType, LogOption, String, Object)
UnityEngine.DebugLogHandler:LogFormat(LogType, Object, String, Object[])
UnityEngine.Logger:Log(LogType, Object)
UnityEngine.Debug:Log(Object)
HighPrecisionStepperJuggler.SerialInterface:Send(String)
HighPrecisionStepperJuggler.RealMachine:SendInstructions(List`1)
HighPrecisionStepperJuggler.InstructableMachine:Instruct(List`1)
HighPrecisionStepperJuggler.MachineController:SendInstructions(List`1)
HighPrecisionStepperJuggler.BallControlling:MoveToHeightWithAlternatingXYTiltCorrection(MachineController, ITiltController, BallData, Single, Single, Int32, Nullable`1)
HighPrecisionStepperJuggler.<>c__DisplayClass4_0:<TwoStepBouncing>b__0(BallData, MachineController, Int32)
HighPrecisionStepperJuggler.BallControlStrategy:Execute(BallData, MachineController)
HighPrecisionStepperJuggler.ImageProcessingInstructionSender:Update()
 
(Filename: C:\build\output\unity\unity\Runtime/Export/Debug/Debug.bindings.h Line: 35)

[SerialInterface] Received: RECEIVED MSG: 11.00000:0.65624:0.65624:0.65932:0.65317:0.10000
UnityEngine.DebugLogHandler:Internal_Log(LogType, LogOption, String, Object)
UnityEngine.DebugLogHandler:LogFormat(LogType, Object, String, Object[])
UnityEngine.Logger:Log(LogType, Object)
UnityEngine.Debug:Log(Object)
HighPrecisionStepperJuggler.SerialInterface:ProcessReceiveBuffer()
HighPrecisionStepperJuggler.SerialInterface:Update()
 
(Filename: C:\build\output\unity\unity\Runtime/Export/Debug/Debug.bindings.h Line: 35)

[SerialInterface] Received: Parsed tokens (count=6): 11.00000 |0.65624 |0.65624 |0.65932 |0.65317 |0.10000
UnityEngine.DebugLogHandler:Internal_Log(LogType, LogOption, String, Object)
UnityEngine.DebugLogHandler:LogFormat(LogType, Object, String, Object[])
UnityEngine.Logger:Log(LogType, Object)
UnityEngine.Debug:Log(Object)
HighPrecisionStepperJuggler.SerialInterface:ProcessReceiveBuffer()
HighPrecisionStepperJuggler.SerialInterface:Update()
 
(Filename: C:\build\output\unity\unity\Runtime/Export/Debug/Debug.bindings.h Line: 35)

[SerialInterface] Received: Num of move batches: 1
UnityEngine.DebugLogHandler:Internal_Log(LogType, LogOption, String, Object)
UnityEngine.DebugLogHandler:LogFormat(LogType, Object, String, Object[])
UnityEngine.Logger:Log(LogType, Object)
UnityEngine.Debug:Log(Object)
HighPrecisionStepperJuggler.SerialInterface:ProcessReceiveBuffer()
HighPrecisionStepperJuggler.SerialInterface:Update()
 
(Filename: C:\build\output\unity\unity\Runtime/Export/Debug/Debug.bindings.h Line: 35)

[SerialInterface] Received: Batch 0 marker value: 11.00000
UnityEngine.DebugLogHandler:Internal_Log(LogType, LogOption, String, Object)
UnityEngine.DebugLogHandler:LogFormat(LogType, Object, String, Object[])
UnityEngine.Logger:Log(LogType, Object)
UnityEngine.Debug:Log(Object)
HighPrecisionStepperJuggler.SerialInterface:ProcessReceiveBuffer()
HighPrecisionStepperJuggler.SerialInterface:Update()
 
(Filename: C:\build\output\unity\unity\Runtime/Export/Debug/Debug.bindings.h Line: 35)

[SerialInterface] Received: Marker matches expected value.
UnityEngine.DebugLogHandler:Internal_Log(LogType, LogOption, String, Object)
UnityEngine.DebugLogHandler:LogFormat(LogType, Object, String, Object[])
UnityEngine.Logger:Log(LogType, Object)
UnityEngine.Debug:Log(Object)
HighPrecisionStepperJuggler.SerialInterface:ProcessReceiveBuffer()
HighPrecisionStepperJuggler.SerialInterface:Update()
 
(Filename: C:\build\output\unity\unity\Runtime/Export/Debug/Debug.bindings.h Line: 35)

[SerialInterface] Received: Motor0 pulses: 1731
UnityEngine.DebugLogHandler:Internal_Log(LogType, LogOption, String, Object)
UnityEngine.DebugLogHandler:LogFormat(LogType, Object, String, Object[])
UnityEngine.Logger:Log(LogType, Object)
UnityEngine.Debug:Log(Object)
HighPrecisionStepperJuggler.SerialInterface:ProcessReceiveBuffer()
HighPrecisionStepperJuggler.SerialInterface:Update()
 
(Filename: C:\build\output\unity\unity\Runtime/Export/Debug/Debug.bindings.h Line: 35)

[SerialInterface] Received: Motor1 pulses: 1731
UnityEngine.DebugLogHandler:Internal_Log(LogType, LogOption, String, Object)
UnityEngine.DebugLogHandler:LogFormat(LogType, Object, String, Object[])
UnityEngine.Logger:Log(LogType, Object)
UnityEngine.Debug:Log(Object)
HighPrecisionStepperJuggler.SerialInterface:ProcessReceiveBuffer()
HighPrecisionStepperJuggler.SerialInterface:Update()
 
(Filename: C:\build\output\unity\unity\Runtime/Export/Debug/Debug.bindings.h Line: 35)

[SerialInterface] Received: Motor2 pulses: 1739
UnityEngine.DebugLogHandler:Internal_Log(LogType, LogOption, String, Object)
UnityEngine.DebugLogHandler:LogFormat(LogType, Object, String, Object[])
UnityEngine.Logger:Log(LogType, Object)
UnityEngine.Debug:Log(Object)
HighPrecisionStepperJuggler.SerialInterface:ProcessReceiveBuffer()
HighPrecisionStepperJuggler.SerialInterface:Update()
 
(Filename: C:\build\output\unity\unity\Runtime/Export/Debug/Debug.bindings.h Line: 35)

[SerialInterface] Received: Motor3 pulses: 1723
UnityEngine.DebugLogHandler:Internal_Log(LogType, LogOption, String, Object)
UnityEngine.DebugLogHandler:LogFormat(LogType, Object, String, Object[])
UnityEngine.Logger:Log(LogType, Object)
UnityEngine.Debug:Log(Object)
HighPrecisionStepperJuggler.SerialInterface:ProcessReceiveBuffer()
HighPrecisionStepperJuggler.SerialInterface:Update()
 
(Filename: C:\build\output\unity\unity\Runtime/Export/Debug/Debug.bindings.h Line: 35)

[SerialInterface] Received: Move duration: 0.10000
UnityEngine.DebugLogHandler:Internal_Log(LogType, LogOption, String, Object)
UnityEngine.DebugLogHandler:LogFormat(LogType, Object, String, Object[])
UnityEngine.Logger:Log(LogType, Object)
UnityEngine.Debug:Log(Object)
HighPrecisionStepperJuggler.SerialInterface:ProcessReceiveBuffer()
HighPrecisionStepperJuggler.SerialInterface:Update()
 
(Filename: C:\build\output\unity\unity\Runtime/Export/Debug/Debug.bindings.h Line: 35)

Ball r, x, y :57.3, 140, -60
UnityEngine.DebugLogHandler:Internal_Log(LogType, LogOption, String, Object)
UnityEngine.DebugLogHandler:LogFormat(LogType, Object, String, Object[])
UnityEngine.Logger:Log(LogType, Object)
UnityEngine.Debug:Log(Object)
HighPrecisionStepperJuggler.ImageProcessingInstructionSender:Update()
 
(Filename: C:\build\output\unity\unity\Runtime/Export/Debug/Debug.bindings.h Line: 35)

Ball r, x, y :57.3, 136, -60
UnityEngine.DebugLogHandler:Internal_Log(LogType, LogOption, String, Object)
UnityEngine.DebugLogHandler:LogFormat(LogType, Object, String, Object[])
UnityEngine.Logger:Log(LogType, Object)
UnityEngine.Debug:Log(Object)
HighPrecisionStepperJuggler.ImageProcessingInstructionSender:Update()
 
(Filename: C:\build\output\unity\unity\Runtime/Export/Debug/Debug.bindings.h Line: 35)

[SerialInterface] Sending: 11.00000:0.48186:0.65221:0.56571:0.56571:0.10000

UnityEngine.DebugLogHandler:Internal_Log(LogType, LogOption, String, Object)
UnityEngine.DebugLogHandler:LogFormat(LogType, Object, String, Object[])
UnityEngine.Logger:Log(LogType, Object)
UnityEngine.Debug:Log(Object)
HighPrecisionStepperJuggler.SerialInterface:Send(String)
HighPrecisionStepperJuggler.RealMachine:SendInstructions(List`1)
HighPrecisionStepperJuggler.InstructableMachine:Instruct(List`1)
HighPrecisionStepperJuggler.MachineController:SendInstructions(List`1)
HighPrecisionStepperJuggler.BallControlling:MoveToHeightWithAlternatingXYTiltCorrection(MachineController, ITiltController, BallData, Single, Single, Int32, Nullable`1)
HighPrecisionStepperJuggler.<>c__DisplayClass4_0:<TwoStepBouncing>b__0(BallData, MachineController, Int32)
HighPrecisionStepperJuggler.BallControlStrategy:Execute(BallData, MachineController)
HighPrecisionStepperJuggler.ImageProcessingInstructionSender:Update()
 
(Filename: C:\build\output\unity\unity\Runtime/Export/Debug/Debug.bindings.h Line: 35)

[SerialInterface] Received: RECEIVED MSG: 11.00000:0.48186:0.65221:0.56571:0.56571:0.10000
UnityEngine.DebugLogHandler:Internal_Log(LogType, LogOption, String, Object)
UnityEngine.DebugLogHandler:LogFormat(LogType, Object, String, Object[])
UnityEngine.Logger:Log(LogType, Object)
UnityEngine.Debug:Log(Object)
HighPrecisionStepperJuggler.SerialInterface:ProcessReceiveBuffer()
HighPrecisionStepperJuggler.SerialInterface:Update()
 
(Filename: C:\build\output\unity\unity\Runtime/Export/Debug/Debug.bindings.h Line: 35)

[SerialInterface] Received: Parsed tokens (count=6): 11.00000 |0.48186 |0.65221 |0.56571 |0.56571 |0.10000
UnityEngine.DebugLogHandler:Internal_Log(LogType, LogOption, String, Object)
UnityEngine.DebugLogHandler:LogFormat(LogType, Object, String, Object[])
UnityEngine.Logger:Log(LogType, Object)
UnityEngine.Debug:Log(Object)
HighPrecisionStepperJuggler.SerialInterface:ProcessReceiveBuffer()
HighPrecisionStepperJuggler.SerialInterface:Update()
 
(Filename: C:\build\output\unity\unity\Runtime/Export/Debug/Debug.bindings.h Line: 35)

[SerialInterface] Received: Num of move batches: 1
UnityEngine.DebugLogHandler:Internal_Log(LogType, LogOption, String, Object)
UnityEngine.DebugLogHandler:LogFormat(LogType, Object, String, Object[])
UnityEngine.Logger:Log(LogType, Object)
UnityEngine.Debug:Log(Object)
HighPrecisionStepperJuggler.SerialInterface:ProcessReceiveBuffer()
HighPrecisionStepperJuggler.SerialInterface:Update()
 
(Filename: C:\build\output\unity\unity\Runtime/Export/Debug/Debug.bindings.h Line: 35)

[SerialInterface] Received: Batch 0 marker value: 11.00000
UnityEngine.DebugLogHandler:Internal_Log(LogType, LogOption, String, Object)
UnityEngine.DebugLogHandler:LogFormat(LogType, Object, String, Object[])
UnityEngine.Logger:Log(LogType, Object)
UnityEngine.Debug:Log(Object)
HighPrecisionStepperJuggler.SerialInterface:ProcessReceiveBuffer()
HighPrecisionStepperJuggler.SerialInterface:Update()
 
(Filename: C:\build\output\unity\unity\Runtime/Export/Debug/Debug.bindings.h Line: 35)

[SerialInterface] Received: Marker matches expected value.
UnityEngine.DebugLogHandler:Internal_Log(LogType, LogOption, String, Object)
UnityEngine.DebugLogHandler:LogFormat(LogType, Object, String, Object[])
UnityEngine.Logger:Log(LogType, Object)
UnityEngine.Debug:Log(Object)
HighPrecisionStepperJuggler.SerialInterface:ProcessReceiveBuffer()
HighPrecisionStepperJuggler.SerialInterface:Update()
 
(Filename: C:\build\output\unity\unity\Runtime/Export/Debug/Debug.bindings.h Line: 35)

[SerialInterface] Received: Motor0 pulses: 1271
UnityEngine.DebugLogHandler:Internal_Log(LogType, LogOption, String, Object)
UnityEngine.DebugLogHandler:LogFormat(LogType, Object, String, Object[])
UnityEngine.Logger:Log(LogType, Object)
UnityEngine.Debug:Log(Object)
HighPrecisionStepperJuggler.SerialInterface:ProcessReceiveBuffer()
HighPrecisionStepperJuggler.SerialInterface:Update()
 
(Filename: C:\build\output\unity\unity\Runtime/Export/Debug/Debug.bindings.h Line: 35)

[SerialInterface] Received: Motor1 pulses: 1720
UnityEngine.DebugLogHandler:Internal_Log(LogType, LogOption, String, Object)
UnityEngine.DebugLogHandler:LogFormat(LogType, Object, String, Object[])
UnityEngine.Logger:Log(LogType, Object)
UnityEngine.Debug:Log(Object)
HighPrecisionStepperJuggler.SerialInterface:ProcessReceiveBuffer()
HighPrecisionStepperJuggler.SerialInterface:Update()
 
(Filename: C:\build\output\unity\unity\Runtime/Export/Debug/Debug.bindings.h Line: 35)

[SerialInterface] Received: Motor2 pulses: 1492
UnityEngine.DebugLogHandler:Internal_Log(LogType, LogOption, String, Object)
UnityEngine.DebugLogHandler:LogFormat(LogType, Object, String, Object[])
UnityEngine.Logger:Log(LogType, Object)
UnityEngine.Debug:Log(Object)
HighPrecisionStepperJuggler.SerialInterface:ProcessReceiveBuffer()
HighPrecisionStepperJuggler.SerialInterface:Update()
 
(Filename: C:\build\output\unity\unity\Runtime/Export/Debug/Debug.bindings.h Line: 35)

[SerialInterface] Received: Motor3 pulses: 1492
UnityEngine.DebugLogHandler:Internal_Log(LogType, LogOption, String, Object)
UnityEngine.DebugLogHandler:LogFormat(LogType, Object, String, Object[])
UnityEngine.Logger:Log(LogType, Object)
UnityEngine.Debug:Log(Object)
HighPrecisionStepperJuggler.SerialInterface:ProcessReceiveBuffer()
HighPrecisionStepperJuggler.SerialInterface:Update()
 
(Filename: C:\build\output\unity\unity\Runtime/Export/Debug/Debug.bindings.h Line: 35)

[SerialInterface] Received: Move duration: 0.10000
UnityEngine.DebugLogHandler:Internal_Log(LogType, LogOption, String, Object)
UnityEngine.DebugLogHandler:LogFormat(LogType, Object, String, Object[])
UnityEngine.Logger:Log(LogType, Object)
UnityEngine.Debug:Log(Object)
HighPrecisionStepperJuggler.SerialInterface:ProcessReceiveBuffer()
HighPrecisionStepperJuggler.SerialInterface:Update()
 
(Filename: C:\build\output\unity\unity\Runtime/Export/Debug/Debug.bindings.h Line: 35)

Ball r, x, y :55.44, 130, -60
UnityEngine.DebugLogHandler:Internal_Log(LogType, LogOption, String, Object)
UnityEngine.DebugLogHandler:LogFormat(LogType, Object, String, Object[])
UnityEngine.Logger:Log(LogType, Object)
UnityEngine.Debug:Log(Object)
HighPrecisionStepperJuggler.ImageProcessingInstructionSender:Update()
 
(Filename: C:\build\output\unity\unity\Runtime/Export/Debug/Debug.bindings.h Line: 35)

Ball r, x, y :52.5, 124, -60
UnityEngine.DebugLogHandler:Internal_Log(LogType, LogOption, String, Object)
UnityEngine.DebugLogHandler:LogFormat(LogType, Object, String, Object[])
UnityEngine.Logger:Log(LogType, Object)
UnityEngine.Debug:Log(Object)
HighPrecisionStepperJuggler.ImageProcessingInstructionSender:Update()
 
(Filename: C:\build\output\unity\unity\Runtime/Export/Debug/Debug.bindings.h Line: 35)

Ball r, x, y :47.64, 118, -60
UnityEngine.DebugLogHandler:Internal_Log(LogType, LogOption, String, Object)
UnityEngine.DebugLogHandler:LogFormat(LogType, Object, String, Object[])
UnityEngine.Logger:Log(LogType, Object)
UnityEngine.Debug:Log(Object)
HighPrecisionStepperJuggler.ImageProcessingInstructionSender:Update()
 
(Filename: C:\build\output\unity\unity\Runtime/Export/Debug/Debug.bindings.h Line: 35)

Ball r, x, y :52.5, 113, -90
UnityEngine.DebugLogHandler:Internal_Log(LogType, LogOption, String, Object)
UnityEngine.DebugLogHandler:LogFormat(LogType, Object, String, Object[])
UnityEngine.Logger:Log(LogType, Object)
UnityEngine.Debug:Log(Object)
HighPrecisionStepperJuggler.ImageProcessingInstructionSender:Update()
 
(Filename: C:\build\output\unity\unity\Runtime/Export/Debug/Debug.bindings.h Line: 35)

Ball r, x, y :52.5, 108, -120
UnityEngine.DebugLogHandler:Internal_Log(LogType, LogOption, String, Object)
UnityEngine.DebugLogHandler:LogFormat(LogType, Object, String, Object[])
UnityEngine.Logger:Log(LogType, Object)
UnityEngine.Debug:Log(Object)
HighPrecisionStepperJuggler.ImageProcessingInstructionSender:Update()
 
(Filename: C:\build\output\unity\unity\Runtime/Export/Debug/Debug.bindings.h Line: 35)

Ball r, x, y :46.78, 106, -150
UnityEngine.DebugLogHandler:Internal_Log(LogType, LogOption, String, Object)
UnityEngine.DebugLogHandler:LogFormat(LogType, Object, String, Object[])
UnityEngine.Logger:Log(LogType, Object)
UnityEngine.Debug:Log(Object)
HighPrecisionStepperJuggler.ImageProcessingInstructionSender:Update()
 
(Filename: C:\build\output\unity\unity\Runtime/Export/Debug/Debug.bindings.h Line: 35)

Ball r, x, y :49.84, 100, -180
UnityEngine.DebugLogHandler:Internal_Log(LogType, LogOption, String, Object)
UnityEngine.DebugLogHandler:LogFormat(LogType, Object, String, Object[])
UnityEngine.Logger:Log(LogType, Object)
UnityEngine.Debug:Log(Object)
HighPrecisionStepperJuggler.ImageProcessingInstructionSender:Update()
 
(Filename: C:\build\output\unity\unity\Runtime/Export/Debug/Debug.bindings.h Line: 35)

Ball r, x, y :49.84, 101, -180
UnityEngine.DebugLogHandler:Internal_Log(LogType, LogOption, String, Object)
UnityEngine.DebugLogHandler:LogFormat(LogType, Object, String, Object[])
UnityEngine.Logger:Log(LogType, Object)
UnityEngine.Debug:Log(Object)
HighPrecisionStepperJuggler.ImageProcessingInstructionSender:Update()
 
(Filename: C:\build\output\unity\unity\Runtime/Export/Debug/Debug.bindings.h Line: 35)

Ball r, x, y :49.84, 100, -150
UnityEngine.DebugLogHandler:Internal_Log(LogType, LogOption, String, Object)
UnityEngine.DebugLogHandler:LogFormat(LogType, Object, String, Object[])
UnityEngine.Logger:Log(LogType, Object)
UnityEngine.Debug:Log(Object)
HighPrecisionStepperJuggler.ImageProcessingInstructionSender:Update()
 
(Filename: C:\build\output\unity\unity\Runtime/Export/Debug/Debug.bindings.h Line: 35)

Ball r, x, y :47.64, 95, -90
UnityEngine.DebugLogHandler:Internal_Log(LogType, LogOption, String, Object)
UnityEngine.DebugLogHandler:LogFormat(LogType, Object, String, Object[])
UnityEngine.Logger:Log(LogType, Object)
UnityEngine.Debug:Log(Object)
HighPrecisionStepperJuggler.ImageProcessingInstructionSender:Update()
 
(Filename: C:\build\output\unity\unity\Runtime/Export/Debug/Debug.bindings.h Line: 35)

Ball r, x, y :50.3, 104, -60
UnityEngine.DebugLogHandler:Internal_Log(LogType, LogOption, String, Object)
UnityEngine.DebugLogHandler:LogFormat(LogType, Object, String, Object[])
UnityEngine.Logger:Log(LogType, Object)
UnityEngine.Debug:Log(Object)
HighPrecisionStepperJuggler.ImageProcessingInstructionSender:Update()
 
(Filename: C:\build\output\unity\unity\Runtime/Export/Debug/Debug.bindings.h Line: 35)

Ball r, x, y :52.9, 121, -30
UnityEngine.DebugLogHandler:Internal_Log(LogType, LogOption, String, Object)
UnityEngine.DebugLogHandler:LogFormat(LogType, Object, String, Object[])
UnityEngine.Logger:Log(LogType, Object)
UnityEngine.Debug:Log(Object)
HighPrecisionStepperJuggler.ImageProcessingInstructionSender:Update()
 
(Filename: C:\build\output\unity\unity\Runtime/Export/Debug/Debug.bindings.h Line: 35)

Ball r, x, y :56.44, 126, -30
UnityEngine.DebugLogHandler:Internal_Log(LogType, LogOption, String, Object)
UnityEngine.DebugLogHandler:LogFormat(LogType, Object, String, Object[])
UnityEngine.Logger:Log(LogType, Object)
UnityEngine.Debug:Log(Object)
HighPrecisionStepperJuggler.ImageProcessingInstructionSender:Update()
 
(Filename: C:\build\output\unity\unity\Runtime/Export/Debug/Debug.bindings.h Line: 35)

[SerialInterface] Sending: 11.00000:0.65624:0.65624:0.71473:0.59956:0.10000

UnityEngine.DebugLogHandler:Internal_Log(LogType, LogOption, String, Object)
UnityEngine.DebugLogHandler:LogFormat(LogType, Object, String, Object[])
UnityEngine.Logger:Log(LogType, Object)
UnityEngine.Debug:Log(Object)
HighPrecisionStepperJuggler.SerialInterface:Send(String)
HighPrecisionStepperJuggler.RealMachine:SendInstructions(List`1)
HighPrecisionStepperJuggler.InstructableMachine:Instruct(List`1)
HighPrecisionStepperJuggler.MachineController:SendInstructions(List`1)
HighPrecisionStepperJuggler.BallControlling:MoveToHeightWithAlternatingXYTiltCorrection(MachineController, ITiltController, BallData, Single, Single, Int32, Nullable`1)
HighPrecisionStepperJuggler.<>c__DisplayClass4_0:<TwoStepBouncing>b__0(BallData, MachineController, Int32)
HighPrecisionStepperJuggler.BallControlStrategy:Execute(BallData, MachineController)
HighPrecisionStepperJuggler.ImageProcessingInstructionSender:Update()
 
(Filename: C:\build\output\unity\unity\Runtime/Export/Debug/Debug.bindings.h Line: 35)

[SerialInterface] Received: RECEIVED MSG: 11.00000:0.65624:0.65624:0.71473:0.59956:0.10000
UnityEngine.DebugLogHandler:Internal_Log(LogType, LogOption, String, Object)
UnityEngine.DebugLogHandler:LogFormat(LogType, Object, String, Object[])
UnityEngine.Logger:Log(LogType, Object)
UnityEngine.Debug:Log(Object)
HighPrecisionStepperJuggler.SerialInterface:ProcessReceiveBuffer()
HighPrecisionStepperJuggler.SerialInterface:Update()
 
(Filename: C:\build\output\unity\unity\Runtime/Export/Debug/Debug.bindings.h Line: 35)

[SerialInterface] Received: Parsed tokens (count=6): 11.00000 |0.65624 |0.65624 |0.71473 |0.59956 |0.10000
UnityEngine.DebugLogHandler:Internal_Log(LogType, LogOption, String, Object)
UnityEngine.DebugLogHandler:LogFormat(LogType, Object, String, Object[])
UnityEngine.Logger:Log(LogType, Object)
UnityEngine.Debug:Log(Object)
HighPrecisionStepperJuggler.SerialInterface:ProcessReceiveBuffer()
HighPrecisionStepperJuggler.SerialInterface:Update()
 
(Filename: C:\build\output\unity\unity\Runtime/Export/Debug/Debug.bindings.h Line: 35)

[SerialInterface] Received: Num of move batches: 1
UnityEngine.DebugLogHandler:Internal_Log(LogType, LogOption, String, Object)
UnityEngine.DebugLogHandler:LogFormat(LogType, Object, String, Object[])
UnityEngine.Logger:Log(LogType, Object)
UnityEngine.Debug:Log(Object)
HighPrecisionStepperJuggler.SerialInterface:ProcessReceiveBuffer()
HighPrecisionStepperJuggler.SerialInterface:Update()
 
(Filename: C:\build\output\unity\unity\Runtime/Export/Debug/Debug.bindings.h Line: 35)

[SerialInterface] Received: Batch 0 marker value: 11.00000
UnityEngine.DebugLogHandler:Internal_Log(LogType, LogOption, String, Object)
UnityEngine.DebugLogHandler:LogFormat(LogType, Object, String, Object[])
UnityEngine.Logger:Log(LogType, Object)
UnityEngine.Debug:Log(Object)
HighPrecisionStepperJuggler.SerialInterface:ProcessReceiveBuffer()
HighPrecisionStepperJuggler.SerialInterface:Update()
 
(Filename: C:\build\output\unity\unity\Runtime/Export/Debug/Debug.bindings.h Line: 35)

[SerialInterface] Received: Marker matches expected value.
UnityEngine.DebugLogHandler:Internal_Log(LogType, LogOption, String, Object)
UnityEngine.DebugLogHandler:LogFormat(LogType, Object, String, Object[])
UnityEngine.Logger:Log(LogType, Object)
UnityEngine.Debug:Log(Object)
HighPrecisionStepperJuggler.SerialInterface:ProcessReceiveBuffer()
HighPrecisionStepperJuggler.SerialInterface:Update()
 
(Filename: C:\build\output\unity\unity\Runtime/Export/Debug/Debug.bindings.h Line: 35)

[SerialInterface] Received: Motor0 pulses: 1731
UnityEngine.DebugLogHandler:Internal_Log(LogType, LogOption, String, Object)
UnityEngine.DebugLogHandler:LogFormat(LogType, Object, String, Object[])
UnityEngine.Logger:Log(LogType, Object)
UnityEngine.Debug:Log(Object)
HighPrecisionStepperJuggler.SerialInterface:ProcessReceiveBuffer()
HighPrecisionStepperJuggler.SerialInterface:Update()
 
(Filename: C:\build\output\unity\unity\Runtime/Export/Debug/Debug.bindings.h Line: 35)

[SerialInterface] Received: Motor1 pulses: 1731
UnityEngine.DebugLogHandler:Internal_Log(LogType, LogOption, String, Object)
UnityEngine.DebugLogHandler:LogFormat(LogType, Object, String, Object[])
UnityEngine.Logger:Log(LogType, Object)
UnityEngine.Debug:Log(Object)
HighPrecisionStepperJuggler.SerialInterface:ProcessReceiveBuffer()
HighPrecisionStepperJuggler.SerialInterface:Update()
 
(Filename: C:\build\output\unity\unity\Runtime/Export/Debug/Debug.bindings.h Line: 35)

[SerialInterface] Received: Motor2 pulses: 1885
UnityEngine.DebugLogHandler:Internal_Log(LogType, LogOption, String, Object)
UnityEngine.DebugLogHandler:LogFormat(LogType, Object, String, Object[])
UnityEngine.Logger:Log(LogType, Object)
UnityEngine.Debug:Log(Object)
HighPrecisionStepperJuggler.SerialInterface:ProcessReceiveBuffer()
HighPrecisionStepperJuggler.SerialInterface:Update()
 
(Filename: C:\build\output\unity\unity\Runtime/Export/Debug/Debug.bindings.h Line: 35)

[SerialInterface] Received: Motor3 pulses: 1581
UnityEngine.DebugLogHandler:Internal_Log(LogType, LogOption, String, Object)
UnityEngine.DebugLogHandler:LogFormat(LogType, Object, String, Object[])
UnityEngine.Logger:Log(LogType, Object)
UnityEngine.Debug:Log(Object)
HighPrecisionStepperJuggler.SerialInterface:ProcessReceiveBuffer()
HighPrecisionStepperJuggler.SerialInterface:Update()
 
(Filename: C:\build\output\unity\unity\Runtime/Export/Debug/Debug.bindings.h Line: 35)

[SerialInterface] Received: Move duration: 0.10000
UnityEngine.DebugLogHandler:Internal_Log(LogType, LogOption, String, Object)
UnityEngine.DebugLogHandler:LogFormat(LogType, Object, String, Object[])
UnityEngine.Logger:Log(LogType, Object)
UnityEngine.Debug:Log(Object)
HighPrecisionStepperJuggler.SerialInterface:ProcessReceiveBuffer()
HighPrecisionStepperJuggler.SerialInterface:Update()
 
(Filename: C:\build\output\unity\unity\Runtime/Export/Debug/Debug.bindings.h Line: 35)

Ball r, x, y :52.04, 119, -60
UnityEngine.DebugLogHandler:Internal_Log(LogType, LogOption, String, Object)
UnityEngine.DebugLogHandler:LogFormat(LogType, Object, String, Object[])
UnityEngine.Logger:Log(LogType, Object)
UnityEngine.Debug:Log(Object)
HighPrecisionStepperJuggler.ImageProcessingInstructionSender:Update()
 
(Filename: C:\build\output\unity\unity\Runtime/Export/Debug/Debug.bindings.h Line: 35)

Ball r, x, y :52.04, 110, -90
UnityEngine.DebugLogHandler:Internal_Log(LogType, LogOption, String, Object)
UnityEngine.DebugLogHandler:LogFormat(LogType, Object, String, Object[])
UnityEngine.Logger:Log(LogType, Object)
UnityEngine.Debug:Log(Object)
HighPrecisionStepperJuggler.ImageProcessingInstructionSender:Update()
 
(Filename: C:\build\output\unity\unity\Runtime/Export/Debug/Debug.bindings.h Line: 35)

[SerialInterface] Sending: 11.00000:0.51458:0.61782:0.56571:0.56571:0.10000

UnityEngine.DebugLogHandler:Internal_Log(LogType, LogOption, String, Object)
UnityEngine.DebugLogHandler:LogFormat(LogType, Object, String, Object[])
UnityEngine.Logger:Log(LogType, Object)
UnityEngine.Debug:Log(Object)
HighPrecisionStepperJuggler.SerialInterface:Send(String)
HighPrecisionStepperJuggler.RealMachine:SendInstructions(List`1)
HighPrecisionStepperJuggler.InstructableMachine:Instruct(List`1)
HighPrecisionStepperJuggler.MachineController:SendInstructions(List`1)
HighPrecisionStepperJuggler.BallControlling:MoveToHeightWithAlternatingXYTiltCorrection(MachineController, ITiltController, BallData, Single, Single, Int32, Nullable`1)
HighPrecisionStepperJuggler.<>c__DisplayClass4_0:<TwoStepBouncing>b__0(BallData, MachineController, Int32)
HighPrecisionStepperJuggler.BallControlStrategy:Execute(BallData, MachineController)
HighPrecisionStepperJuggler.ImageProcessingInstructionSender:Update()
 
(Filename: C:\build\output\unity\unity\Runtime/Export/Debug/Debug.bindings.h Line: 35)

[SerialInterface] Received: RECEIVED MSG: 11.00000:0.51458:0.61782:0.56571:0.56571:0.10000
UnityEngine.DebugLogHandler:Internal_Log(LogType, LogOption, String, Object)
UnityEngine.DebugLogHandler:LogFormat(LogType, Object, String, Object[])
UnityEngine.Logger:Log(LogType, Object)
UnityEngine.Debug:Log(Object)
HighPrecisionStepperJuggler.SerialInterface:ProcessReceiveBuffer()
HighPrecisionStepperJuggler.SerialInterface:Update()
 
(Filename: C:\build\output\unity\unity\Runtime/Export/Debug/Debug.bindings.h Line: 35)

[SerialInterface] Received: Parsed tokens (count=6): 11.00000 |0.51458 |0.61782 |0.56571 |0.56571 |0.10000
UnityEngine.DebugLogHandler:Internal_Log(LogType, LogOption, String, Object)
UnityEngine.DebugLogHandler:LogFormat(LogType, Object, String, Object[])
UnityEngine.Logger:Log(LogType, Object)
UnityEngine.Debug:Log(Object)
HighPrecisionStepperJuggler.SerialInterface:ProcessReceiveBuffer()
HighPrecisionStepperJuggler.SerialInterface:Update()
 
(Filename: C:\build\output\unity\unity\Runtime/Export/Debug/Debug.bindings.h Line: 35)

[SerialInterface] Received: Num of move batches: 1
UnityEngine.DebugLogHandler:Internal_Log(LogType, LogOption, String, Object)
UnityEngine.DebugLogHandler:LogFormat(LogType, Object, String, Object[])
UnityEngine.Logger:Log(LogType, Object)
UnityEngine.Debug:Log(Object)
HighPrecisionStepperJuggler.SerialInterface:ProcessReceiveBuffer()
HighPrecisionStepperJuggler.SerialInterface:Update()
 
(Filename: C:\build\output\unity\unity\Runtime/Export/Debug/Debug.bindings.h Line: 35)

[SerialInterface] Received: Batch 0 marker value: 11.00000
UnityEngine.DebugLogHandler:Internal_Log(LogType, LogOption, String, Object)
UnityEngine.DebugLogHandler:LogFormat(LogType, Object, String, Object[])
UnityEngine.Logger:Log(LogType, Object)
UnityEngine.Debug:Log(Object)
HighPrecisionStepperJuggler.SerialInterface:ProcessReceiveBuffer()
HighPrecisionStepperJuggler.SerialInterface:Update()
 
(Filename: C:\build\output\unity\unity\Runtime/Export/Debug/Debug.bindings.h Line: 35)

[SerialInterface] Received: Marker matches expected value.
UnityEngine.DebugLogHandler:Internal_Log(LogType, LogOption, String, Object)
UnityEngine.DebugLogHandler:LogFormat(LogType, Object, String, Object[])
UnityEngine.Logger:Log(LogType, Object)
UnityEngine.Debug:Log(Object)
HighPrecisionStepperJuggler.SerialInterface:ProcessReceiveBuffer()
HighPrecisionStepperJuggler.SerialInterface:Update()
 
(Filename: C:\build\output\unity\unity\Runtime/Export/Debug/Debug.bindings.h Line: 35)

[SerialInterface] Received: Motor0 pulses: 1357
UnityEngine.DebugLogHandler:Internal_Log(LogType, LogOption, String, Object)
UnityEngine.DebugLogHandler:LogFormat(LogType, Object, String, Object[])
UnityEngine.Logger:Log(LogType, Object)
UnityEngine.Debug:Log(Object)
HighPrecisionStepperJuggler.SerialInterface:ProcessReceiveBuffer()
HighPrecisionStepperJuggler.SerialInterface:Update()
 
(Filename: C:\build\output\unity\unity\Runtime/Export/Debug/Debug.bindings.h Line: 35)

[SerialInterface] Received: Motor1 pulses: 1629
UnityEngine.DebugLogHandler:Internal_Log(LogType, LogOption, String, Object)
UnityEngine.DebugLogHandler:LogFormat(LogType, Object, String, Object[])
UnityEngine.Logger:Log(LogType, Object)
UnityEngine.Debug:Log(Object)
HighPrecisionStepperJuggler.SerialInterface:ProcessReceiveBuffer()
HighPrecisionStepperJuggler.SerialInterface:Update()
 
(Filename: C:\build\output\unity\unity\Runtime/Export/Debug/Debug.bindings.h Line: 35)

[SerialInterface] Received: Motor2 pulses: 1492
UnityEngine.DebugLogHandler:Internal_Log(LogType, LogOption, String, Object)
UnityEngine.DebugLogHandler:LogFormat(LogType, Object, String, Object[])
UnityEngine.Logger:Log(LogType, Object)
UnityEngine.Debug:Log(Object)
HighPrecisionStepperJuggler.SerialInterface:ProcessReceiveBuffer()
HighPrecisionStepperJuggler.SerialInterface:Update()
 
(Filename: C:\build\output\unity\unity\Runtime/Export/Debug/Debug.bindings.h Line: 35)

[SerialInterface] Received: Motor3 pulses: 1492
UnityEngine.DebugLogHandler:Internal_Log(LogType, LogOption, String, Object)
UnityEngine.DebugLogHandler:LogFormat(LogType, Object, String, Object[])
UnityEngine.Logger:Log(LogType, Object)
UnityEngine.Debug:Log(Object)
HighPrecisionStepperJuggler.SerialInterface:ProcessReceiveBuffer()
HighPrecisionStepperJuggler.SerialInterface:Update()
 
(Filename: C:\build\output\unity\unity\Runtime/Export/Debug/Debug.bindings.h Line: 35)

[SerialInterface] Received: Move duration: 0.10000
UnityEngine.DebugLogHandler:Internal_Log(LogType, LogOption, String, Object)
UnityEngine.DebugLogHandler:LogFormat(LogType, Object, String, Object[])
UnityEngine.Logger:Log(LogType, Object)
UnityEngine.Debug:Log(Object)
HighPrecisionStepperJuggler.SerialInterface:ProcessReceiveBuffer()
HighPrecisionStepperJuggler.SerialInterface:Update()
 
(Filename: C:\build\output\unity\unity\Runtime/Export/Debug/Debug.bindings.h Line: 35)

Ball r, x, y :54.68, 108, -150
UnityEngine.DebugLogHandler:Internal_Log(LogType, LogOption, String, Object)
UnityEngine.DebugLogHandler:LogFormat(LogType, Object, String, Object[])
UnityEngine.Logger:Log(LogType, Object)
UnityEngine.Debug:Log(Object)
HighPrecisionStepperJuggler.ImageProcessingInstructionSender:Update()
 
(Filename: C:\build\output\unity\unity\Runtime/Export/Debug/Debug.bindings.h Line: 35)

Ball r, x, y :48.56, 99, -210
UnityEngine.DebugLogHandler:Internal_Log(LogType, LogOption, String, Object)
UnityEngine.DebugLogHandler:LogFormat(LogType, Object, String, Object[])
UnityEngine.Logger:Log(LogType, Object)
UnityEngine.Debug:Log(Object)
HighPrecisionStepperJuggler.ImageProcessingInstructionSender:Update()
 
(Filename: C:\build\output\unity\unity\Runtime/Export/Debug/Debug.bindings.h Line: 35)

Ball r, x, y :0, 0, 0
UnityEngine.DebugLogHandler:Internal_Log(LogType, LogOption, String, Object)
UnityEngine.DebugLogHandler:LogFormat(LogType, Object, String, Object[])
UnityEngine.Logger:Log(LogType, Object)
UnityEngine.Debug:Log(Object)
HighPrecisionStepperJuggler.ImageProcessingInstructionSender:Update()
 
(Filename: C:\build\output\unity\unity\Runtime/Export/Debug/Debug.bindings.h Line: 35)

Ball r, x, y :0, 0, 0
UnityEngine.DebugLogHandler:Internal_Log(LogType, LogOption, String, Object)
UnityEngine.DebugLogHandler:LogFormat(LogType, Object, String, Object[])
UnityEngine.Logger:Log(LogType, Object)
UnityEngine.Debug:Log(Object)
HighPrecisionStepperJuggler.ImageProcessingInstructionSender:Update()
 
(Filename: C:\build\output\unity\unity\Runtime/Export/Debug/Debug.bindings.h Line: 35)

Ball r, x, y :0, 0, 0
UnityEngine.DebugLogHandler:Internal_Log(LogType, LogOption, String, Object)
UnityEngine.DebugLogHandler:LogFormat(LogType, Object, String, Object[])
UnityEngine.Logger:Log(LogType, Object)
UnityEngine.Debug:Log(Object)
HighPrecisionStepperJuggler.ImageProcessingInstructionSender:Update()
 
(Filename: C:\build\output\unity\unity\Runtime/Export/Debug/Debug.bindings.h Line: 35)

Ball r, x, y :45.5, 81, -210
UnityEngine.DebugLogHandler:Internal_Log(LogType, LogOption, String, Object)
UnityEngine.DebugLogHandler:LogFormat(LogType, Object, String, Object[])
UnityEngine.Logger:Log(LogType, Object)
UnityEngine.Debug:Log(Object)
HighPrecisionStepperJuggler.ImageProcessingInstructionSender:Update()
 
(Filename: C:\build\output\unity\unity\Runtime/Export/Debug/Debug.bindings.h Line: 35)

Ball r, x, y :49.06, 95, -150
UnityEngine.DebugLogHandler:Internal_Log(LogType, LogOption, String, Object)
UnityEngine.DebugLogHandler:LogFormat(LogType, Object, String, Object[])
UnityEngine.Logger:Log(LogType, Object)
UnityEngine.Debug:Log(Object)
HighPrecisionStepperJuggler.ImageProcessingInstructionSender:Update()
 
(Filename: C:\build\output\unity\unity\Runtime/Export/Debug/Debug.bindings.h Line: 35)

Ball r, x, y :50.76, 107, -90
UnityEngine.DebugLogHandler:Internal_Log(LogType, LogOption, String, Object)
UnityEngine.DebugLogHandler:LogFormat(LogType, Object, String, Object[])
UnityEngine.Logger:Log(LogType, Object)
UnityEngine.Debug:Log(Object)
HighPrecisionStepperJuggler.ImageProcessingInstructionSender:Update()
 
(Filename: C:\build\output\unity\unity\Runtime/Export/Debug/Debug.bindings.h Line: 35)

Ball r, x, y :45, 113, -30
UnityEngine.DebugLogHandler:Internal_Log(LogType, LogOption, String, Object)
UnityEngine.DebugLogHandler:LogFormat(LogType, Object, String, Object[])
UnityEngine.Logger:Log(LogType, Object)
UnityEngine.Debug:Log(Object)
HighPrecisionStepperJuggler.ImageProcessingInstructionSender:Update()
 
(Filename: C:\build\output\unity\unity\Runtime/Export/Debug/Debug.bindings.h Line: 35)

Ball r, x, y :53.4, 118, 0
UnityEngine.DebugLogHandler:Internal_Log(LogType, LogOption, String, Object)
UnityEngine.DebugLogHandler:LogFormat(LogType, Object, String, Object[])
UnityEngine.Logger:Log(LogType, Object)
UnityEngine.Debug:Log(Object)
HighPrecisionStepperJuggler.ImageProcessingInstructionSender:Update()
 
(Filename: C:\build\output\unity\unity\Runtime/Export/Debug/Debug.bindings.h Line: 35)

Ball r, x, y :55.94, 127, 30
UnityEngine.DebugLogHandler:Internal_Log(LogType, LogOption, String, Object)
UnityEngine.DebugLogHandler:LogFormat(LogType, Object, String, Object[])
UnityEngine.Logger:Log(LogType, Object)
UnityEngine.Debug:Log(Object)
HighPrecisionStepperJuggler.ImageProcessingInstructionSender:Update()
 
(Filename: C:\build\output\unity\unity\Runtime/Export/Debug/Debug.bindings.h Line: 35)

[SerialInterface] Sending: 11.00000:0.65624:0.65624:0.72087:0.59380:0.10000

UnityEngine.DebugLogHandler:Internal_Log(LogType, LogOption, String, Object)
UnityEngine.DebugLogHandler:LogFormat(LogType, Object, String, Object[])
UnityEngine.Logger:Log(LogType, Object)
UnityEngine.Debug:Log(Object)
HighPrecisionStepperJuggler.SerialInterface:Send(String)
HighPrecisionStepperJuggler.RealMachine:SendInstructions(List`1)
HighPrecisionStepperJuggler.InstructableMachine:Instruct(List`1)
HighPrecisionStepperJuggler.MachineController:SendInstructions(List`1)
HighPrecisionStepperJuggler.BallControlling:MoveToHeightWithAlternatingXYTiltCorrection(MachineController, ITiltController, BallData, Single, Single, Int32, Nullable`1)
HighPrecisionStepperJuggler.<>c__DisplayClass4_0:<TwoStepBouncing>b__0(BallData, MachineController, Int32)
HighPrecisionStepperJuggler.BallControlStrategy:Execute(BallData, MachineController)
HighPrecisionStepperJuggler.ImageProcessingInstructionSender:Update()
 
(Filename: C:\build\output\unity\unity\Runtime/Export/Debug/Debug.bindings.h Line: 35)

[SerialInterface] Received: RECEIVED MSG: 11.00000:0.65624:0.65624:0.72087:0.59380:0.10000
UnityEngine.DebugLogHandler:Internal_Log(LogType, LogOption, String, Object)
UnityEngine.DebugLogHandler:LogFormat(LogType, Object, String, Object[])
UnityEngine.Logger:Log(LogType, Object)
UnityEngine.Debug:Log(Object)
HighPrecisionStepperJuggler.SerialInterface:ProcessReceiveBuffer()
HighPrecisionStepperJuggler.SerialInterface:Update()
 
(Filename: C:\build\output\unity\unity\Runtime/Export/Debug/Debug.bindings.h Line: 35)

[SerialInterface] Received: Parsed tokens (count=6): 11.00000 |0.65624 |0.65624 |0.72087 |0.59380 |0.10000
UnityEngine.DebugLogHandler:Internal_Log(LogType, LogOption, String, Object)
UnityEngine.DebugLogHandler:LogFormat(LogType, Object, String, Object[])
UnityEngine.Logger:Log(LogType, Object)
UnityEngine.Debug:Log(Object)
HighPrecisionStepperJuggler.SerialInterface:ProcessReceiveBuffer()
HighPrecisionStepperJuggler.SerialInterface:Update()
 
(Filename: C:\build\output\unity\unity\Runtime/Export/Debug/Debug.bindings.h Line: 35)

[SerialInterface] Received: Num of move batches: 1
UnityEngine.DebugLogHandler:Internal_Log(LogType, LogOption, String, Object)
UnityEngine.DebugLogHandler:LogFormat(LogType, Object, String, Object[])
UnityEngine.Logger:Log(LogType, Object)
UnityEngine.Debug:Log(Object)
HighPrecisionStepperJuggler.SerialInterface:ProcessReceiveBuffer()
HighPrecisionStepperJuggler.SerialInterface:Update()
 
(Filename: C:\build\output\unity\unity\Runtime/Export/Debug/Debug.bindings.h Line: 35)

[SerialInterface] Received: Batch 0 marker value: 11.00000
UnityEngine.DebugLogHandler:Internal_Log(LogType, LogOption, String, Object)
UnityEngine.DebugLogHandler:LogFormat(LogType, Object, String, Object[])
UnityEngine.Logger:Log(LogType, Object)
UnityEngine.Debug:Log(Object)
HighPrecisionStepperJuggler.SerialInterface:ProcessReceiveBuffer()
HighPrecisionStepperJuggler.SerialInterface:Update()
 
(Filename: C:\build\output\unity\unity\Runtime/Export/Debug/Debug.bindings.h Line: 35)

[SerialInterface] Received: Marker matches expected value.
UnityEngine.DebugLogHandler:Internal_Log(LogType, LogOption, String, Object)
UnityEngine.DebugLogHandler:LogFormat(LogType, Object, String, Object[])
UnityEngine.Logger:Log(LogType, Object)
UnityEngine.Debug:Log(Object)
HighPrecisionStepperJuggler.SerialInterface:ProcessReceiveBuffer()
HighPrecisionStepperJuggler.SerialInterface:Update()
 
(Filename: C:\build\output\unity\unity\Runtime/Export/Debug/Debug.bindings.h Line: 35)

[SerialInterface] Received: Motor0 pulses: 1731
UnityEngine.DebugLogHandler:Internal_Log(LogType, LogOption, String, Object)
UnityEngine.DebugLogHandler:LogFormat(LogType, Object, String, Object[])
UnityEngine.Logger:Log(LogType, Object)
UnityEngine.Debug:Log(Object)
HighPrecisionStepperJuggler.SerialInterface:ProcessReceiveBuffer()
HighPrecisionStepperJuggler.SerialInterface:Update()
 
(Filename: C:\build\output\unity\unity\Runtime/Export/Debug/Debug.bindings.h Line: 35)

[SerialInterface] Received: Motor1 pulses: 1731
UnityEngine.DebugLogHandler:Internal_Log(LogType, LogOption, String, Object)
UnityEngine.DebugLogHandler:LogFormat(LogType, Object, String, Object[])
UnityEngine.Logger:Log(LogType, Object)
UnityEngine.Debug:Log(Object)
HighPrecisionStepperJuggler.SerialInterface:ProcessReceiveBuffer()
HighPrecisionStepperJuggler.SerialInterface:Update()
 
(Filename: C:\build\output\unity\unity\Runtime/Export/Debug/Debug.bindings.h Line: 35)

[SerialInterface] Received: Motor2 pulses: 1901
UnityEngine.DebugLogHandler:Internal_Log(LogType, LogOption, String, Object)
UnityEngine.DebugLogHandler:LogFormat(LogType, Object, String, Object[])
UnityEngine.Logger:Log(LogType, Object)
UnityEngine.Debug:Log(Object)
HighPrecisionStepperJuggler.SerialInterface:ProcessReceiveBuffer()
HighPrecisionStepperJuggler.SerialInterface:Update()
 
(Filename: C:\build\output\unity\unity\Runtime/Export/Debug/Debug.bindings.h Line: 35)

[SerialInterface] Received: Motor3 pulses: 1566
UnityEngine.DebugLogHandler:Internal_Log(LogType, LogOption, String, Object)
UnityEngine.DebugLogHandler:LogFormat(LogType, Object, String, Object[])
UnityEngine.Logger:Log(LogType, Object)
UnityEngine.Debug:Log(Object)
HighPrecisionStepperJuggler.SerialInterface:ProcessReceiveBuffer()
HighPrecisionStepperJuggler.SerialInterface:Update()
 
(Filename: C:\build\output\unity\unity\Runtime/Export/Debug/Debug.bindings.h Line: 35)

[SerialInterface] Received: Move duration: 0.10000
UnityEngine.DebugLogHandler:Internal_Log(LogType, LogOption, String, Object)
UnityEngine.DebugLogHandler:LogFormat(LogType, Object, String, Object[])
UnityEngine.Logger:Log(LogType, Object)
UnityEngine.Debug:Log(Object)
HighPrecisionStepperJuggler.SerialInterface:ProcessReceiveBuffer()
HighPrecisionStepperJuggler.SerialInterface:Update()
 
(Filename: C:\build\output\unity\unity\Runtime/Export/Debug/Debug.bindings.h Line: 35)

Ball r, x, y :60.78, 130, 30
UnityEngine.DebugLogHandler:Internal_Log(LogType, LogOption, String, Object)
UnityEngine.DebugLogHandler:LogFormat(LogType, Object, String, Object[])
UnityEngine.Logger:Log(LogType, Object)
UnityEngine.Debug:Log(Object)
HighPrecisionStepperJuggler.ImageProcessingInstructionSender:Update()
 
(Filename: C:\build\output\unity\unity\Runtime/Export/Debug/Debug.bindings.h Line: 35)

Ball r, x, y :58.22, 132, 30
UnityEngine.DebugLogHandler:Internal_Log(LogType, LogOption, String, Object)
UnityEngine.DebugLogHandler:LogFormat(LogType, Object, String, Object[])
UnityEngine.Logger:Log(LogType, Object)
UnityEngine.Debug:Log(Object)
HighPrecisionStepperJuggler.ImageProcessingInstructionSender:Update()
 
(Filename: C:\build\output\unity\unity\Runtime/Export/Debug/Debug.bindings.h Line: 35)

Ball r, x, y :49.84, 130, 30
UnityEngine.DebugLogHandler:Internal_Log(LogType, LogOption, String, Object)
UnityEngine.DebugLogHandler:LogFormat(LogType, Object, String, Object[])
UnityEngine.Logger:Log(LogType, Object)
UnityEngine.Debug:Log(Object)
HighPrecisionStepperJuggler.ImageProcessingInstructionSender:Update()
 
(Filename: C:\build\output\unity\unity\Runtime/Export/Debug/Debug.bindings.h Line: 35)

[SerialInterface] Sending: 11.00000:0.53369:0.59811:0.56571:0.56571:0.10000

UnityEngine.DebugLogHandler:Internal_Log(LogType, LogOption, String, Object)
UnityEngine.DebugLogHandler:LogFormat(LogType, Object, String, Object[])
UnityEngine.Logger:Log(LogType, Object)
UnityEngine.Debug:Log(Object)
HighPrecisionStepperJuggler.SerialInterface:Send(String)
HighPrecisionStepperJuggler.RealMachine:SendInstructions(List`1)
HighPrecisionStepperJuggler.InstructableMachine:Instruct(List`1)
HighPrecisionStepperJuggler.MachineController:SendInstructions(List`1)
HighPrecisionStepperJuggler.BallControlling:MoveToHeightWithAlternatingXYTiltCorrection(MachineController, ITiltController, BallData, Single, Single, Int32, Nullable`1)
HighPrecisionStepperJuggler.<>c__DisplayClass4_0:<TwoStepBouncing>b__0(BallData, MachineController, Int32)
HighPrecisionStepperJuggler.BallControlStrategy:Execute(BallData, MachineController)
HighPrecisionStepperJuggler.ImageProcessingInstructionSender:Update()
 
(Filename: C:\build\output\unity\unity\Runtime/Export/Debug/Debug.bindings.h Line: 35)

[SerialInterface] Received: RECEIVED MSG: 11.00000:0.53369:0.59811:0.56571:0.56571:0.10000
UnityEngine.DebugLogHandler:Internal_Log(LogType, LogOption, String, Object)
UnityEngine.DebugLogHandler:LogFormat(LogType, Object, String, Object[])
UnityEngine.Logger:Log(LogType, Object)
UnityEngine.Debug:Log(Object)
HighPrecisionStepperJuggler.SerialInterface:ProcessReceiveBuffer()
HighPrecisionStepperJuggler.SerialInterface:Update()
 
(Filename: C:\build\output\unity\unity\Runtime/Export/Debug/Debug.bindings.h Line: 35)

[SerialInterface] Received: Parsed tokens (count=6): 11.00000 |0.53369 |0.59811 |0.56571 |0.56571 |0.10000
UnityEngine.DebugLogHandler:Internal_Log(LogType, LogOption, String, Object)
UnityEngine.DebugLogHandler:LogFormat(LogType, Object, String, Object[])
UnityEngine.Logger:Log(LogType, Object)
UnityEngine.Debug:Log(Object)
HighPrecisionStepperJuggler.SerialInterface:ProcessReceiveBuffer()
HighPrecisionStepperJuggler.SerialInterface:Update()
 
(Filename: C:\build\output\unity\unity\Runtime/Export/Debug/Debug.bindings.h Line: 35)

[SerialInterface] Received: Num of move batches: 1
UnityEngine.DebugLogHandler:Internal_Log(LogType, LogOption, String, Object)
UnityEngine.DebugLogHandler:LogFormat(LogType, Object, String, Object[])
UnityEngine.Logger:Log(LogType, Object)
UnityEngine.Debug:Log(Object)
HighPrecisionStepperJuggler.SerialInterface:ProcessReceiveBuffer()
HighPrecisionStepperJuggler.SerialInterface:Update()
 
(Filename: C:\build\output\unity\unity\Runtime/Export/Debug/Debug.bindings.h Line: 35)

[SerialInterface] Received: Batch 0 marker value: 11.00000
UnityEngine.DebugLogHandler:Internal_Log(LogType, LogOption, String, Object)
UnityEngine.DebugLogHandler:LogFormat(LogType, Object, String, Object[])
UnityEngine.Logger:Log(LogType, Object)
UnityEngine.Debug:Log(Object)
HighPrecisionStepperJuggler.SerialInterface:ProcessReceiveBuffer()
HighPrecisionStepperJuggler.SerialInterface:Update()
 
(Filename: C:\build\output\unity\unity\Runtime/Export/Debug/Debug.bindings.h Line: 35)

[SerialInterface] Received: Marker matches expected value.
UnityEngine.DebugLogHandler:Internal_Log(LogType, LogOption, String, Object)
UnityEngine.DebugLogHandler:LogFormat(LogType, Object, String, Object[])
UnityEngine.Logger:Log(LogType, Object)
UnityEngine.Debug:Log(Object)
HighPrecisionStepperJuggler.SerialInterface:ProcessReceiveBuffer()
HighPrecisionStepperJuggler.SerialInterface:Update()
 
(Filename: C:\build\output\unity\unity\Runtime/Export/Debug/Debug.bindings.h Line: 35)

[SerialInterface] Received: Motor0 pulses: 1407
UnityEngine.DebugLogHandler:Internal_Log(LogType, LogOption, String, Object)
UnityEngine.DebugLogHandler:LogFormat(LogType, Object, String, Object[])
UnityEngine.Logger:Log(LogType, Object)
UnityEngine.Debug:Log(Object)
HighPrecisionStepperJuggler.SerialInterface:ProcessReceiveBuffer()
HighPrecisionStepperJuggler.SerialInterface:Update()
 
(Filename: C:\build\output\unity\unity\Runtime/Export/Debug/Debug.bindings.h Line: 35)

[SerialInterface] Received: Motor1 pulses: 1577
UnityEngine.DebugLogHandler:Internal_Log(LogType, LogOption, String, Object)
UnityEngine.DebugLogHandler:LogFormat(LogType, Object, String, Object[])
UnityEngine.Logger:Log(LogType, Object)
UnityEngine.Debug:Log(Object)
HighPrecisionStepperJuggler.SerialInterface:ProcessReceiveBuffer()
HighPrecisionStepperJuggler.SerialInterface:Update()
 
(Filename: C:\build\output\unity\unity\Runtime/Export/Debug/Debug.bindings.h Line: 35)

[SerialInterface] Received: Motor2 pulses: 1492
UnityEngine.DebugLogHandler:Internal_Log(LogType, LogOption, String, Object)
UnityEngine.DebugLogHandler:LogFormat(LogType, Object, String, Object[])
UnityEngine.Logger:Log(LogType, Object)
UnityEngine.Debug:Log(Object)
HighPrecisionStepperJuggler.SerialInterface:ProcessReceiveBuffer()
HighPrecisionStepperJuggler.SerialInterface:Update()
 
(Filename: C:\build\output\unity\unity\Runtime/Export/Debug/Debug.bindings.h Line: 35)

[SerialInterface] Received: Motor3 pulses: 1492
UnityEngine.DebugLogHandler:Internal_Log(LogType, LogOption, String, Object)
UnityEngine.DebugLogHandler:LogFormat(LogType, Object, String, Object[])
UnityEngine.Logger:Log(LogType, Object)
UnityEngine.Debug:Log(Object)
HighPrecisionStepperJuggler.SerialInterface:ProcessReceiveBuffer()
HighPrecisionStepperJuggler.SerialInterface:Update()
 
(Filename: C:\build\output\unity\unity\Runtime/Export/Debug/Debug.bindings.h Line: 35)

[SerialInterface] Received: Move duration: 0.10000
UnityEngine.DebugLogHandler:Internal_Log(LogType, LogOption, String, Object)
UnityEngine.DebugLogHandler:LogFormat(LogType, Object, String, Object[])
UnityEngine.Logger:Log(LogType, Object)
UnityEngine.Debug:Log(Object)
HighPrecisionStepperJuggler.SerialInterface:ProcessReceiveBuffer()
HighPrecisionStepperJuggler.SerialInterface:Update()
 
(Filename: C:\build\output\unity\unity\Runtime/Export/Debug/Debug.bindings.h Line: 35)

Ball r, x, y :52.5, 132, 0
UnityEngine.DebugLogHandler:Internal_Log(LogType, LogOption, String, Object)
UnityEngine.DebugLogHandler:LogFormat(LogType, Object, String, Object[])
UnityEngine.Logger:Log(LogType, Object)
UnityEngine.Debug:Log(Object)
HighPrecisionStepperJuggler.ImageProcessingInstructionSender:Update()
 
(Filename: C:\build\output\unity\unity\Runtime/Export/Debug/Debug.bindings.h Line: 35)

Ball r, x, y :41.1, 138, 0
UnityEngine.DebugLogHandler:Internal_Log(LogType, LogOption, String, Object)
UnityEngine.DebugLogHandler:LogFormat(LogType, Object, String, Object[])
UnityEngine.Logger:Log(LogType, Object)
UnityEngine.Debug:Log(Object)
HighPrecisionStepperJuggler.ImageProcessingInstructionSender:Update()
 
(Filename: C:\build\output\unity\unity\Runtime/Export/Debug/Debug.bindings.h Line: 35)

Ball r, x, y :33.06, 144, 0
UnityEngine.DebugLogHandler:Internal_Log(LogType, LogOption, String, Object)
UnityEngine.DebugLogHandler:LogFormat(LogType, Object, String, Object[])
UnityEngine.Logger:Log(LogType, Object)
UnityEngine.Debug:Log(Object)
HighPrecisionStepperJuggler.ImageProcessingInstructionSender:Update()
 
(Filename: C:\build\output\unity\unity\Runtime/Export/Debug/Debug.bindings.h Line: 35)

Ball r, x, y :36.7, 142, 0
UnityEngine.DebugLogHandler:Internal_Log(LogType, LogOption, String, Object)
UnityEngine.DebugLogHandler:LogFormat(LogType, Object, String, Object[])
UnityEngine.Logger:Log(LogType, Object)
UnityEngine.Debug:Log(Object)
HighPrecisionStepperJuggler.ImageProcessingInstructionSender:Update()
 
(Filename: C:\build\output\unity\unity\Runtime/Export/Debug/Debug.bindings.h Line: 35)

Ball r, x, y :39.82, 138, 0
UnityEngine.DebugLogHandler:Internal_Log(LogType, LogOption, String, Object)
UnityEngine.DebugLogHandler:LogFormat(LogType, Object, String, Object[])
UnityEngine.Logger:Log(LogType, Object)
UnityEngine.Debug:Log(Object)
HighPrecisionStepperJuggler.ImageProcessingInstructionSender:Update()
 
(Filename: C:\build\output\unity\unity\Runtime/Export/Debug/Debug.bindings.h Line: 35)

Ball r, x, y :41.68155, -174, 0
UnityEngine.DebugLogHandler:Internal_Log(LogType, LogOption, String, Object)
UnityEngine.DebugLogHandler:LogFormat(LogType, Object, String, Object[])
UnityEngine.Logger:Log(LogType, Object)
UnityEngine.Debug:Log(Object)
HighPrecisionStepperJuggler.ImageProcessingInstructionSender:Update()
 
(Filename: C:\build\output\unity\unity\Runtime/Export/Debug/Debug.bindings.h Line: 35)

Ball r, x, y :43.46, 162, 30
UnityEngine.DebugLogHandler:Internal_Log(LogType, LogOption, String, Object)
UnityEngine.DebugLogHandler:LogFormat(LogType, Object, String, Object[])
UnityEngine.Logger:Log(LogType, Object)
UnityEngine.Debug:Log(Object)
HighPrecisionStepperJuggler.ImageProcessingInstructionSender:Update()
 
(Filename: C:\build\output\unity\unity\Runtime/Export/Debug/Debug.bindings.h Line: 35)

Ball r, x, y :47.28, 167, 30
UnityEngine.DebugLogHandler:Internal_Log(LogType, LogOption, String, Object)
UnityEngine.DebugLogHandler:LogFormat(LogType, Object, String, Object[])
UnityEngine.Logger:Log(LogType, Object)
UnityEngine.Debug:Log(Object)
HighPrecisionStepperJuggler.ImageProcessingInstructionSender:Update()
 
(Filename: C:\build\output\unity\unity\Runtime/Export/Debug/Debug.bindings.h Line: 35)

Ball r, x, y :48.56, 164, 30
UnityEngine.DebugLogHandler:Internal_Log(LogType, LogOption, String, Object)
UnityEngine.DebugLogHandler:LogFormat(LogType, Object, String, Object[])
UnityEngine.Logger:Log(LogType, Object)
UnityEngine.Debug:Log(Object)
HighPrecisionStepperJuggler.ImageProcessingInstructionSender:Update()
 
(Filename: C:\build\output\unity\unity\Runtime/Export/Debug/Debug.bindings.h Line: 35)

Ball r, x, y :45.9, 158, 30
UnityEngine.DebugLogHandler:Internal_Log(LogType, LogOption, String, Object)
UnityEngine.DebugLogHandler:LogFormat(LogType, Object, String, Object[])
UnityEngine.Logger:Log(LogType, Object)
UnityEngine.Debug:Log(Object)
HighPrecisionStepperJuggler.ImageProcessingInstructionSender:Update()
 
(Filename: C:\build\output\unity\unity\Runtime/Export/Debug/Debug.bindings.h Line: 35)

Ball r, x, y :41.96, 158, 30
UnityEngine.DebugLogHandler:Internal_Log(LogType, LogOption, String, Object)
UnityEngine.DebugLogHandler:LogFormat(LogType, Object, String, Object[])
UnityEngine.Logger:Log(LogType, Object)
UnityEngine.Debug:Log(Object)
HighPrecisionStepperJuggler.ImageProcessingInstructionSender:Update()
 
(Filename: C:\build\output\unity\unity\Runtime/Export/Debug/Debug.bindings.h Line: 35)

Ball r, x, y :52.9, 178, 0
UnityEngine.DebugLogHandler:Internal_Log(LogType, LogOption, String, Object)
UnityEngine.DebugLogHandler:LogFormat(LogType, Object, String, Object[])
UnityEngine.Logger:Log(LogType, Object)
UnityEngine.Debug:Log(Object)
HighPrecisionStepperJuggler.ImageProcessingInstructionSender:Update()
 
(Filename: C:\build\output\unity\unity\Runtime/Export/Debug/Debug.bindings.h Line: 35)

Ball r, x, y :52.9, 204, 0
UnityEngine.DebugLogHandler:Internal_Log(LogType, LogOption, String, Object)
UnityEngine.DebugLogHandler:LogFormat(LogType, Object, String, Object[])
UnityEngine.Logger:Log(LogType, Object)
UnityEngine.Debug:Log(Object)
HighPrecisionStepperJuggler.ImageProcessingInstructionSender:Update()
 
(Filename: C:\build\output\unity\unity\Runtime/Export/Debug/Debug.bindings.h Line: 35)

Ball r, x, y :62.56, 205, -30
UnityEngine.DebugLogHandler:Internal_Log(LogType, LogOption, String, Object)
UnityEngine.DebugLogHandler:LogFormat(LogType, Object, String, Object[])
UnityEngine.Logger:Log(LogType, Object)
UnityEngine.Debug:Log(Object)
HighPrecisionStepperJuggler.ImageProcessingInstructionSender:Update()
 
(Filename: C:\build\output\unity\unity\Runtime/Export/Debug/Debug.bindings.h Line: 35)

[SerialInterface] Sending: 11.00000:0.65624:0.65624:0.64671:0.66582:0.10000

UnityEngine.DebugLogHandler:Internal_Log(LogType, LogOption, String, Object)
UnityEngine.DebugLogHandler:LogFormat(LogType, Object, String, Object[])
UnityEngine.Logger:Log(LogType, Object)
UnityEngine.Debug:Log(Object)
HighPrecisionStepperJuggler.SerialInterface:Send(String)
HighPrecisionStepperJuggler.RealMachine:SendInstructions(List`1)
HighPrecisionStepperJuggler.InstructableMachine:Instruct(List`1)
HighPrecisionStepperJuggler.MachineController:SendInstructions(List`1)
HighPrecisionStepperJuggler.BallControlling:MoveToHeightWithAlternatingXYTiltCorrection(MachineController, ITiltController, BallData, Single, Single, Int32, Nullable`1)
HighPrecisionStepperJuggler.<>c__DisplayClass4_0:<TwoStepBouncing>b__0(BallData, MachineController, Int32)
HighPrecisionStepperJuggler.BallControlStrategy:Execute(BallData, MachineController)
HighPrecisionStepperJuggler.ImageProcessingInstructionSender:Update()
 
(Filename: C:\build\output\unity\unity\Runtime/Export/Debug/Debug.bindings.h Line: 35)

[SerialInterface] Received: RECEIVED MSG: 11.00000:0.65624:0.65624:0.64671:0.66582:0.10000
UnityEngine.DebugLogHandler:Internal_Log(LogType, LogOption, String, Object)
UnityEngine.DebugLogHandler:LogFormat(LogType, Object, String, Object[])
UnityEngine.Logger:Log(LogType, Object)
UnityEngine.Debug:Log(Object)
HighPrecisionStepperJuggler.SerialInterface:ProcessReceiveBuffer()
HighPrecisionStepperJuggler.SerialInterface:Update()
 
(Filename: C:\build\output\unity\unity\Runtime/Export/Debug/Debug.bindings.h Line: 35)

[SerialInterface] Received: Parsed tokens (count=6): 11.00000 |0.65624 |0.65624 |0.64671 |0.66582 |0.10000
UnityEngine.DebugLogHandler:Internal_Log(LogType, LogOption, String, Object)
UnityEngine.DebugLogHandler:LogFormat(LogType, Object, String, Object[])
UnityEngine.Logger:Log(LogType, Object)
UnityEngine.Debug:Log(Object)
HighPrecisionStepperJuggler.SerialInterface:ProcessReceiveBuffer()
HighPrecisionStepperJuggler.SerialInterface:Update()
 
(Filename: C:\build\output\unity\unity\Runtime/Export/Debug/Debug.bindings.h Line: 35)

[SerialInterface] Received: Num of move batches: 1
UnityEngine.DebugLogHandler:Internal_Log(LogType, LogOption, String, Object)
UnityEngine.DebugLogHandler:LogFormat(LogType, Object, String, Object[])
UnityEngine.Logger:Log(LogType, Object)
UnityEngine.Debug:Log(Object)
HighPrecisionStepperJuggler.SerialInterface:ProcessReceiveBuffer()
HighPrecisionStepperJuggler.SerialInterface:Update()
 
(Filename: C:\build\output\unity\unity\Runtime/Export/Debug/Debug.bindings.h Line: 35)

[SerialInterface] Received: Batch 0 marker value: 11.00000
UnityEngine.DebugLogHandler:Internal_Log(LogType, LogOption, String, Object)
UnityEngine.DebugLogHandler:LogFormat(LogType, Object, String, Object[])
UnityEngine.Logger:Log(LogType, Object)
UnityEngine.Debug:Log(Object)
HighPrecisionStepperJuggler.SerialInterface:ProcessReceiveBuffer()
HighPrecisionStepperJuggler.SerialInterface:Update()
 
(Filename: C:\build\output\unity\unity\Runtime/Export/Debug/Debug.bindings.h Line: 35)

[SerialInterface] Received: Marker matches expected value.
UnityEngine.DebugLogHandler:Internal_Log(LogType, LogOption, String, Object)
UnityEngine.DebugLogHandler:LogFormat(LogType, Object, String, Object[])
UnityEngine.Logger:Log(LogType, Object)
UnityEngine.Debug:Log(Object)
HighPrecisionStepperJuggler.SerialInterface:ProcessReceiveBuffer()
HighPrecisionStepperJuggler.SerialInterface:Update()
 
(Filename: C:\build\output\unity\unity\Runtime/Export/Debug/Debug.bindings.h Line: 35)

[SerialInterface] Received: Motor0 pulses: 1731
UnityEngine.DebugLogHandler:Internal_Log(LogType, LogOption, String, Object)
UnityEngine.DebugLogHandler:LogFormat(LogType, Object, String, Object[])
UnityEngine.Logger:Log(LogType, Object)
UnityEngine.Debug:Log(Object)
HighPrecisionStepperJuggler.SerialInterface:ProcessReceiveBuffer()
HighPrecisionStepperJuggler.SerialInterface:Update()
 
(Filename: C:\build\output\unity\unity\Runtime/Export/Debug/Debug.bindings.h Line: 35)

[SerialInterface] Received: Motor1 pulses: 1731
UnityEngine.DebugLogHandler:Internal_Log(LogType, LogOption, String, Object)
UnityEngine.DebugLogHandler:LogFormat(LogType, Object, String, Object[])
UnityEngine.Logger:Log(LogType, Object)
UnityEngine.Debug:Log(Object)
HighPrecisionStepperJuggler.SerialInterface:ProcessReceiveBuffer()
HighPrecisionStepperJuggler.SerialInterface:Update()
 
(Filename: C:\build\output\unity\unity\Runtime/Export/Debug/Debug.bindings.h Line: 35)

[SerialInterface] Received: Motor2 pulses: 1706
UnityEngine.DebugLogHandler:Internal_Log(LogType, LogOption, String, Object)
UnityEngine.DebugLogHandler:LogFormat(LogType, Object, String, Object[])
UnityEngine.Logger:Log(LogType, Object)
UnityEngine.Debug:Log(Object)
HighPrecisionStepperJuggler.SerialInterface:ProcessReceiveBuffer()
HighPrecisionStepperJuggler.SerialInterface:Update()
 
(Filename: C:\build\output\unity\unity\Runtime/Export/Debug/Debug.bindings.h Line: 35)

[SerialInterface] Received: Motor3 pulses: 1756
UnityEngine.DebugLogHandler:Internal_Log(LogType, LogOption, String, Object)
UnityEngine.DebugLogHandler:LogFormat(LogType, Object, String, Object[])
UnityEngine.Logger:Log(LogType, Object)
UnityEngine.Debug:Log(Object)
HighPrecisionStepperJuggler.SerialInterface:ProcessReceiveBuffer()
HighPrecisionStepperJuggler.SerialInterface:Update()
 
(Filename: C:\build\output\unity\unity\Runtime/Export/Debug/Debug.bindings.h Line: 35)

[SerialInterface] Received: Move duration: 0.10000
UnityEngine.DebugLogHandler:Internal_Log(LogType, LogOption, String, Object)
UnityEngine.DebugLogHandler:LogFormat(LogType, Object, String, Object[])
UnityEngine.Logger:Log(LogType, Object)
UnityEngine.Debug:Log(Object)
HighPrecisionStepperJuggler.SerialInterface:ProcessReceiveBuffer()
HighPrecisionStepperJuggler.SerialInterface:Update()
 
(Filename: C:\build\output\unity\unity\Runtime/Export/Debug/Debug.bindings.h Line: 35)

Ball r, x, y :62.56, 195, -30
UnityEngine.DebugLogHandler:Internal_Log(LogType, LogOption, String, Object)
UnityEngine.DebugLogHandler:LogFormat(LogType, Object, String, Object[])
UnityEngine.Logger:Log(LogType, Object)
UnityEngine.Debug:Log(Object)
HighPrecisionStepperJuggler.ImageProcessingInstructionSender:Update()
 
(Filename: C:\build\output\unity\unity\Runtime/Export/Debug/Debug.bindings.h Line: 35)

Ball r, x, y :58.22, 188, -60
UnityEngine.DebugLogHandler:Internal_Log(LogType, LogOption, String, Object)
UnityEngine.DebugLogHandler:LogFormat(LogType, Object, String, Object[])
UnityEngine.Logger:Log(LogType, Object)
UnityEngine.Debug:Log(Object)
HighPrecisionStepperJuggler.ImageProcessingInstructionSender:Update()
 
(Filename: C:\build\output\unity\unity\Runtime/Export/Debug/Debug.bindings.h Line: 35)

[SerialInterface] Sending: 11.00000:0.54028:0.59138:0.56571:0.56571:0.10000

UnityEngine.DebugLogHandler:Internal_Log(LogType, LogOption, String, Object)
UnityEngine.DebugLogHandler:LogFormat(LogType, Object, String, Object[])
UnityEngine.Logger:Log(LogType, Object)
UnityEngine.Debug:Log(Object)
HighPrecisionStepperJuggler.SerialInterface:Send(String)
HighPrecisionStepperJuggler.RealMachine:SendInstructions(List`1)
HighPrecisionStepperJuggler.InstructableMachine:Instruct(List`1)
HighPrecisionStepperJuggler.MachineController:SendInstructions(List`1)
HighPrecisionStepperJuggler.BallControlling:MoveToHeightWithAlternatingXYTiltCorrection(MachineController, ITiltController, BallData, Single, Single, Int32, Nullable`1)
HighPrecisionStepperJuggler.<>c__DisplayClass4_0:<TwoStepBouncing>b__0(BallData, MachineController, Int32)
HighPrecisionStepperJuggler.BallControlStrategy:Execute(BallData, MachineController)
HighPrecisionStepperJuggler.ImageProcessingInstructionSender:Update()
 
(Filename: C:\build\output\unity\unity\Runtime/Export/Debug/Debug.bindings.h Line: 35)

[SerialInterface] Received: RECEIVED MSG: 11.00000:0.54028:0.59138:0.56571:0.56571:0.10000
UnityEngine.DebugLogHandler:Internal_Log(LogType, LogOption, String, Object)
UnityEngine.DebugLogHandler:LogFormat(LogType, Object, String, Object[])
UnityEngine.Logger:Log(LogType, Object)
UnityEngine.Debug:Log(Object)
HighPrecisionStepperJuggler.SerialInterface:ProcessReceiveBuffer()
HighPrecisionStepperJuggler.SerialInterface:Update()
 
(Filename: C:\build\output\unity\unity\Runtime/Export/Debug/Debug.bindings.h Line: 35)

[SerialInterface] Received: Parsed tokens (count=6): 11.00000 |0.54028 |0.59138 |0.56571 |0.56571 |0.10000
UnityEngine.DebugLogHandler:Internal_Log(LogType, LogOption, String, Object)
UnityEngine.DebugLogHandler:LogFormat(LogType, Object, String, Object[])
UnityEngine.Logger:Log(LogType, Object)
UnityEngine.Debug:Log(Object)
HighPrecisionStepperJuggler.SerialInterface:ProcessReceiveBuffer()
HighPrecisionStepperJuggler.SerialInterface:Update()
 
(Filename: C:\build\output\unity\unity\Runtime/Export/Debug/Debug.bindings.h Line: 35)

[SerialInterface] Received: Num of move batches: 1
UnityEngine.DebugLogHandler:Internal_Log(LogType, LogOption, String, Object)
UnityEngine.DebugLogHandler:LogFormat(LogType, Object, String, Object[])
UnityEngine.Logger:Log(LogType, Object)
UnityEngine.Debug:Log(Object)
HighPrecisionStepperJuggler.SerialInterface:ProcessReceiveBuffer()
HighPrecisionStepperJuggler.SerialInterface:Update()
 
(Filename: C:\build\output\unity\unity\Runtime/Export/Debug/Debug.bindings.h Line: 35)

[SerialInterface] Received: Batch 0 marker value: 11.00000
UnityEngine.DebugLogHandler:Internal_Log(LogType, LogOption, String, Object)
UnityEngine.DebugLogHandler:LogFormat(LogType, Object, String, Object[])
UnityEngine.Logger:Log(LogType, Object)
UnityEngine.Debug:Log(Object)
HighPrecisionStepperJuggler.SerialInterface:ProcessReceiveBuffer()
HighPrecisionStepperJuggler.SerialInterface:Update()
 
(Filename: C:\build\output\unity\unity\Runtime/Export/Debug/Debug.bindings.h Line: 35)

[SerialInterface] Received: Marker matches expected value.
UnityEngine.DebugLogHandler:Internal_Log(LogType, LogOption, String, Object)
UnityEngine.DebugLogHandler:LogFormat(LogType, Object, String, Object[])
UnityEngine.Logger:Log(LogType, Object)
UnityEngine.Debug:Log(Object)
HighPrecisionStepperJuggler.SerialInterface:ProcessReceiveBuffer()
HighPrecisionStepperJuggler.SerialInterface:Update()
 
(Filename: C:\build\output\unity\unity\Runtime/Export/Debug/Debug.bindings.h Line: 35)

[SerialInterface] Received: Motor0 pulses: 1425
UnityEngine.DebugLogHandler:Internal_Log(LogType, LogOption, String, Object)
UnityEngine.DebugLogHandler:LogFormat(LogType, Object, String, Object[])
UnityEngine.Logger:Log(LogType, Object)
UnityEngine.Debug:Log(Object)
HighPrecisionStepperJuggler.SerialInterface:ProcessReceiveBuffer()
HighPrecisionStepperJuggler.SerialInterface:Update()
 
(Filename: C:\build\output\unity\unity\Runtime/Export/Debug/Debug.bindings.h Line: 35)

[SerialInterface] Received: Motor1 pulses: 1560
UnityEngine.DebugLogHandler:Internal_Log(LogType, LogOption, String, Object)
UnityEngine.DebugLogHandler:LogFormat(LogType, Object, String, Object[])
UnityEngine.Logger:Log(LogType, Object)
UnityEngine.Debug:Log(Object)
HighPrecisionStepperJuggler.SerialInterface:ProcessReceiveBuffer()
HighPrecisionStepperJuggler.SerialInterface:Update()
 
(Filename: C:\build\output\unity\unity\Runtime/Export/Debug/Debug.bindings.h Line: 35)

[SerialInterface] Received: Motor2 pulses: 1492
UnityEngine.DebugLogHandler:Internal_Log(LogType, LogOption, String, Object)
UnityEngine.DebugLogHandler:LogFormat(LogType, Object, String, Object[])
UnityEngine.Logger:Log(LogType, Object)
UnityEngine.Debug:Log(Object)
HighPrecisionStepperJuggler.SerialInterface:ProcessReceiveBuffer()
HighPrecisionStepperJuggler.SerialInterface:Update()
 
(Filename: C:\build\output\unity\unity\Runtime/Export/Debug/Debug.bindings.h Line: 35)

[SerialInterface] Received: Motor3 pulses: 1492
UnityEngine.DebugLogHandler:Internal_Log(LogType, LogOption, String, Object)
UnityEngine.DebugLogHandler:LogFormat(LogType, Object, String, Object[])
UnityEngine.Logger:Log(LogType, Object)
UnityEngine.Debug:Log(Object)
HighPrecisionStepperJuggler.SerialInterface:ProcessReceiveBuffer()
HighPrecisionStepperJuggler.SerialInterface:Update()
 
(Filename: C:\build\output\unity\unity\Runtime/Export/Debug/Debug.bindings.h Line: 35)

[SerialInterface] Received: Move duration: 0.10000
UnityEngine.DebugLogHandler:Internal_Log(LogType, LogOption, String, Object)
UnityEngine.DebugLogHandler:LogFormat(LogType, Object, String, Object[])
UnityEngine.Logger:Log(LogType, Object)
UnityEngine.Debug:Log(Object)
HighPrecisionStepperJuggler.SerialInterface:ProcessReceiveBuffer()
HighPrecisionStepperJuggler.SerialInterface:Update()
 
(Filename: C:\build\output\unity\unity\Runtime/Export/Debug/Debug.bindings.h Line: 35)

Ball r, x, y :56.84, 183, -30
UnityEngine.DebugLogHandler:Internal_Log(LogType, LogOption, String, Object)
UnityEngine.DebugLogHandler:LogFormat(LogType, Object, String, Object[])
UnityEngine.Logger:Log(LogType, Object)
UnityEngine.Debug:Log(Object)
HighPrecisionStepperJuggler.ImageProcessingInstructionSender:Update()
 
(Filename: C:\build\output\unity\unity\Runtime/Export/Debug/Debug.bindings.h Line: 35)

Ball r, x, y :49.84, 177, -30
UnityEngine.DebugLogHandler:Internal_Log(LogType, LogOption, String, Object)
UnityEngine.DebugLogHandler:LogFormat(LogType, Object, String, Object[])
UnityEngine.Logger:Log(LogType, Object)
UnityEngine.Debug:Log(Object)
HighPrecisionStepperJuggler.ImageProcessingInstructionSender:Update()
 
(Filename: C:\build\output\unity\unity\Runtime/Export/Debug/Debug.bindings.h Line: 35)

Ball r, x, y :58.58, 175, -60
UnityEngine.DebugLogHandler:Internal_Log(LogType, LogOption, String, Object)
UnityEngine.DebugLogHandler:LogFormat(LogType, Object, String, Object[])
UnityEngine.Logger:Log(LogType, Object)
UnityEngine.Debug:Log(Object)
HighPrecisionStepperJuggler.ImageProcessingInstructionSender:Update()
 
(Filename: C:\build\output\unity\unity\Runtime/Export/Debug/Debug.bindings.h Line: 35)

[SerialInterface] Sending: 11.00000:0.65624:0.65624:0.64283:0.66975:0.10000

UnityEngine.DebugLogHandler:Internal_Log(LogType, LogOption, String, Object)
UnityEngine.DebugLogHandler:LogFormat(LogType, Object, String, Object[])
UnityEngine.Logger:Log(LogType, Object)
UnityEngine.Debug:Log(Object)
HighPrecisionStepperJuggler.SerialInterface:Send(String)
HighPrecisionStepperJuggler.RealMachine:SendInstructions(List`1)
HighPrecisionStepperJuggler.InstructableMachine:Instruct(List`1)
HighPrecisionStepperJuggler.MachineController:SendInstructions(List`1)
HighPrecisionStepperJuggler.BallControlling:MoveToHeightWithAlternatingXYTiltCorrection(MachineController, ITiltController, BallData, Single, Single, Int32, Nullable`1)
HighPrecisionStepperJuggler.<>c__DisplayClass4_0:<TwoStepBouncing>b__0(BallData, MachineController, Int32)
HighPrecisionStepperJuggler.BallControlStrategy:Execute(BallData, MachineController)
HighPrecisionStepperJuggler.ImageProcessingInstructionSender:Update()
 
(Filename: C:\build\output\unity\unity\Runtime/Export/Debug/Debug.bindings.h Line: 35)

[SerialInterface] Received: RECEIVED MSG: 11.00000:0.65624:0.65624:0.64283:0.66975:0.10000
UnityEngine.DebugLogHandler:Internal_Log(LogType, LogOption, String, Object)
UnityEngine.DebugLogHandler:LogFormat(LogType, Object, String, Object[])
UnityEngine.Logger:Log(LogType, Object)
UnityEngine.Debug:Log(Object)
HighPrecisionStepperJuggler.SerialInterface:ProcessReceiveBuffer()
HighPrecisionStepperJuggler.SerialInterface:Update()
 
(Filename: C:\build\output\unity\unity\Runtime/Export/Debug/Debug.bindings.h Line: 35)

[SerialInterface] Received: Parsed tokens (count=6): 11.00000 |0.65624 |0.65624 |0.64283 |0.66975 |0.10000
UnityEngine.DebugLogHandler:Internal_Log(LogType, LogOption, String, Object)
UnityEngine.DebugLogHandler:LogFormat(LogType, Object, String, Object[])
UnityEngine.Logger:Log(LogType, Object)
UnityEngine.Debug:Log(Object)
HighPrecisionStepperJuggler.SerialInterface:ProcessReceiveBuffer()
HighPrecisionStepperJuggler.SerialInterface:Update()
 
(Filename: C:\build\output\unity\unity\Runtime/Export/Debug/Debug.bindings.h Line: 35)

[SerialInterface] Received: Num of move batches: 1
UnityEngine.DebugLogHandler:Internal_Log(LogType, LogOption, String, Object)
UnityEngine.DebugLogHandler:LogFormat(LogType, Object, String, Object[])
UnityEngine.Logger:Log(LogType, Object)
UnityEngine.Debug:Log(Object)
HighPrecisionStepperJuggler.SerialInterface:ProcessReceiveBuffer()
HighPrecisionStepperJuggler.SerialInterface:Update()
 
(Filename: C:\build\output\unity\unity\Runtime/Export/Debug/Debug.bindings.h Line: 35)

[SerialInterface] Received: Batch 0 marker value: 11.00000
UnityEngine.DebugLogHandler:Internal_Log(LogType, LogOption, String, Object)
UnityEngine.DebugLogHandler:LogFormat(LogType, Object, String, Object[])
UnityEngine.Logger:Log(LogType, Object)
UnityEngine.Debug:Log(Object)
HighPrecisionStepperJuggler.SerialInterface:ProcessReceiveBuffer()
HighPrecisionStepperJuggler.SerialInterface:Update()
 
(Filename: C:\build\output\unity\unity\Runtime/Export/Debug/Debug.bindings.h Line: 35)

[SerialInterface] Received: Marker matches expected value.
UnityEngine.DebugLogHandler:Internal_Log(LogType, LogOption, String, Object)
UnityEngine.DebugLogHandler:LogFormat(LogType, Object, String, Object[])
UnityEngine.Logger:Log(LogType, Object)
UnityEngine.Debug:Log(Object)
HighPrecisionStepperJuggler.SerialInterface:ProcessReceiveBuffer()
HighPrecisionStepperJuggler.SerialInterface:Update()
 
(Filename: C:\build\output\unity\unity\Runtime/Export/Debug/Debug.bindings.h Line: 35)

[SerialInterface] Received: Motor0 pulses: 1731
UnityEngine.DebugLogHandler:Internal_Log(LogType, LogOption, String, Object)
UnityEngine.DebugLogHandler:LogFormat(LogType, Object, String, Object[])
UnityEngine.Logger:Log(LogType, Object)
UnityEngine.Debug:Log(Object)
HighPrecisionStepperJuggler.SerialInterface:ProcessReceiveBuffer()
HighPrecisionStepperJuggler.SerialInterface:Update()
 
(Filename: C:\build\output\unity\unity\Runtime/Export/Debug/Debug.bindings.h Line: 35)

[SerialInterface] Received: Motor1 pulses: 1731
UnityEngine.DebugLogHandler:Internal_Log(LogType, LogOption, String, Object)
UnityEngine.DebugLogHandler:LogFormat(LogType, Object, String, Object[])
UnityEngine.Logger:Log(LogType, Object)
UnityEngine.Debug:Log(Object)
HighPrecisionStepperJuggler.SerialInterface:ProcessReceiveBuffer()
HighPrecisionStepperJuggler.SerialInterface:Update()
 
(Filename: C:\build\output\unity\unity\Runtime/Export/Debug/Debug.bindings.h Line: 35)

[SerialInterface] Received: Motor2 pulses: 1695
UnityEngine.DebugLogHandler:Internal_Log(LogType, LogOption, String, Object)
UnityEngine.DebugLogHandler:LogFormat(LogType, Object, String, Object[])
UnityEngine.Logger:Log(LogType, Object)
UnityEngine.Debug:Log(Object)
HighPrecisionStepperJuggler.SerialInterface:ProcessReceiveBuffer()
HighPrecisionStepperJuggler.SerialInterface:Update()
 
(Filename: C:\build\output\unity\unity\Runtime/Export/Debug/Debug.bindings.h Line: 35)

[SerialInterface] Received: Motor3 pulses: 1766
UnityEngine.DebugLogHandler:Internal_Log(LogType, LogOption, String, Object)
UnityEngine.DebugLogHandler:LogFormat(LogType, Object, String, Object[])
UnityEngine.Logger:Log(LogType, Object)
UnityEngine.Debug:Log(Object)
HighPrecisionStepperJuggler.SerialInterface:ProcessReceiveBuffer()
HighPrecisionStepperJuggler.SerialInterface:Update()
 
(Filename: C:\build\output\unity\unity\Runtime/Export/Debug/Debug.bindings.h Line: 35)

[SerialInterface] Received: Move duration: 0.10000
UnityEngine.DebugLogHandler:Internal_Log(LogType, LogOption, String, Object)
UnityEngine.DebugLogHandler:LogFormat(LogType, Object, String, Object[])
UnityEngine.Logger:Log(LogType, Object)
UnityEngine.Debug:Log(Object)
HighPrecisionStepperJuggler.SerialInterface:ProcessReceiveBuffer()
HighPrecisionStepperJuggler.SerialInterface:Update()
 
(Filename: C:\build\output\unity\unity\Runtime/Export/Debug/Debug.bindings.h Line: 35)

Ball r, x, y :58.22, 172, -60
UnityEngine.DebugLogHandler:Internal_Log(LogType, LogOption, String, Object)
UnityEngine.DebugLogHandler:LogFormat(LogType, Object, String, Object[])
UnityEngine.Logger:Log(LogType, Object)
UnityEngine.Debug:Log(Object)
HighPrecisionStepperJuggler.ImageProcessingInstructionSender:Update()
 
(Filename: C:\build\output\unity\unity\Runtime/Export/Debug/Debug.bindings.h Line: 35)

Ball r, x, y :47.28, 168, -30
UnityEngine.DebugLogHandler:Internal_Log(LogType, LogOption, String, Object)
UnityEngine.DebugLogHandler:LogFormat(LogType, Object, String, Object[])
UnityEngine.Logger:Log(LogType, Object)
UnityEngine.Debug:Log(Object)
HighPrecisionStepperJuggler.ImageProcessingInstructionSender:Update()
 
(Filename: C:\build\output\unity\unity\Runtime/Export/Debug/Debug.bindings.h Line: 35)

[SerialInterface] Sending: 11.00000:0.52224:0.60988:0.56571:0.56571:0.10000

UnityEngine.DebugLogHandler:Internal_Log(LogType, LogOption, String, Object)
UnityEngine.DebugLogHandler:LogFormat(LogType, Object, String, Object[])
UnityEngine.Logger:Log(LogType, Object)
UnityEngine.Debug:Log(Object)
HighPrecisionStepperJuggler.SerialInterface:Send(String)
HighPrecisionStepperJuggler.RealMachine:SendInstructions(List`1)
HighPrecisionStepperJuggler.InstructableMachine:Instruct(List`1)
HighPrecisionStepperJuggler.MachineController:SendInstructions(List`1)
HighPrecisionStepperJuggler.BallControlling:MoveToHeightWithAlternatingXYTiltCorrection(MachineController, ITiltController, BallData, Single, Single, Int32, Nullable`1)
HighPrecisionStepperJuggler.<>c__DisplayClass4_0:<TwoStepBouncing>b__0(BallData, MachineController, Int32)
HighPrecisionStepperJuggler.BallControlStrategy:Execute(BallData, MachineController)
HighPrecisionStepperJuggler.ImageProcessingInstructionSender:Update()
 
(Filename: C:\build\output\unity\unity\Runtime/Export/Debug/Debug.bindings.h Line: 35)

[SerialInterface] Received: RECEIVED MSG: 11.00000:0.52224:0.60988:0.56571:0.56571:0.10000
UnityEngine.DebugLogHandler:Internal_Log(LogType, LogOption, String, Object)
UnityEngine.DebugLogHandler:LogFormat(LogType, Object, String, Object[])
UnityEngine.Logger:Log(LogType, Object)
UnityEngine.Debug:Log(Object)
HighPrecisionStepperJuggler.SerialInterface:ProcessReceiveBuffer()
HighPrecisionStepperJuggler.SerialInterface:Update()
 
(Filename: C:\build\output\unity\unity\Runtime/Export/Debug/Debug.bindings.h Line: 35)

[SerialInterface] Received: Parsed tokens (count=6): 11.00000 |0.52224 |0.60988 |0.56571 |0.56571 |0.10000
UnityEngine.DebugLogHandler:Internal_Log(LogType, LogOption, String, Object)
UnityEngine.DebugLogHandler:LogFormat(LogType, Object, String, Object[])
UnityEngine.Logger:Log(LogType, Object)
UnityEngine.Debug:Log(Object)
HighPrecisionStepperJuggler.SerialInterface:ProcessReceiveBuffer()
HighPrecisionStepperJuggler.SerialInterface:Update()
 
(Filename: C:\build\output\unity\unity\Runtime/Export/Debug/Debug.bindings.h Line: 35)

[SerialInterface] Received: Num of move batches: 1
UnityEngine.DebugLogHandler:Internal_Log(LogType, LogOption, String, Object)
UnityEngine.DebugLogHandler:LogFormat(LogType, Object, String, Object[])
UnityEngine.Logger:Log(LogType, Object)
UnityEngine.Debug:Log(Object)
HighPrecisionStepperJuggler.SerialInterface:ProcessReceiveBuffer()
HighPrecisionStepperJuggler.SerialInterface:Update()
 
(Filename: C:\build\output\unity\unity\Runtime/Export/Debug/Debug.bindings.h Line: 35)

[SerialInterface] Received: Batch 0 marker value: 11.00000
UnityEngine.DebugLogHandler:Internal_Log(LogType, LogOption, String, Object)
UnityEngine.DebugLogHandler:LogFormat(LogType, Object, String, Object[])
UnityEngine.Logger:Log(LogType, Object)
UnityEngine.Debug:Log(Object)
HighPrecisionStepperJuggler.SerialInterface:ProcessReceiveBuffer()
HighPrecisionStepperJuggler.SerialInterface:Update()
 
(Filename: C:\build\output\unity\unity\Runtime/Export/Debug/Debug.bindings.h Line: 35)

[SerialInterface] Received: Marker matches expected value.
UnityEngine.DebugLogHandler:Internal_Log(LogType, LogOption, String, Object)
UnityEngine.DebugLogHandler:LogFormat(LogType, Object, String, Object[])
UnityEngine.Logger:Log(LogType, Object)
UnityEngine.Debug:Log(Object)
HighPrecisionStepperJuggler.SerialInterface:ProcessReceiveBuffer()
HighPrecisionStepperJuggler.SerialInterface:Update()
 
(Filename: C:\build\output\unity\unity\Runtime/Export/Debug/Debug.bindings.h Line: 35)

[SerialInterface] Received: Motor0 pulses: 1377
UnityEngine.DebugLogHandler:Internal_Log(LogType, LogOption, String, Object)
UnityEngine.DebugLogHandler:LogFormat(LogType, Object, String, Object[])
UnityEngine.Logger:Log(LogType, Object)
UnityEngine.Debug:Log(Object)
HighPrecisionStepperJuggler.SerialInterface:ProcessReceiveBuffer()
HighPrecisionStepperJuggler.SerialInterface:Update()
 
(Filename: C:\build\output\unity\unity\Runtime/Export/Debug/Debug.bindings.h Line: 35)

[SerialInterface] Received: Motor1 pulses: 1608
UnityEngine.DebugLogHandler:Internal_Log(LogType, LogOption, String, Object)
UnityEngine.DebugLogHandler:LogFormat(LogType, Object, String, Object[])
UnityEngine.Logger:Log(LogType, Object)
UnityEngine.Debug:Log(Object)
HighPrecisionStepperJuggler.SerialInterface:ProcessReceiveBuffer()
HighPrecisionStepperJuggler.SerialInterface:Update()
 
(Filename: C:\build\output\unity\unity\Runtime/Export/Debug/Debug.bindings.h Line: 35)

[SerialInterface] Received: Motor2 pulses: 1492
UnityEngine.DebugLogHandler:Internal_Log(LogType, LogOption, String, Object)
UnityEngine.DebugLogHandler:LogFormat(LogType, Object, String, Object[])
UnityEngine.Logger:Log(LogType, Object)
UnityEngine.Debug:Log(Object)
HighPrecisionStepperJuggler.SerialInterface:ProcessReceiveBuffer()
HighPrecisionStepperJuggler.SerialInterface:Update()
 
(Filename: C:\build\output\unity\unity\Runtime/Export/Debug/Debug.bindings.h Line: 35)

[SerialInterface] Received: Motor3 pulses: 1492
UnityEngine.DebugLogHandler:Internal_Log(LogType, LogOption, String, Object)
UnityEngine.DebugLogHandler:LogFormat(LogType, Object, String, Object[])
UnityEngine.Logger:Log(LogType, Object)
UnityEngine.Debug:Log(Object)
HighPrecisionStepperJuggler.SerialInterface:ProcessReceiveBuffer()
HighPrecisionStepperJuggler.SerialInterface:Update()
 
(Filename: C:\build\output\unity\unity\Runtime/Export/Debug/Debug.bindings.h Line: 35)

[SerialInterface] Received: Move duration: 0.10000
UnityEngine.DebugLogHandler:Internal_Log(LogType, LogOption, String, Object)
UnityEngine.DebugLogHandler:LogFormat(LogType, Object, String, Object[])
UnityEngine.Logger:Log(LogType, Object)
UnityEngine.Debug:Log(Object)
HighPrecisionStepperJuggler.SerialInterface:ProcessReceiveBuffer()
HighPrecisionStepperJuggler.SerialInterface:Update()
 
(Filename: C:\build\output\unity\unity\Runtime/Export/Debug/Debug.bindings.h Line: 35)

Ball r, x, y :55.44, 169, -30
UnityEngine.DebugLogHandler:Internal_Log(LogType, LogOption, String, Object)
UnityEngine.DebugLogHandler:LogFormat(LogType, Object, String, Object[])
UnityEngine.Logger:Log(LogType, Object)
UnityEngine.Debug:Log(Object)
HighPrecisionStepperJuggler.ImageProcessingInstructionSender:Update()
 
(Filename: C:\build\output\unity\unity\Runtime/Export/Debug/Debug.bindings.h Line: 35)

Ball r, x, y :56.84, 185, -60
UnityEngine.DebugLogHandler:Internal_Log(LogType, LogOption, String, Object)
UnityEngine.DebugLogHandler:LogFormat(LogType, Object, String, Object[])
UnityEngine.Logger:Log(LogType, Object)
UnityEngine.Debug:Log(Object)
HighPrecisionStepperJuggler.ImageProcessingInstructionSender:Update()
 
(Filename: C:\build\output\unity\unity\Runtime/Export/Debug/Debug.bindings.h Line: 35)

[SerialInterface] Sending: 11.00000:0.65624:0.65624:0.64435:0.66821:0.10000

UnityEngine.DebugLogHandler:Internal_Log(LogType, LogOption, String, Object)
UnityEngine.DebugLogHandler:LogFormat(LogType, Object, String, Object[])
UnityEngine.Logger:Log(LogType, Object)
UnityEngine.Debug:Log(Object)
HighPrecisionStepperJuggler.SerialInterface:Send(String)
HighPrecisionStepperJuggler.RealMachine:SendInstructions(List`1)
HighPrecisionStepperJuggler.InstructableMachine:Instruct(List`1)
HighPrecisionStepperJuggler.MachineController:SendInstructions(List`1)
HighPrecisionStepperJuggler.BallControlling:MoveToHeightWithAlternatingXYTiltCorrection(MachineController, ITiltController, BallData, Single, Single, Int32, Nullable`1)
HighPrecisionStepperJuggler.<>c__DisplayClass4_0:<TwoStepBouncing>b__0(BallData, MachineController, Int32)
HighPrecisionStepperJuggler.BallControlStrategy:Execute(BallData, MachineController)
HighPrecisionStepperJuggler.ImageProcessingInstructionSender:Update()
 
(Filename: C:\build\output\unity\unity\Runtime/Export/Debug/Debug.bindings.h Line: 35)

[SerialInterface] Received: RECEIVED MSG: 11.00000:0.65624:0.65624:0.64435:0.66821:0.10000
UnityEngine.DebugLogHandler:Internal_Log(LogType, LogOption, String, Object)
UnityEngine.DebugLogHandler:LogFormat(LogType, Object, String, Object[])
UnityEngine.Logger:Log(LogType, Object)
UnityEngine.Debug:Log(Object)
HighPrecisionStepperJuggler.SerialInterface:ProcessReceiveBuffer()
HighPrecisionStepperJuggler.SerialInterface:Update()
 
(Filename: C:\build\output\unity\unity\Runtime/Export/Debug/Debug.bindings.h Line: 35)

[SerialInterface] Received: Parsed tokens (count=6): 11.00000 |0.65624 |0.65624 |0.64435 |0.66821 |0.10000
UnityEngine.DebugLogHandler:Internal_Log(LogType, LogOption, String, Object)
UnityEngine.DebugLogHandler:LogFormat(LogType, Object, String, Object[])
UnityEngine.Logger:Log(LogType, Object)
UnityEngine.Debug:Log(Object)
HighPrecisionStepperJuggler.SerialInterface:ProcessReceiveBuffer()
HighPrecisionStepperJuggler.SerialInterface:Update()
 
(Filename: C:\build\output\unity\unity\Runtime/Export/Debug/Debug.bindings.h Line: 35)

[SerialInterface] Received: Num of move batches: 1
UnityEngine.DebugLogHandler:Internal_Log(LogType, LogOption, String, Object)
UnityEngine.DebugLogHandler:LogFormat(LogType, Object, String, Object[])
UnityEngine.Logger:Log(LogType, Object)
UnityEngine.Debug:Log(Object)
HighPrecisionStepperJuggler.SerialInterface:ProcessReceiveBuffer()
HighPrecisionStepperJuggler.SerialInterface:Update()
 
(Filename: C:\build\output\unity\unity\Runtime/Export/Debug/Debug.bindings.h Line: 35)

[SerialInterface] Received: Batch 0 marker value: 11.00000
UnityEngine.DebugLogHandler:Internal_Log(LogType, LogOption, String, Object)
UnityEngine.DebugLogHandler:LogFormat(LogType, Object, String, Object[])
UnityEngine.Logger:Log(LogType, Object)
UnityEngine.Debug:Log(Object)
HighPrecisionStepperJuggler.SerialInterface:ProcessReceiveBuffer()
HighPrecisionStepperJuggler.SerialInterface:Update()
 
(Filename: C:\build\output\unity\unity\Runtime/Export/Debug/Debug.bindings.h Line: 35)

[SerialInterface] Received: Marker matches expected value.
UnityEngine.DebugLogHandler:Internal_Log(LogType, LogOption, String, Object)
UnityEngine.DebugLogHandler:LogFormat(LogType, Object, String, Object[])
UnityEngine.Logger:Log(LogType, Object)
UnityEngine.Debug:Log(Object)
HighPrecisionStepperJuggler.SerialInterface:ProcessReceiveBuffer()
HighPrecisionStepperJuggler.SerialInterface:Update()
 
(Filename: C:\build\output\unity\unity\Runtime/Export/Debug/Debug.bindings.h Line: 35)

[SerialInterface] Received: Motor0 pulses: 1731
UnityEngine.DebugLogHandler:Internal_Log(LogType, LogOption, String, Object)
UnityEngine.DebugLogHandler:LogFormat(LogType, Object, String, Object[])
UnityEngine.Logger:Log(LogType, Object)
UnityEngine.Debug:Log(Object)
HighPrecisionStepperJuggler.SerialInterface:ProcessReceiveBuffer()
HighPrecisionStepperJuggler.SerialInterface:Update()
 
(Filename: C:\build\output\unity\unity\Runtime/Export/Debug/Debug.bindings.h Line: 35)

[SerialInterface] Received: Motor1 pulses: 1731
UnityEngine.DebugLogHandler:Internal_Log(LogType, LogOption, String, Object)
UnityEngine.DebugLogHandler:LogFormat(LogType, Object, String, Object[])
UnityEngine.Logger:Log(LogType, Object)
UnityEngine.Debug:Log(Object)
HighPrecisionStepperJuggler.SerialInterface:ProcessReceiveBuffer()
HighPrecisionStepperJuggler.SerialInterface:Update()
 
(Filename: C:\build\output\unity\unity\Runtime/Export/Debug/Debug.bindings.h Line: 35)

[SerialInterface] Received: Motor2 pulses: 1699
UnityEngine.DebugLogHandler:Internal_Log(LogType, LogOption, String, Object)
UnityEngine.DebugLogHandler:LogFormat(LogType, Object, String, Object[])
UnityEngine.Logger:Log(LogType, Object)
UnityEngine.Debug:Log(Object)
HighPrecisionStepperJuggler.SerialInterface:ProcessReceiveBuffer()
HighPrecisionStepperJuggler.SerialInterface:Update()
 
(Filename: C:\build\output\unity\unity\Runtime/Export/Debug/Debug.bindings.h Line: 35)

[SerialInterface] Received: Motor3 pulses: 1762
UnityEngine.DebugLogHandler:Internal_Log(LogType, LogOption, String, Object)
UnityEngine.DebugLogHandler:LogFormat(LogType, Object, String, Object[])
UnityEngine.Logger:Log(LogType, Object)
UnityEngine.Debug:Log(Object)
HighPrecisionStepperJuggler.SerialInterface:ProcessReceiveBuffer()
HighPrecisionStepperJuggler.SerialInterface:Update()
 
(Filename: C:\build\output\unity\unity\Runtime/Export/Debug/Debug.bindings.h Line: 35)

[SerialInterface] Received: Move duration: 0.10000
UnityEngine.DebugLogHandler:Internal_Log(LogType, LogOption, String, Object)
UnityEngine.DebugLogHandler:LogFormat(LogType, Object, String, Object[])
UnityEngine.Logger:Log(LogType, Object)
UnityEngine.Debug:Log(Object)
HighPrecisionStepperJuggler.SerialInterface:ProcessReceiveBuffer()
HighPrecisionStepperJuggler.SerialInterface:Update()
 
(Filename: C:\build\output\unity\unity\Runtime/Export/Debug/Debug.bindings.h Line: 35)

Ball r, x, y :62.06, 213, -30
UnityEngine.DebugLogHandler:Internal_Log(LogType, LogOption, String, Object)
UnityEngine.DebugLogHandler:LogFormat(LogType, Object, String, Object[])
UnityEngine.Logger:Log(LogType, Object)
UnityEngine.Debug:Log(Object)
HighPrecisionStepperJuggler.ImageProcessingInstructionSender:Update()
 
(Filename: C:\build\output\unity\unity\Runtime/Export/Debug/Debug.bindings.h Line: 35)

Ball r, x, y :59.5, -240, -30
UnityEngine.DebugLogHandler:Internal_Log(LogType, LogOption, String, Object)
UnityEngine.DebugLogHandler:LogFormat(LogType, Object, String, Object[])
UnityEngine.Logger:Log(LogType, Object)
UnityEngine.Debug:Log(Object)
HighPrecisionStepperJuggler.ImageProcessingInstructionSender:Update()
 
(Filename: C:\build\output\unity\unity\Runtime/Export/Debug/Debug.bindings.h Line: 35)

Ball r, x, y :56.44, -225, -30
UnityEngine.DebugLogHandler:Internal_Log(LogType, LogOption, String, Object)
UnityEngine.DebugLogHandler:LogFormat(LogType, Object, String, Object[])
UnityEngine.Logger:Log(LogType, Object)
UnityEngine.Debug:Log(Object)
HighPrecisionStepperJuggler.ImageProcessingInstructionSender:Update()
 
(Filename: C:\build\output\unity\unity\Runtime/Export/Debug/Debug.bindings.h Line: 35)

[SerialInterface] Sending: 11.00000:0.71585:0.42345:0.56571:0.56571:0.10000

UnityEngine.DebugLogHandler:Internal_Log(LogType, LogOption, String, Object)
UnityEngine.DebugLogHandler:LogFormat(LogType, Object, String, Object[])
UnityEngine.Logger:Log(LogType, Object)
UnityEngine.Debug:Log(Object)
HighPrecisionStepperJuggler.SerialInterface:Send(String)
HighPrecisionStepperJuggler.RealMachine:SendInstructions(List`1)
HighPrecisionStepperJuggler.InstructableMachine:Instruct(List`1)
HighPrecisionStepperJuggler.MachineController:SendInstructions(List`1)
HighPrecisionStepperJuggler.BallControlling:MoveToHeightWithAlternatingXYTiltCorrection(MachineController, ITiltController, BallData, Single, Single, Int32, Nullable`1)
HighPrecisionStepperJuggler.<>c__DisplayClass4_0:<TwoStepBouncing>b__0(BallData, MachineController, Int32)
HighPrecisionStepperJuggler.BallControlStrategy:Execute(BallData, MachineController)
HighPrecisionStepperJuggler.ImageProcessingInstructionSender:Update()
 
(Filename: C:\build\output\unity\unity\Runtime/Export/Debug/Debug.bindings.h Line: 35)

[SerialInterface] Received: RECEIVED MSG: 11.00000:0.71585:0.42345:0.56571:0.56571:0.10000
UnityEngine.DebugLogHandler:Internal_Log(LogType, LogOption, String, Object)
UnityEngine.DebugLogHandler:LogFormat(LogType, Object, String, Object[])
UnityEngine.Logger:Log(LogType, Object)
UnityEngine.Debug:Log(Object)
HighPrecisionStepperJuggler.SerialInterface:ProcessReceiveBuffer()
HighPrecisionStepperJuggler.SerialInterface:Update()
 
(Filename: C:\build\output\unity\unity\Runtime/Export/Debug/Debug.bindings.h Line: 35)

[SerialInterface] Received: Parsed tokens (count=6): 11.00000 |0.71585 |0.42345 |0.56571 |0.56571 |0.10000
UnityEngine.DebugLogHandler:Internal_Log(LogType, LogOption, String, Object)
UnityEngine.DebugLogHandler:LogFormat(LogType, Object, String, Object[])
UnityEngine.Logger:Log(LogType, Object)
UnityEngine.Debug:Log(Object)
HighPrecisionStepperJuggler.SerialInterface:ProcessReceiveBuffer()
HighPrecisionStepperJuggler.SerialInterface:Update()
 
(Filename: C:\build\output\unity\unity\Runtime/Export/Debug/Debug.bindings.h Line: 35)

[SerialInterface] Received: Num of move batches: 1
UnityEngine.DebugLogHandler:Internal_Log(LogType, LogOption, String, Object)
UnityEngine.DebugLogHandler:LogFormat(LogType, Object, String, Object[])
UnityEngine.Logger:Log(LogType, Object)
UnityEngine.Debug:Log(Object)
HighPrecisionStepperJuggler.SerialInterface:ProcessReceiveBuffer()
HighPrecisionStepperJuggler.SerialInterface:Update()
 
(Filename: C:\build\output\unity\unity\Runtime/Export/Debug/Debug.bindings.h Line: 35)

[SerialInterface] Received: Batch 0 marker value: 11.00000
UnityEngine.DebugLogHandler:Internal_Log(LogType, LogOption, String, Object)
UnityEngine.DebugLogHandler:LogFormat(LogType, Object, String, Object[])
UnityEngine.Logger:Log(LogType, Object)
UnityEngine.Debug:Log(Object)
HighPrecisionStepperJuggler.SerialInterface:ProcessReceiveBuffer()
HighPrecisionStepperJuggler.SerialInterface:Update()
 
(Filename: C:\build\output\unity\unity\Runtime/Export/Debug/Debug.bindings.h Line: 35)

[SerialInterface] Received: Marker matches expected value.
UnityEngine.DebugLogHandler:Internal_Log(LogType, LogOption, String, Object)
UnityEngine.DebugLogHandler:LogFormat(LogType, Object, String, Object[])
UnityEngine.Logger:Log(LogType, Object)
UnityEngine.Debug:Log(Object)
HighPrecisionStepperJuggler.SerialInterface:ProcessReceiveBuffer()
HighPrecisionStepperJuggler.SerialInterface:Update()
 
(Filename: C:\build\output\unity\unity\Runtime/Export/Debug/Debug.bindings.h Line: 35)

[SerialInterface] Received: Motor0 pulses: 1888
UnityEngine.DebugLogHandler:Internal_Log(LogType, LogOption, String, Object)
UnityEngine.DebugLogHandler:LogFormat(LogType, Object, String, Object[])
UnityEngine.Logger:Log(LogType, Object)
UnityEngine.Debug:Log(Object)
HighPrecisionStepperJuggler.SerialInterface:ProcessReceiveBuffer()
HighPrecisionStepperJuggler.SerialInterface:Update()
 
(Filename: C:\build\output\unity\unity\Runtime/Export/Debug/Debug.bindings.h Line: 35)

[SerialInterface] Received: Motor1 pulses: 1117
UnityEngine.DebugLogHandler:Internal_Log(LogType, LogOption, String, Object)
UnityEngine.DebugLogHandler:LogFormat(LogType, Object, String, Object[])
UnityEngine.Logger:Log(LogType, Object)
UnityEngine.Debug:Log(Object)
HighPrecisionStepperJuggler.SerialInterface:ProcessReceiveBuffer()
HighPrecisionStepperJuggler.SerialInterface:Update()
 
(Filename: C:\build\output\unity\unity\Runtime/Export/Debug/Debug.bindings.h Line: 35)

[SerialInterface] Received: Motor2 pulses: 1492
UnityEngine.DebugLogHandler:Internal_Log(LogType, LogOption, String, Object)
UnityEngine.DebugLogHandler:LogFormat(LogType, Object, String, Object[])
UnityEngine.Logger:Log(LogType, Object)
UnityEngine.Debug:Log(Object)
HighPrecisionStepperJuggler.SerialInterface:ProcessReceiveBuffer()
HighPrecisionStepperJuggler.SerialInterface:Update()
 
(Filename: C:\build\output\unity\unity\Runtime/Export/Debug/Debug.bindings.h Line: 35)

[SerialInterface] Received: Motor3 pulses: 1492
UnityEngine.DebugLogHandler:Internal_Log(LogType, LogOption, String, Object)
UnityEngine.DebugLogHandler:LogFormat(LogType, Object, String, Object[])
UnityEngine.Logger:Log(LogType, Object)
UnityEngine.Debug:Log(Object)
HighPrecisionStepperJuggler.SerialInterface:ProcessReceiveBuffer()
HighPrecisionStepperJuggler.SerialInterface:Update()
 
(Filename: C:\build\output\unity\unity\Runtime/Export/Debug/Debug.bindings.h Line: 35)

[SerialInterface] Received: Move duration: 0.10000
UnityEngine.DebugLogHandler:Internal_Log(LogType, LogOption, String, Object)
UnityEngine.DebugLogHandler:LogFormat(LogType, Object, String, Object[])
UnityEngine.Logger:Log(LogType, Object)
UnityEngine.Debug:Log(Object)
HighPrecisionStepperJuggler.SerialInterface:ProcessReceiveBuffer()
HighPrecisionStepperJuggler.SerialInterface:Update()
 
(Filename: C:\build\output\unity\unity\Runtime/Export/Debug/Debug.bindings.h Line: 35)

Ball r, x, y :58.22, -227, -30
UnityEngine.DebugLogHandler:Internal_Log(LogType, LogOption, String, Object)
UnityEngine.DebugLogHandler:LogFormat(LogType, Object, String, Object[])
UnityEngine.Logger:Log(LogType, Object)
UnityEngine.Debug:Log(Object)
HighPrecisionStepperJuggler.ImageProcessingInstructionSender:Update()
 
(Filename: C:\build\output\unity\unity\Runtime/Export/Debug/Debug.bindings.h Line: 35)

Ball r, x, y :51.12, 261, -60
UnityEngine.DebugLogHandler:Internal_Log(LogType, LogOption, String, Object)
UnityEngine.DebugLogHandler:LogFormat(LogType, Object, String, Object[])
UnityEngine.Logger:Log(LogType, Object)
UnityEngine.Debug:Log(Object)
HighPrecisionStepperJuggler.ImageProcessingInstructionSender:Update()
 
(Filename: C:\build\output\unity\unity\Runtime/Export/Debug/Debug.bindings.h Line: 35)

Ball r, x, y :56.44, -255, -30
UnityEngine.DebugLogHandler:Internal_Log(LogType, LogOption, String, Object)
UnityEngine.DebugLogHandler:LogFormat(LogType, Object, String, Object[])
UnityEngine.Logger:Log(LogType, Object)
UnityEngine.Debug:Log(Object)
HighPrecisionStepperJuggler.ImageProcessingInstructionSender:Update()
 
(Filename: C:\build\output\unity\unity\Runtime/Export/Debug/Debug.bindings.h Line: 35)

Ball r, x, y :48.56, 175, -30
UnityEngine.DebugLogHandler:Internal_Log(LogType, LogOption, String, Object)
UnityEngine.DebugLogHandler:LogFormat(LogType, Object, String, Object[])
UnityEngine.Logger:Log(LogType, Object)
UnityEngine.Debug:Log(Object)
HighPrecisionStepperJuggler.ImageProcessingInstructionSender:Update()
 
(Filename: C:\build\output\unity\unity\Runtime/Export/Debug/Debug.bindings.h Line: 35)

Ball r, x, y :42.46, 141, -30
UnityEngine.DebugLogHandler:Internal_Log(LogType, LogOption, String, Object)
UnityEngine.DebugLogHandler:LogFormat(LogType, Object, String, Object[])
UnityEngine.Logger:Log(LogType, Object)
UnityEngine.Debug:Log(Object)
HighPrecisionStepperJuggler.ImageProcessingInstructionSender:Update()
 
(Filename: C:\build\output\unity\unity\Runtime/Export/Debug/Debug.bindings.h Line: 35)

Ball r, x, y :38.9, 125, -30
UnityEngine.DebugLogHandler:Internal_Log(LogType, LogOption, String, Object)
UnityEngine.DebugLogHandler:LogFormat(LogType, Object, String, Object[])
UnityEngine.Logger:Log(LogType, Object)
UnityEngine.Debug:Log(Object)
HighPrecisionStepperJuggler.ImageProcessingInstructionSender:Update()
 
(Filename: C:\build\output\unity\unity\Runtime/Export/Debug/Debug.bindings.h Line: 35)

Ball r, x, y :38.12, 118, -30
UnityEngine.DebugLogHandler:Internal_Log(LogType, LogOption, String, Object)
UnityEngine.DebugLogHandler:LogFormat(LogType, Object, String, Object[])
UnityEngine.Logger:Log(LogType, Object)
UnityEngine.Debug:Log(Object)
HighPrecisionStepperJuggler.ImageProcessingInstructionSender:Update()
 
(Filename: C:\build\output\unity\unity\Runtime/Export/Debug/Debug.bindings.h Line: 35)

Ball r, x, y :37.62, 113, -30
UnityEngine.DebugLogHandler:Internal_Log(LogType, LogOption, String, Object)
UnityEngine.DebugLogHandler:LogFormat(LogType, Object, String, Object[])
UnityEngine.Logger:Log(LogType, Object)
UnityEngine.Debug:Log(Object)
HighPrecisionStepperJuggler.ImageProcessingInstructionSender:Update()
 
(Filename: C:\build\output\unity\unity\Runtime/Export/Debug/Debug.bindings.h Line: 35)

Ball r, x, y :37.16, 106, -30
UnityEngine.DebugLogHandler:Internal_Log(LogType, LogOption, String, Object)
UnityEngine.DebugLogHandler:LogFormat(LogType, Object, String, Object[])
UnityEngine.Logger:Log(LogType, Object)
UnityEngine.Debug:Log(Object)
HighPrecisionStepperJuggler.ImageProcessingInstructionSender:Update()
 
(Filename: C:\build\output\unity\unity\Runtime/Export/Debug/Debug.bindings.h Line: 35)

Ball r, x, y :37.16, 103, -30
UnityEngine.DebugLogHandler:Internal_Log(LogType, LogOption, String, Object)
UnityEngine.DebugLogHandler:LogFormat(LogType, Object, String, Object[])
UnityEngine.Logger:Log(LogType, Object)
UnityEngine.Debug:Log(Object)
HighPrecisionStepperJuggler.ImageProcessingInstructionSender:Update()
 
(Filename: C:\build\output\unity\unity\Runtime/Export/Debug/Debug.bindings.h Line: 35)

Ball r, x, y :36.7, 109, -30
UnityEngine.DebugLogHandler:Internal_Log(LogType, LogOption, String, Object)
UnityEngine.DebugLogHandler:LogFormat(LogType, Object, String, Object[])
UnityEngine.Logger:Log(LogType, Object)
UnityEngine.Debug:Log(Object)
HighPrecisionStepperJuggler.ImageProcessingInstructionSender:Update()
 
(Filename: C:\build\output\unity\unity\Runtime/Export/Debug/Debug.bindings.h Line: 35)

Ball r, x, y :38.4, 140, -30
UnityEngine.DebugLogHandler:Internal_Log(LogType, LogOption, String, Object)
UnityEngine.DebugLogHandler:LogFormat(LogType, Object, String, Object[])
UnityEngine.Logger:Log(LogType, Object)
UnityEngine.Debug:Log(Object)
HighPrecisionStepperJuggler.ImageProcessingInstructionSender:Update()
 
(Filename: C:\build\output\unity\unity\Runtime/Export/Debug/Debug.bindings.h Line: 35)

Ball r, x, y :42.96, 174, -30
UnityEngine.DebugLogHandler:Internal_Log(LogType, LogOption, String, Object)
UnityEngine.DebugLogHandler:LogFormat(LogType, Object, String, Object[])
UnityEngine.Logger:Log(LogType, Object)
UnityEngine.Debug:Log(Object)
HighPrecisionStepperJuggler.ImageProcessingInstructionSender:Update()
 
(Filename: C:\build\output\unity\unity\Runtime/Export/Debug/Debug.bindings.h Line: 35)

Ball r, x, y :45, 175, -30
UnityEngine.DebugLogHandler:Internal_Log(LogType, LogOption, String, Object)
UnityEngine.DebugLogHandler:LogFormat(LogType, Object, String, Object[])
UnityEngine.Logger:Log(LogType, Object)
UnityEngine.Debug:Log(Object)
HighPrecisionStepperJuggler.ImageProcessingInstructionSender:Update()
 
(Filename: C:\build\output\unity\unity\Runtime/Export/Debug/Debug.bindings.h Line: 35)

Ball r, x, y :41.96, 134, -30
UnityEngine.DebugLogHandler:Internal_Log(LogType, LogOption, String, Object)
UnityEngine.DebugLogHandler:LogFormat(LogType, Object, String, Object[])
UnityEngine.Logger:Log(LogType, Object)
UnityEngine.Debug:Log(Object)
HighPrecisionStepperJuggler.ImageProcessingInstructionSender:Update()
 
(Filename: C:\build\output\unity\unity\Runtime/Export/Debug/Debug.bindings.h Line: 35)

Ball r, x, y :41.1, 108, -30
UnityEngine.DebugLogHandler:Internal_Log(LogType, LogOption, String, Object)
UnityEngine.DebugLogHandler:LogFormat(LogType, Object, String, Object[])
UnityEngine.Logger:Log(LogType, Object)
UnityEngine.Debug:Log(Object)
HighPrecisionStepperJuggler.ImageProcessingInstructionSender:Update()
 
(Filename: C:\build\output\unity\unity\Runtime/Export/Debug/Debug.bindings.h Line: 35)

Ball r, x, y :39.36, 110, -30
UnityEngine.DebugLogHandler:Internal_Log(LogType, LogOption, String, Object)
UnityEngine.DebugLogHandler:LogFormat(LogType, Object, String, Object[])
UnityEngine.Logger:Log(LogType, Object)
UnityEngine.Debug:Log(Object)
HighPrecisionStepperJuggler.ImageProcessingInstructionSender:Update()
 
(Filename: C:\build\output\unity\unity\Runtime/Export/Debug/Debug.bindings.h Line: 35)

Ball r, x, y :39.36, 136, -30
UnityEngine.DebugLogHandler:Internal_Log(LogType, LogOption, String, Object)
UnityEngine.DebugLogHandler:LogFormat(LogType, Object, String, Object[])
UnityEngine.Logger:Log(LogType, Object)
UnityEngine.Debug:Log(Object)
HighPrecisionStepperJuggler.ImageProcessingInstructionSender:Update()
 
(Filename: C:\build\output\unity\unity\Runtime/Export/Debug/Debug.bindings.h Line: 35)

Ball r, x, y :44.5, 154, -30
UnityEngine.DebugLogHandler:Internal_Log(LogType, LogOption, String, Object)
UnityEngine.DebugLogHandler:LogFormat(LogType, Object, String, Object[])
UnityEngine.Logger:Log(LogType, Object)
UnityEngine.Debug:Log(Object)
HighPrecisionStepperJuggler.ImageProcessingInstructionSender:Update()
 
(Filename: C:\build\output\unity\unity\Runtime/Export/Debug/Debug.bindings.h Line: 35)

Ball r, x, y :45.9, 150, -30
UnityEngine.DebugLogHandler:Internal_Log(LogType, LogOption, String, Object)
UnityEngine.DebugLogHandler:LogFormat(LogType, Object, String, Object[])
UnityEngine.Logger:Log(LogType, Object)
UnityEngine.Debug:Log(Object)
HighPrecisionStepperJuggler.ImageProcessingInstructionSender:Update()
 
(Filename: C:\build\output\unity\unity\Runtime/Export/Debug/Debug.bindings.h Line: 35)

Ball r, x, y :46.36, 144, -30
UnityEngine.DebugLogHandler:Internal_Log(LogType, LogOption, String, Object)
UnityEngine.DebugLogHandler:LogFormat(LogType, Object, String, Object[])
UnityEngine.Logger:Log(LogType, Object)
UnityEngine.Debug:Log(Object)
HighPrecisionStepperJuggler.ImageProcessingInstructionSender:Update()
 
(Filename: C:\build\output\unity\unity\Runtime/Export/Debug/Debug.bindings.h Line: 35)

Ball r, x, y :48.1, 144, -30
UnityEngine.DebugLogHandler:Internal_Log(LogType, LogOption, String, Object)
UnityEngine.DebugLogHandler:LogFormat(LogType, Object, String, Object[])
UnityEngine.Logger:Log(LogType, Object)
UnityEngine.Debug:Log(Object)
HighPrecisionStepperJuggler.ImageProcessingInstructionSender:Update()
 
(Filename: C:\build\output\unity\unity\Runtime/Export/Debug/Debug.bindings.h Line: 35)

Ball r, x, y :52.92, -173, -31
UnityEngine.DebugLogHandler:Internal_Log(LogType, LogOption, String, Object)
UnityEngine.DebugLogHandler:LogFormat(LogType, Object, String, Object[])
UnityEngine.Logger:Log(LogType, Object)
UnityEngine.Debug:Log(Object)
HighPrecisionStepperJuggler.ImageProcessingInstructionSender:Update()
 
(Filename: C:\build\output\unity\unity\Runtime/Export/Debug/Debug.bindings.h Line: 35)

Ball r, x, y :56.84, -166, -31
UnityEngine.DebugLogHandler:Internal_Log(LogType, LogOption, String, Object)
UnityEngine.DebugLogHandler:LogFormat(LogType, Object, String, Object[])
UnityEngine.Logger:Log(LogType, Object)
UnityEngine.Debug:Log(Object)
HighPrecisionStepperJuggler.ImageProcessingInstructionSender:Update()
 
(Filename: C:\build\output\unity\unity\Runtime/Export/Debug/Debug.bindings.h Line: 35)

[SerialInterface] Sending: 11.00000:0.65624:0.65624:0.65598:0.65650:0.10000

UnityEngine.DebugLogHandler:Internal_Log(LogType, LogOption, String, Object)
UnityEngine.DebugLogHandler:LogFormat(LogType, Object, String, Object[])
UnityEngine.Logger:Log(LogType, Object)
UnityEngine.Debug:Log(Object)
HighPrecisionStepperJuggler.SerialInterface:Send(String)
HighPrecisionStepperJuggler.RealMachine:SendInstructions(List`1)
HighPrecisionStepperJuggler.InstructableMachine:Instruct(List`1)
HighPrecisionStepperJuggler.MachineController:SendInstructions(List`1)
HighPrecisionStepperJuggler.BallControlling:MoveToHeightWithAlternatingXYTiltCorrection(MachineController, ITiltController, BallData, Single, Single, Int32, Nullable`1)
HighPrecisionStepperJuggler.<>c__DisplayClass4_0:<TwoStepBouncing>b__0(BallData, MachineController, Int32)
HighPrecisionStepperJuggler.BallControlStrategy:Execute(BallData, MachineController)
HighPrecisionStepperJuggler.ImageProcessingInstructionSender:Update()
 
(Filename: C:\build\output\unity\unity\Runtime/Export/Debug/Debug.bindings.h Line: 35)

[SerialInterface] Received: RECEIVED MSG: 11.00000:0.65624:0.65624:0.65598:0.65650:0.10000
UnityEngine.DebugLogHandler:Internal_Log(LogType, LogOption, String, Object)
UnityEngine.DebugLogHandler:LogFormat(LogType, Object, String, Object[])
UnityEngine.Logger:Log(LogType, Object)
UnityEngine.Debug:Log(Object)
HighPrecisionStepperJuggler.SerialInterface:ProcessReceiveBuffer()
HighPrecisionStepperJuggler.SerialInterface:Update()
 
(Filename: C:\build\output\unity\unity\Runtime/Export/Debug/Debug.bindings.h Line: 35)

[SerialInterface] Received: Parsed tokens (count=6): 11.00000 |0.65624 |0.65624 |0.65598 |0.65650 |0.10000
UnityEngine.DebugLogHandler:Internal_Log(LogType, LogOption, String, Object)
UnityEngine.DebugLogHandler:LogFormat(LogType, Object, String, Object[])
UnityEngine.Logger:Log(LogType, Object)
UnityEngine.Debug:Log(Object)
HighPrecisionStepperJuggler.SerialInterface:ProcessReceiveBuffer()
HighPrecisionStepperJuggler.SerialInterface:Update()
 
(Filename: C:\build\output\unity\unity\Runtime/Export/Debug/Debug.bindings.h Line: 35)

[SerialInterface] Received: Num of move batches: 1
UnityEngine.DebugLogHandler:Internal_Log(LogType, LogOption, String, Object)
UnityEngine.DebugLogHandler:LogFormat(LogType, Object, String, Object[])
UnityEngine.Logger:Log(LogType, Object)
UnityEngine.Debug:Log(Object)
HighPrecisionStepperJuggler.SerialInterface:ProcessReceiveBuffer()
HighPrecisionStepperJuggler.SerialInterface:Update()
 
(Filename: C:\build\output\unity\unity\Runtime/Export/Debug/Debug.bindings.h Line: 35)

[SerialInterface] Received: Batch 0 marker value: 11.00000
UnityEngine.DebugLogHandler:Internal_Log(LogType, LogOption, String, Object)
UnityEngine.DebugLogHandler:LogFormat(LogType, Object, String, Object[])
UnityEngine.Logger:Log(LogType, Object)
UnityEngine.Debug:Log(Object)
HighPrecisionStepperJuggler.SerialInterface:ProcessReceiveBuffer()
HighPrecisionStepperJuggler.SerialInterface:Update()
 
(Filename: C:\build\output\unity\unity\Runtime/Export/Debug/Debug.bindings.h Line: 35)

[SerialInterface] Received: Marker matches expected value.
UnityEngine.DebugLogHandler:Internal_Log(LogType, LogOption, String, Object)
UnityEngine.DebugLogHandler:LogFormat(LogType, Object, String, Object[])
UnityEngine.Logger:Log(LogType, Object)
UnityEngine.Debug:Log(Object)
HighPrecisionStepperJuggler.SerialInterface:ProcessReceiveBuffer()
HighPrecisionStepperJuggler.SerialInterface:Update()
 
(Filename: C:\build\output\unity\unity\Runtime/Export/Debug/Debug.bindings.h Line: 35)

[SerialInterface] Received: Motor0 pulses: 1731
UnityEngine.DebugLogHandler:Internal_Log(LogType, LogOption, String, Object)
UnityEngine.DebugLogHandler:LogFormat(LogType, Object, String, Object[])
UnityEngine.Logger:Log(LogType, Object)
UnityEngine.Debug:Log(Object)
HighPrecisionStepperJuggler.SerialInterface:ProcessReceiveBuffer()
HighPrecisionStepperJuggler.SerialInterface:Update()
 
(Filename: C:\build\output\unity\unity\Runtime/Export/Debug/Debug.bindings.h Line: 35)

[SerialInterface] Received: Motor1 pulses: 1731
UnityEngine.DebugLogHandler:Internal_Log(LogType, LogOption, String, Object)
UnityEngine.DebugLogHandler:LogFormat(LogType, Object, String, Object[])
UnityEngine.Logger:Log(LogType, Object)
UnityEngine.Debug:Log(Object)
HighPrecisionStepperJuggler.SerialInterface:ProcessReceiveBuffer()
HighPrecisionStepperJuggler.SerialInterface:Update()
 
(Filename: C:\build\output\unity\unity\Runtime/Export/Debug/Debug.bindings.h Line: 35)

[SerialInterface] Received: Motor2 pulses: 1730
UnityEngine.DebugLogHandler:Internal_Log(LogType, LogOption, String, Object)
UnityEngine.DebugLogHandler:LogFormat(LogType, Object, String, Object[])
UnityEngine.Logger:Log(LogType, Object)
UnityEngine.Debug:Log(Object)
HighPrecisionStepperJuggler.SerialInterface:ProcessReceiveBuffer()
HighPrecisionStepperJuggler.SerialInterface:Update()
 
(Filename: C:\build\output\unity\unity\Runtime/Export/Debug/Debug.bindings.h Line: 35)

[SerialInterface] Received: Motor3 pulses: 1731
UnityEngine.DebugLogHandler:Internal_Log(LogType, LogOption, String, Object)
UnityEngine.DebugLogHandler:LogFormat(LogType, Object, String, Object[])
UnityEngine.Logger:Log(LogType, Object)
UnityEngine.Debug:Log(Object)
HighPrecisionStepperJuggler.SerialInterface:ProcessReceiveBuffer()
HighPrecisionStepperJuggler.SerialInterface:Update()
 
(Filename: C:\build\output\unity\unity\Runtime/Export/Debug/Debug.bindings.h Line: 35)

[SerialInterface] Received: Move duration: 0.10000
UnityEngine.DebugLogHandler:Internal_Log(LogType, LogOption, String, Object)
UnityEngine.DebugLogHandler:LogFormat(LogType, Object, String, Object[])
UnityEngine.Logger:Log(LogType, Object)
UnityEngine.Debug:Log(Object)
HighPrecisionStepperJuggler.SerialInterface:ProcessReceiveBuffer()
HighPrecisionStepperJuggler.SerialInterface:Update()
 
(Filename: C:\build\output\unity\unity\Runtime/Export/Debug/Debug.bindings.h Line: 35)

Ball r, x, y :56.46, -165, -31
UnityEngine.DebugLogHandler:Internal_Log(LogType, LogOption, String, Object)
UnityEngine.DebugLogHandler:LogFormat(LogType, Object, String, Object[])
UnityEngine.Logger:Log(LogType, Object)
UnityEngine.Debug:Log(Object)
HighPrecisionStepperJuggler.ImageProcessingInstructionSender:Update()
 
(Filename: C:\build\output\unity\unity\Runtime/Export/Debug/Debug.bindings.h Line: 35)

Ball r, x, y :56.04, -165, -31
UnityEngine.DebugLogHandler:Internal_Log(LogType, LogOption, String, Object)
UnityEngine.DebugLogHandler:LogFormat(LogType, Object, String, Object[])
UnityEngine.Logger:Log(LogType, Object)
UnityEngine.Debug:Log(Object)
HighPrecisionStepperJuggler.ImageProcessingInstructionSender:Update()
 
(Filename: C:\build\output\unity\unity\Runtime/Export/Debug/Debug.bindings.h Line: 35)

[SerialInterface] Sending: 11.00000:0.62268:0.50990:0.56571:0.56571:0.10000

UnityEngine.DebugLogHandler:Internal_Log(LogType, LogOption, String, Object)
UnityEngine.DebugLogHandler:LogFormat(LogType, Object, String, Object[])
UnityEngine.Logger:Log(LogType, Object)
UnityEngine.Debug:Log(Object)
HighPrecisionStepperJuggler.SerialInterface:Send(String)
HighPrecisionStepperJuggler.RealMachine:SendInstructions(List`1)
HighPrecisionStepperJuggler.InstructableMachine:Instruct(List`1)
HighPrecisionStepperJuggler.MachineController:SendInstructions(List`1)
HighPrecisionStepperJuggler.BallControlling:MoveToHeightWithAlternatingXYTiltCorrection(MachineController, ITiltController, BallData, Single, Single, Int32, Nullable`1)
HighPrecisionStepperJuggler.<>c__DisplayClass4_0:<TwoStepBouncing>b__0(BallData, MachineController, Int32)
HighPrecisionStepperJuggler.BallControlStrategy:Execute(BallData, MachineController)
HighPrecisionStepperJuggler.ImageProcessingInstructionSender:Update()
 
(Filename: C:\build\output\unity\unity\Runtime/Export/Debug/Debug.bindings.h Line: 35)

[SerialInterface] Received: RECEIVED MSG: 11.00000:0.62268:0.50990:0.56571:0.56571:0.10000
UnityEngine.DebugLogHandler:Internal_Log(LogType, LogOption, String, Object)
UnityEngine.DebugLogHandler:LogFormat(LogType, Object, String, Object[])
UnityEngine.Logger:Log(LogType, Object)
UnityEngine.Debug:Log(Object)
HighPrecisionStepperJuggler.SerialInterface:ProcessReceiveBuffer()
HighPrecisionStepperJuggler.SerialInterface:Update()
 
(Filename: C:\build\output\unity\unity\Runtime/Export/Debug/Debug.bindings.h Line: 35)

[SerialInterface] Received: Parsed tokens (count=6): 11.00000 |0.62268 |0.50990 |0.56571 |0.56571 |0.10000
UnityEngine.DebugLogHandler:Internal_Log(LogType, LogOption, String, Object)
UnityEngine.DebugLogHandler:LogFormat(LogType, Object, String, Object[])
UnityEngine.Logger:Log(LogType, Object)
UnityEngine.Debug:Log(Object)
HighPrecisionStepperJuggler.SerialInterface:ProcessReceiveBuffer()
HighPrecisionStepperJuggler.SerialInterface:Update()
 
(Filename: C:\build\output\unity\unity\Runtime/Export/Debug/Debug.bindings.h Line: 35)

[SerialInterface] Received: Num of move batches: 1
UnityEngine.DebugLogHandler:Internal_Log(LogType, LogOption, String, Object)
UnityEngine.DebugLogHandler:LogFormat(LogType, Object, String, Object[])
UnityEngine.Logger:Log(LogType, Object)
UnityEngine.Debug:Log(Object)
HighPrecisionStepperJuggler.SerialInterface:ProcessReceiveBuffer()
HighPrecisionStepperJuggler.SerialInterface:Update()
 
(Filename: C:\build\output\unity\unity\Runtime/Export/Debug/Debug.bindings.h Line: 35)

[SerialInterface] Received: Batch 0 marker value: 11.00000
UnityEngine.DebugLogHandler:Internal_Log(LogType, LogOption, String, Object)
UnityEngine.DebugLogHandler:LogFormat(LogType, Object, String, Object[])
UnityEngine.Logger:Log(LogType, Object)
UnityEngine.Debug:Log(Object)
HighPrecisionStepperJuggler.SerialInterface:ProcessReceiveBuffer()
HighPrecisionStepperJuggler.SerialInterface:Update()
 
(Filename: C:\build\output\unity\unity\Runtime/Export/Debug/Debug.bindings.h Line: 35)

[SerialInterface] Received: Marker matches expected value.
UnityEngine.DebugLogHandler:Internal_Log(LogType, LogOption, String, Object)
UnityEngine.DebugLogHandler:LogFormat(LogType, Object, String, Object[])
UnityEngine.Logger:Log(LogType, Object)
UnityEngine.Debug:Log(Object)
HighPrecisionStepperJuggler.SerialInterface:ProcessReceiveBuffer()
HighPrecisionStepperJuggler.SerialInterface:Update()
 
(Filename: C:\build\output\unity\unity\Runtime/Export/Debug/Debug.bindings.h Line: 35)

[SerialInterface] Received: Motor0 pulses: 1642
UnityEngine.DebugLogHandler:Internal_Log(LogType, LogOption, String, Object)
UnityEngine.DebugLogHandler:LogFormat(LogType, Object, String, Object[])
UnityEngine.Logger:Log(LogType, Object)
UnityEngine.Debug:Log(Object)
HighPrecisionStepperJuggler.SerialInterface:ProcessReceiveBuffer()
HighPrecisionStepperJuggler.SerialInterface:Update()
 
(Filename: C:\build\output\unity\unity\Runtime/Export/Debug/Debug.bindings.h Line: 35)

[SerialInterface] Received: Motor1 pulses: 1345
UnityEngine.DebugLogHandler:Internal_Log(LogType, LogOption, String, Object)
UnityEngine.DebugLogHandler:LogFormat(LogType, Object, String, Object[])
UnityEngine.Logger:Log(LogType, Object)
UnityEngine.Debug:Log(Object)
HighPrecisionStepperJuggler.SerialInterface:ProcessReceiveBuffer()
HighPrecisionStepperJuggler.SerialInterface:Update()
 
(Filename: C:\build\output\unity\unity\Runtime/Export/Debug/Debug.bindings.h Line: 35)

[SerialInterface] Received: Motor2 pulses: 1492
UnityEngine.DebugLogHandler:Internal_Log(LogType, LogOption, String, Object)
UnityEngine.DebugLogHandler:LogFormat(LogType, Object, String, Object[])
UnityEngine.Logger:Log(LogType, Object)
UnityEngine.Debug:Log(Object)
HighPrecisionStepperJuggler.SerialInterface:ProcessReceiveBuffer()
HighPrecisionStepperJuggler.SerialInterface:Update()
 
(Filename: C:\build\output\unity\unity\Runtime/Export/Debug/Debug.bindings.h Line: 35)

[SerialInterface] Received: Motor3 pulses: 1492
UnityEngine.DebugLogHandler:Internal_Log(LogType, LogOption, String, Object)
UnityEngine.DebugLogHandler:LogFormat(LogType, Object, String, Object[])
UnityEngine.Logger:Log(LogType, Object)
UnityEngine.Debug:Log(Object)
HighPrecisionStepperJuggler.SerialInterface:ProcessReceiveBuffer()
HighPrecisionStepperJuggler.SerialInterface:Update()
 
(Filename: C:\build\output\unity\unity\Runtime/Export/Debug/Debug.bindings.h Line: 35)

[SerialInterface] Received: Move duration: 0.10000
UnityEngine.DebugLogHandler:Internal_Log(LogType, LogOption, String, Object)
UnityEngine.DebugLogHandler:LogFormat(LogType, Object, String, Object[])
UnityEngine.Logger:Log(LogType, Object)
UnityEngine.Debug:Log(Object)
HighPrecisionStepperJuggler.SerialInterface:ProcessReceiveBuffer()
HighPrecisionStepperJuggler.SerialInterface:Update()
 
(Filename: C:\build\output\unity\unity\Runtime/Export/Debug/Debug.bindings.h Line: 35)

Ball r, x, y :56.44, -163, -31
UnityEngine.DebugLogHandler:Internal_Log(LogType, LogOption, String, Object)
UnityEngine.DebugLogHandler:LogFormat(LogType, Object, String, Object[])
UnityEngine.Logger:Log(LogType, Object)
UnityEngine.Debug:Log(Object)
HighPrecisionStepperJuggler.ImageProcessingInstructionSender:Update()
 
(Filename: C:\build\output\unity\unity\Runtime/Export/Debug/Debug.bindings.h Line: 35)

Ball r, x, y :56.44, 163, -30
UnityEngine.DebugLogHandler:Internal_Log(LogType, LogOption, String, Object)
UnityEngine.DebugLogHandler:LogFormat(LogType, Object, String, Object[])
UnityEngine.Logger:Log(LogType, Object)
UnityEngine.Debug:Log(Object)
HighPrecisionStepperJuggler.ImageProcessingInstructionSender:Update()
 
(Filename: C:\build\output\unity\unity\Runtime/Export/Debug/Debug.bindings.h Line: 35)

[SerialInterface] Sending: 11.00000:0.65624:0.65624:0.65495:0.65753:0.10000

UnityEngine.DebugLogHandler:Internal_Log(LogType, LogOption, String, Object)
UnityEngine.DebugLogHandler:LogFormat(LogType, Object, String, Object[])
UnityEngine.Logger:Log(LogType, Object)
UnityEngine.Debug:Log(Object)
HighPrecisionStepperJuggler.SerialInterface:Send(String)
HighPrecisionStepperJuggler.RealMachine:SendInstructions(List`1)
HighPrecisionStepperJuggler.InstructableMachine:Instruct(List`1)
HighPrecisionStepperJuggler.MachineController:SendInstructions(List`1)
HighPrecisionStepperJuggler.BallControlling:MoveToHeightWithAlternatingXYTiltCorrection(MachineController, ITiltController, BallData, Single, Single, Int32, Nullable`1)
HighPrecisionStepperJuggler.<>c__DisplayClass4_0:<TwoStepBouncing>b__0(BallData, MachineController, Int32)
HighPrecisionStepperJuggler.BallControlStrategy:Execute(BallData, MachineController)
HighPrecisionStepperJuggler.ImageProcessingInstructionSender:Update()
 
(Filename: C:\build\output\unity\unity\Runtime/Export/Debug/Debug.bindings.h Line: 35)

[SerialInterface] Received: RECEIVED MSG: 11.00000:0.65624:0.65624:0.65495:0.65753:0.10000
UnityEngine.DebugLogHandler:Internal_Log(LogType, LogOption, String, Object)
UnityEngine.DebugLogHandler:LogFormat(LogType, Object, String, Object[])
UnityEngine.Logger:Log(LogType, Object)
UnityEngine.Debug:Log(Object)
HighPrecisionStepperJuggler.SerialInterface:ProcessReceiveBuffer()
HighPrecisionStepperJuggler.SerialInterface:Update()
 
(Filename: C:\build\output\unity\unity\Runtime/Export/Debug/Debug.bindings.h Line: 35)

[SerialInterface] Received: Parsed tokens (count=6): 11.00000 |0.65624 |0.65624 |0.65495 |0.65753 |0.10000
UnityEngine.DebugLogHandler:Internal_Log(LogType, LogOption, String, Object)
UnityEngine.DebugLogHandler:LogFormat(LogType, Object, String, Object[])
UnityEngine.Logger:Log(LogType, Object)
UnityEngine.Debug:Log(Object)
HighPrecisionStepperJuggler.SerialInterface:ProcessReceiveBuffer()
HighPrecisionStepperJuggler.SerialInterface:Update()
 
(Filename: C:\build\output\unity\unity\Runtime/Export/Debug/Debug.bindings.h Line: 35)

[SerialInterface] Received: Num of move batches: 1
UnityEngine.DebugLogHandler:Internal_Log(LogType, LogOption, String, Object)
UnityEngine.DebugLogHandler:LogFormat(LogType, Object, String, Object[])
UnityEngine.Logger:Log(LogType, Object)
UnityEngine.Debug:Log(Object)
HighPrecisionStepperJuggler.SerialInterface:ProcessReceiveBuffer()
HighPrecisionStepperJuggler.SerialInterface:Update()
 
(Filename: C:\build\output\unity\unity\Runtime/Export/Debug/Debug.bindings.h Line: 35)

[SerialInterface] Received: Batch 0 marker value: 11.00000
UnityEngine.DebugLogHandler:Internal_Log(LogType, LogOption, String, Object)
UnityEngine.DebugLogHandler:LogFormat(LogType, Object, String, Object[])
UnityEngine.Logger:Log(LogType, Object)
UnityEngine.Debug:Log(Object)
HighPrecisionStepperJuggler.SerialInterface:ProcessReceiveBuffer()
HighPrecisionStepperJuggler.SerialInterface:Update()
 
(Filename: C:\build\output\unity\unity\Runtime/Export/Debug/Debug.bindings.h Line: 35)

[SerialInterface] Received: Marker matches expected value.
UnityEngine.DebugLogHandler:Internal_Log(LogType, LogOption, String, Object)
UnityEngine.DebugLogHandler:LogFormat(LogType, Object, String, Object[])
UnityEngine.Logger:Log(LogType, Object)
UnityEngine.Debug:Log(Object)
HighPrecisionStepperJuggler.SerialInterface:ProcessReceiveBuffer()
HighPrecisionStepperJuggler.SerialInterface:Update()
 
(Filename: C:\build\output\unity\unity\Runtime/Export/Debug/Debug.bindings.h Line: 35)

[SerialInterface] Received: Motor0 pulses: 1731
UnityEngine.DebugLogHandler:Internal_Log(LogType, LogOption, String, Object)
UnityEngine.DebugLogHandler:LogFormat(LogType, Object, String, Object[])
UnityEngine.Logger:Log(LogType, Object)
UnityEngine.Debug:Log(Object)
HighPrecisionStepperJuggler.SerialInterface:ProcessReceiveBuffer()
HighPrecisionStepperJuggler.SerialInterface:Update()
 
(Filename: C:\build\output\unity\unity\Runtime/Export/Debug/Debug.bindings.h Line: 35)

[SerialInterface] Received: Motor1 pulses: 1731
UnityEngine.DebugLogHandler:Internal_Log(LogType, LogOption, String, Object)
UnityEngine.DebugLogHandler:LogFormat(LogType, Object, String, Object[])
UnityEngine.Logger:Log(LogType, Object)
UnityEngine.Debug:Log(Object)
HighPrecisionStepperJuggler.SerialInterface:ProcessReceiveBuffer()
HighPrecisionStepperJuggler.SerialInterface:Update()
 
(Filename: C:\build\output\unity\unity\Runtime/Export/Debug/Debug.bindings.h Line: 35)

[SerialInterface] Received: Motor2 pulses: 1727
UnityEngine.DebugLogHandler:Internal_Log(LogType, LogOption, String, Object)
UnityEngine.DebugLogHandler:LogFormat(LogType, Object, String, Object[])
UnityEngine.Logger:Log(LogType, Object)
UnityEngine.Debug:Log(Object)
HighPrecisionStepperJuggler.SerialInterface:ProcessReceiveBuffer()
HighPrecisionStepperJuggler.SerialInterface:Update()
 
(Filename: C:\build\output\unity\unity\Runtime/Export/Debug/Debug.bindings.h Line: 35)

[SerialInterface] Received: Motor3 pulses: 1734
UnityEngine.DebugLogHandler:Internal_Log(LogType, LogOption, String, Object)
UnityEngine.DebugLogHandler:LogFormat(LogType, Object, String, Object[])
UnityEngine.Logger:Log(LogType, Object)
UnityEngine.Debug:Log(Object)
HighPrecisionStepperJuggler.SerialInterface:ProcessReceiveBuffer()
HighPrecisionStepperJuggler.SerialInterface:Update()
 
(Filename: C:\build\output\unity\unity\Runtime/Export/Debug/Debug.bindings.h Line: 35)

[SerialInterface] Received: Move duration: 0.10000
UnityEngine.DebugLogHandler:Internal_Log(LogType, LogOption, String, Object)
UnityEngine.DebugLogHandler:LogFormat(LogType, Object, String, Object[])
UnityEngine.Logger:Log(LogType, Object)
UnityEngine.Debug:Log(Object)
HighPrecisionStepperJuggler.SerialInterface:ProcessReceiveBuffer()
HighPrecisionStepperJuggler.SerialInterface:Update()
 
(Filename: C:\build\output\unity\unity\Runtime/Export/Debug/Debug.bindings.h Line: 35)

Ball r, x, y :56.44, 165, -30
UnityEngine.DebugLogHandler:Internal_Log(LogType, LogOption, String, Object)
UnityEngine.DebugLogHandler:LogFormat(LogType, Object, String, Object[])
UnityEngine.Logger:Log(LogType, Object)
UnityEngine.Debug:Log(Object)
HighPrecisionStepperJuggler.ImageProcessingInstructionSender:Update()
 
(Filename: C:\build\output\unity\unity\Runtime/Export/Debug/Debug.bindings.h Line: 35)

Ball r, x, y :56.86, -153, -61
UnityEngine.DebugLogHandler:Internal_Log(LogType, LogOption, String, Object)
UnityEngine.DebugLogHandler:LogFormat(LogType, Object, String, Object[])
UnityEngine.Logger:Log(LogType, Object)
UnityEngine.Debug:Log(Object)
HighPrecisionStepperJuggler.ImageProcessingInstructionSender:Update()
 
(Filename: C:\build\output\unity\unity\Runtime/Export/Debug/Debug.bindings.h Line: 35)

Ball r, x, y :56.88, -152, -61
UnityEngine.DebugLogHandler:Internal_Log(LogType, LogOption, String, Object)
UnityEngine.DebugLogHandler:LogFormat(LogType, Object, String, Object[])
UnityEngine.Logger:Log(LogType, Object)
UnityEngine.Debug:Log(Object)
HighPrecisionStepperJuggler.ImageProcessingInstructionSender:Update()
 
(Filename: C:\build\output\unity\unity\Runtime/Export/Debug/Debug.bindings.h Line: 35)

Ball r, x, y :57.72, 168, -30
UnityEngine.DebugLogHandler:Internal_Log(LogType, LogOption, String, Object)
UnityEngine.DebugLogHandler:LogFormat(LogType, Object, String, Object[])
UnityEngine.Logger:Log(LogType, Object)
UnityEngine.Debug:Log(Object)
HighPrecisionStepperJuggler.ImageProcessingInstructionSender:Update()
 
(Filename: C:\build\output\unity\unity\Runtime/Export/Debug/Debug.bindings.h Line: 35)

Ball r, x, y :59.04, 169, -30
UnityEngine.DebugLogHandler:Internal_Log(LogType, LogOption, String, Object)
UnityEngine.DebugLogHandler:LogFormat(LogType, Object, String, Object[])
UnityEngine.Logger:Log(LogType, Object)
UnityEngine.Debug:Log(Object)
HighPrecisionStepperJuggler.ImageProcessingInstructionSender:Update()
 
(Filename: C:\build\output\unity\unity\Runtime/Export/Debug/Debug.bindings.h Line: 35)

Ball r, x, y :59.9, -150, -31
UnityEngine.DebugLogHandler:Internal_Log(LogType, LogOption, String, Object)
UnityEngine.DebugLogHandler:LogFormat(LogType, Object, String, Object[])
UnityEngine.Logger:Log(LogType, Object)
UnityEngine.Debug:Log(Object)
HighPrecisionStepperJuggler.ImageProcessingInstructionSender:Update()
 
(Filename: C:\build\output\unity\unity\Runtime/Export/Debug/Debug.bindings.h Line: 35)

Ball r, x, y :60.82, -149, -31
UnityEngine.DebugLogHandler:Internal_Log(LogType, LogOption, String, Object)
UnityEngine.DebugLogHandler:LogFormat(LogType, Object, String, Object[])
UnityEngine.Logger:Log(LogType, Object)
UnityEngine.Debug:Log(Object)
HighPrecisionStepperJuggler.ImageProcessingInstructionSender:Update()
 
(Filename: C:\build\output\unity\unity\Runtime/Export/Debug/Debug.bindings.h Line: 35)

Ball r, x, y :60.8, -148, -31
UnityEngine.DebugLogHandler:Internal_Log(LogType, LogOption, String, Object)
UnityEngine.DebugLogHandler:LogFormat(LogType, Object, String, Object[])
UnityEngine.Logger:Log(LogType, Object)
UnityEngine.Debug:Log(Object)
HighPrecisionStepperJuggler.ImageProcessingInstructionSender:Update()
 
(Filename: C:\build\output\unity\unity\Runtime/Export/Debug/Debug.bindings.h Line: 35)

Ball r, x, y :61.22, -147, -31
UnityEngine.DebugLogHandler:Internal_Log(LogType, LogOption, String, Object)
UnityEngine.DebugLogHandler:LogFormat(LogType, Object, String, Object[])
UnityEngine.Logger:Log(LogType, Object)
UnityEngine.Debug:Log(Object)
HighPrecisionStepperJuggler.ImageProcessingInstructionSender:Update()
 
(Filename: C:\build\output\unity\unity\Runtime/Export/Debug/Debug.bindings.h Line: 35)

Ball r, x, y :61.22, -147, -31
UnityEngine.DebugLogHandler:Internal_Log(LogType, LogOption, String, Object)
UnityEngine.DebugLogHandler:LogFormat(LogType, Object, String, Object[])
UnityEngine.Logger:Log(LogType, Object)
UnityEngine.Debug:Log(Object)
HighPrecisionStepperJuggler.ImageProcessingInstructionSender:Update()
 
(Filename: C:\build\output\unity\unity\Runtime/Export/Debug/Debug.bindings.h Line: 35)

Ball r, x, y :61.68, -147, -31
UnityEngine.DebugLogHandler:Internal_Log(LogType, LogOption, String, Object)
UnityEngine.DebugLogHandler:LogFormat(LogType, Object, String, Object[])
UnityEngine.Logger:Log(LogType, Object)
UnityEngine.Debug:Log(Object)
HighPrecisionStepperJuggler.ImageProcessingInstructionSender:Update()
 
(Filename: C:\build\output\unity\unity\Runtime/Export/Debug/Debug.bindings.h Line: 35)

Ball r, x, y :61.64, -146, -31
UnityEngine.DebugLogHandler:Internal_Log(LogType, LogOption, String, Object)
UnityEngine.DebugLogHandler:LogFormat(LogType, Object, String, Object[])
UnityEngine.Logger:Log(LogType, Object)
UnityEngine.Debug:Log(Object)
HighPrecisionStepperJuggler.ImageProcessingInstructionSender:Update()
 
(Filename: C:\build\output\unity\unity\Runtime/Export/Debug/Debug.bindings.h Line: 35)

Ball r, x, y :61.66, -147, -31
UnityEngine.DebugLogHandler:Internal_Log(LogType, LogOption, String, Object)
UnityEngine.DebugLogHandler:LogFormat(LogType, Object, String, Object[])
UnityEngine.Logger:Log(LogType, Object)
UnityEngine.Debug:Log(Object)
HighPrecisionStepperJuggler.ImageProcessingInstructionSender:Update()
 
(Filename: C:\build\output\unity\unity\Runtime/Export/Debug/Debug.bindings.h Line: 35)

[SerialInterface] Sending: 11.00000:0.56907:0.56236:0.56571:0.56571:0.10000

UnityEngine.DebugLogHandler:Internal_Log(LogType, LogOption, String, Object)
UnityEngine.DebugLogHandler:LogFormat(LogType, Object, String, Object[])
UnityEngine.Logger:Log(LogType, Object)
UnityEngine.Debug:Log(Object)
HighPrecisionStepperJuggler.SerialInterface:Send(String)
HighPrecisionStepperJuggler.RealMachine:SendInstructions(List`1)
HighPrecisionStepperJuggler.InstructableMachine:Instruct(List`1)
HighPrecisionStepperJuggler.MachineController:SendInstructions(List`1)
HighPrecisionStepperJuggler.BallControlling:MoveToHeightWithAlternatingXYTiltCorrection(MachineController, ITiltController, BallData, Single, Single, Int32, Nullable`1)
HighPrecisionStepperJuggler.<>c__DisplayClass4_0:<TwoStepBouncing>b__0(BallData, MachineController, Int32)
HighPrecisionStepperJuggler.BallControlStrategy:Execute(BallData, MachineController)
HighPrecisionStepperJuggler.ImageProcessingInstructionSender:Update()
 
(Filename: C:\build\output\unity\unity\Runtime/Export/Debug/Debug.bindings.h Line: 35)

[SerialInterface] Received: RECEIVED MSG: 11.00000:0.56907:0.56236:0.56571:0.56571:0.10000
UnityEngine.DebugLogHandler:Internal_Log(LogType, LogOption, String, Object)
UnityEngine.DebugLogHandler:LogFormat(LogType, Object, String, Object[])
UnityEngine.Logger:Log(LogType, Object)
UnityEngine.Debug:Log(Object)
HighPrecisionStepperJuggler.SerialInterface:ProcessReceiveBuffer()
HighPrecisionStepperJuggler.SerialInterface:Update()
 
(Filename: C:\build\output\unity\unity\Runtime/Export/Debug/Debug.bindings.h Line: 35)

[SerialInterface] Received: Parsed tokens (count=6): 11.00000 |0.56907 |0.56236 |0.56571 |0.56571 |0.10000
UnityEngine.DebugLogHandler:Internal_Log(LogType, LogOption, String, Object)
UnityEngine.DebugLogHandler:LogFormat(LogType, Object, String, Object[])
UnityEngine.Logger:Log(LogType, Object)
UnityEngine.Debug:Log(Object)
HighPrecisionStepperJuggler.SerialInterface:ProcessReceiveBuffer()
HighPrecisionStepperJuggler.SerialInterface:Update()
 
(Filename: C:\build\output\unity\unity\Runtime/Export/Debug/Debug.bindings.h Line: 35)

[SerialInterface] Received: Num of move batches: 1
UnityEngine.DebugLogHandler:Internal_Log(LogType, LogOption, String, Object)
UnityEngine.DebugLogHandler:LogFormat(LogType, Object, String, Object[])
UnityEngine.Logger:Log(LogType, Object)
UnityEngine.Debug:Log(Object)
HighPrecisionStepperJuggler.SerialInterface:ProcessReceiveBuffer()
HighPrecisionStepperJuggler.SerialInterface:Update()
 
(Filename: C:\build\output\unity\unity\Runtime/Export/Debug/Debug.bindings.h Line: 35)

[SerialInterface] Received: Batch 0 marker value: 11.00000
UnityEngine.DebugLogHandler:Internal_Log(LogType, LogOption, String, Object)
UnityEngine.DebugLogHandler:LogFormat(LogType, Object, String, Object[])
UnityEngine.Logger:Log(LogType, Object)
UnityEngine.Debug:Log(Object)
HighPrecisionStepperJuggler.SerialInterface:ProcessReceiveBuffer()
HighPrecisionStepperJuggler.SerialInterface:Update()
 
(Filename: C:\build\output\unity\unity\Runtime/Export/Debug/Debug.bindings.h Line: 35)

[SerialInterface] Received: Marker matches expected value.
UnityEngine.DebugLogHandler:Internal_Log(LogType, LogOption, String, Object)
UnityEngine.DebugLogHandler:LogFormat(LogType, Object, String, Object[])
UnityEngine.Logger:Log(LogType, Object)
UnityEngine.Debug:Log(Object)
HighPrecisionStepperJuggler.SerialInterface:ProcessReceiveBuffer()
HighPrecisionStepperJuggler.SerialInterface:Update()
 
(Filename: C:\build\output\unity\unity\Runtime/Export/Debug/Debug.bindings.h Line: 35)

[SerialInterface] Received: Motor0 pulses: 1501
UnityEngine.DebugLogHandler:Internal_Log(LogType, LogOption, String, Object)
UnityEngine.DebugLogHandler:LogFormat(LogType, Object, String, Object[])
UnityEngine.Logger:Log(LogType, Object)
UnityEngine.Debug:Log(Object)
HighPrecisionStepperJuggler.SerialInterface:ProcessReceiveBuffer()
HighPrecisionStepperJuggler.SerialInterface:Update()
 
(Filename: C:\build\output\unity\unity\Runtime/Export/Debug/Debug.bindings.h Line: 35)

[SerialInterface] Received: Motor1 pulses: 1483
UnityEngine.DebugLogHandler:Internal_Log(LogType, LogOption, String, Object)
UnityEngine.DebugLogHandler:LogFormat(LogType, Object, String, Object[])
UnityEngine.Logger:Log(LogType, Object)
UnityEngine.Debug:Log(Object)
HighPrecisionStepperJuggler.SerialInterface:ProcessReceiveBuffer()
HighPrecisionStepperJuggler.SerialInterface:Update()
 
(Filename: C:\build\output\unity\unity\Runtime/Export/Debug/Debug.bindings.h Line: 35)

[SerialInterface] Received: Motor2 pulses: 1492
UnityEngine.DebugLogHandler:Internal_Log(LogType, LogOption, String, Object)
UnityEngine.DebugLogHandler:LogFormat(LogType, Object, String, Object[])
UnityEngine.Logger:Log(LogType, Object)
UnityEngine.Debug:Log(Object)
HighPrecisionStepperJuggler.SerialInterface:ProcessReceiveBuffer()
HighPrecisionStepperJuggler.SerialInterface:Update()
 
(Filename: C:\build\output\unity\unity\Runtime/Export/Debug/Debug.bindings.h Line: 35)

[SerialInterface] Received: Motor3 pulses: 1492
UnityEngine.DebugLogHandler:Internal_Log(LogType, LogOption, String, Object)
UnityEngine.DebugLogHandler:LogFormat(LogType, Object, String, Object[])
UnityEngine.Logger:Log(LogType, Object)
UnityEngine.Debug:Log(Object)
HighPrecisionStepperJuggler.SerialInterface:ProcessReceiveBuffer()
HighPrecisionStepperJuggler.SerialInterface:Update()
 
(Filename: C:\build\output\unity\unity\Runtime/Export/Debug/Debug.bindings.h Line: 35)

[SerialInterface] Received: Move duration: 0.10000
UnityEngine.DebugLogHandler:Internal_Log(LogType, LogOption, String, Object)
UnityEngine.DebugLogHandler:LogFormat(LogType, Object, String, Object[])
UnityEngine.Logger:Log(LogType, Object)
UnityEngine.Debug:Log(Object)
HighPrecisionStepperJuggler.SerialInterface:ProcessReceiveBuffer()
HighPrecisionStepperJuggler.SerialInterface:Update()
 
(Filename: C:\build\output\unity\unity\Runtime/Export/Debug/Debug.bindings.h Line: 35)

Ball r, x, y :60.82, -147, -31
UnityEngine.DebugLogHandler:Internal_Log(LogType, LogOption, String, Object)
UnityEngine.DebugLogHandler:LogFormat(LogType, Object, String, Object[])
UnityEngine.Logger:Log(LogType, Object)
UnityEngine.Debug:Log(Object)
HighPrecisionStepperJuggler.ImageProcessingInstructionSender:Update()
 
(Filename: C:\build\output\unity\unity\Runtime/Export/Debug/Debug.bindings.h Line: 35)

Ball r, x, y :58.58, 174, 0
UnityEngine.DebugLogHandler:Internal_Log(LogType, LogOption, String, Object)
UnityEngine.DebugLogHandler:LogFormat(LogType, Object, String, Object[])
UnityEngine.Logger:Log(LogType, Object)
UnityEngine.Debug:Log(Object)
HighPrecisionStepperJuggler.ImageProcessingInstructionSender:Update()
 
(Filename: C:\build\output\unity\unity\Runtime/Export/Debug/Debug.bindings.h Line: 35)

Ball r, x, y :60.78, 175, 0
UnityEngine.DebugLogHandler:Internal_Log(LogType, LogOption, String, Object)
UnityEngine.DebugLogHandler:LogFormat(LogType, Object, String, Object[])
UnityEngine.Logger:Log(LogType, Object)
UnityEngine.Debug:Log(Object)
HighPrecisionStepperJuggler.ImageProcessingInstructionSender:Update()
 
(Filename: C:\build\output\unity\unity\Runtime/Export/Debug/Debug.bindings.h Line: 35)

Ball r, x, y :62.06, 176, 0
UnityEngine.DebugLogHandler:Internal_Log(LogType, LogOption, String, Object)
UnityEngine.DebugLogHandler:LogFormat(LogType, Object, String, Object[])
UnityEngine.Logger:Log(LogType, Object)
UnityEngine.Debug:Log(Object)
HighPrecisionStepperJuggler.ImageProcessingInstructionSender:Update()
 
(Filename: C:\build\output\unity\unity\Runtime/Export/Debug/Debug.bindings.h Line: 35)

[SerialInterface] Sending: 11.00000:0.65624:0.65624:0.65949:0.65300:0.10000

UnityEngine.DebugLogHandler:Internal_Log(LogType, LogOption, String, Object)
UnityEngine.DebugLogHandler:LogFormat(LogType, Object, String, Object[])
UnityEngine.Logger:Log(LogType, Object)
UnityEngine.Debug:Log(Object)
HighPrecisionStepperJuggler.SerialInterface:Send(String)
HighPrecisionStepperJuggler.RealMachine:SendInstructions(List`1)
HighPrecisionStepperJuggler.InstructableMachine:Instruct(List`1)
HighPrecisionStepperJuggler.MachineController:SendInstructions(List`1)
HighPrecisionStepperJuggler.BallControlling:MoveToHeightWithAlternatingXYTiltCorrection(MachineController, ITiltController, BallData, Single, Single, Int32, Nullable`1)
HighPrecisionStepperJuggler.<>c__DisplayClass4_0:<TwoStepBouncing>b__0(BallData, MachineController, Int32)
HighPrecisionStepperJuggler.BallControlStrategy:Execute(BallData, MachineController)
HighPrecisionStepperJuggler.ImageProcessingInstructionSender:Update()
 
(Filename: C:\build\output\unity\unity\Runtime/Export/Debug/Debug.bindings.h Line: 35)

[SerialInterface] Received: RECEIVED MSG: 11.00000:0.65624:0.65624:0.65949:0.65300:0.10000
UnityEngine.DebugLogHandler:Internal_Log(LogType, LogOption, String, Object)
UnityEngine.DebugLogHandler:LogFormat(LogType, Object, String, Object[])
UnityEngine.Logger:Log(LogType, Object)
UnityEngine.Debug:Log(Object)
HighPrecisionStepperJuggler.SerialInterface:ProcessReceiveBuffer()
HighPrecisionStepperJuggler.SerialInterface:Update()
 
(Filename: C:\build\output\unity\unity\Runtime/Export/Debug/Debug.bindings.h Line: 35)

[SerialInterface] Received: Parsed tokens (count=6): 11.00000 |0.65624 |0.65624 |0.65949 |0.65300 |0.10000
UnityEngine.DebugLogHandler:Internal_Log(LogType, LogOption, String, Object)
UnityEngine.DebugLogHandler:LogFormat(LogType, Object, String, Object[])
UnityEngine.Logger:Log(LogType, Object)
UnityEngine.Debug:Log(Object)
HighPrecisionStepperJuggler.SerialInterface:ProcessReceiveBuffer()
HighPrecisionStepperJuggler.SerialInterface:Update()
 
(Filename: C:\build\output\unity\unity\Runtime/Export/Debug/Debug.bindings.h Line: 35)

[SerialInterface] Received: Num of move batches: 1
UnityEngine.DebugLogHandler:Internal_Log(LogType, LogOption, String, Object)
UnityEngine.DebugLogHandler:LogFormat(LogType, Object, String, Object[])
UnityEngine.Logger:Log(LogType, Object)
UnityEngine.Debug:Log(Object)
HighPrecisionStepperJuggler.SerialInterface:ProcessReceiveBuffer()
HighPrecisionStepperJuggler.SerialInterface:Update()
 
(Filename: C:\build\output\unity\unity\Runtime/Export/Debug/Debug.bindings.h Line: 35)

[SerialInterface] Received: Batch 0 marker value: 11.00000
UnityEngine.DebugLogHandler:Internal_Log(LogType, LogOption, String, Object)
UnityEngine.DebugLogHandler:LogFormat(LogType, Object, String, Object[])
UnityEngine.Logger:Log(LogType, Object)
UnityEngine.Debug:Log(Object)
HighPrecisionStepperJuggler.SerialInterface:ProcessReceiveBuffer()
HighPrecisionStepperJuggler.SerialInterface:Update()
 
(Filename: C:\build\output\unity\unity\Runtime/Export/Debug/Debug.bindings.h Line: 35)

[SerialInterface] Received: Marker matches expected value.
UnityEngine.DebugLogHandler:Internal_Log(LogType, LogOption, String, Object)
UnityEngine.DebugLogHandler:LogFormat(LogType, Object, String, Object[])
UnityEngine.Logger:Log(LogType, Object)
UnityEngine.Debug:Log(Object)
HighPrecisionStepperJuggler.SerialInterface:ProcessReceiveBuffer()
HighPrecisionStepperJuggler.SerialInterface:Update()
 
(Filename: C:\build\output\unity\unity\Runtime/Export/Debug/Debug.bindings.h Line: 35)

[SerialInterface] Received: Motor0 pulses: 1731
UnityEngine.DebugLogHandler:Internal_Log(LogType, LogOption, String, Object)
UnityEngine.DebugLogHandler:LogFormat(LogType, Object, String, Object[])
UnityEngine.Logger:Log(LogType, Object)
UnityEngine.Debug:Log(Object)
HighPrecisionStepperJuggler.SerialInterface:ProcessReceiveBuffer()
HighPrecisionStepperJuggler.SerialInterface:Update()
 
(Filename: C:\build\output\unity\unity\Runtime/Export/Debug/Debug.bindings.h Line: 35)

[SerialInterface] Received: Motor1 pulses: 1731
UnityEngine.DebugLogHandler:Internal_Log(LogType, LogOption, String, Object)
UnityEngine.DebugLogHandler:LogFormat(LogType, Object, String, Object[])
UnityEngine.Logger:Log(LogType, Object)
UnityEngine.Debug:Log(Object)
HighPrecisionStepperJuggler.SerialInterface:ProcessReceiveBuffer()
HighPrecisionStepperJuggler.SerialInterface:Update()
 
(Filename: C:\build\output\unity\unity\Runtime/Export/Debug/Debug.bindings.h Line: 35)

[SerialInterface] Received: Motor2 pulses: 1739
UnityEngine.DebugLogHandler:Internal_Log(LogType, LogOption, String, Object)
UnityEngine.DebugLogHandler:LogFormat(LogType, Object, String, Object[])
UnityEngine.Logger:Log(LogType, Object)
UnityEngine.Debug:Log(Object)
HighPrecisionStepperJuggler.SerialInterface:ProcessReceiveBuffer()
HighPrecisionStepperJuggler.SerialInterface:Update()
 
(Filename: C:\build\output\unity\unity\Runtime/Export/Debug/Debug.bindings.h Line: 35)

[SerialInterface] Received: Motor3 pulses: 1722
UnityEngine.DebugLogHandler:Internal_Log(LogType, LogOption, String, Object)
UnityEngine.DebugLogHandler:LogFormat(LogType, Object, String, Object[])
UnityEngine.Logger:Log(LogType, Object)
UnityEngine.Debug:Log(Object)
HighPrecisionStepperJuggler.SerialInterface:ProcessReceiveBuffer()
HighPrecisionStepperJuggler.SerialInterface:Update()
 
(Filename: C:\build\output\unity\unity\Runtime/Export/Debug/Debug.bindings.h Line: 35)

[SerialInterface] Received: Move duration: 0.10000
UnityEngine.DebugLogHandler:Internal_Log(LogType, LogOption, String, Object)
UnityEngine.DebugLogHandler:LogFormat(LogType, Object, String, Object[])
UnityEngine.Logger:Log(LogType, Object)
UnityEngine.Debug:Log(Object)
HighPrecisionStepperJuggler.SerialInterface:ProcessReceiveBuffer()
HighPrecisionStepperJuggler.SerialInterface:Update()
 
(Filename: C:\build\output\unity\unity\Runtime/Export/Debug/Debug.bindings.h Line: 35)

Ball r, x, y :62.06, 177, 0
UnityEngine.DebugLogHandler:Internal_Log(LogType, LogOption, String, Object)
UnityEngine.DebugLogHandler:LogFormat(LogType, Object, String, Object[])
UnityEngine.Logger:Log(LogType, Object)
UnityEngine.Debug:Log(Object)
HighPrecisionStepperJuggler.ImageProcessingInstructionSender:Update()
 
(Filename: C:\build\output\unity\unity\Runtime/Export/Debug/Debug.bindings.h Line: 35)

Ball r, x, y :62.06, 178, 0
UnityEngine.DebugLogHandler:Internal_Log(LogType, LogOption, String, Object)
UnityEngine.DebugLogHandler:LogFormat(LogType, Object, String, Object[])
UnityEngine.Logger:Log(LogType, Object)
UnityEngine.Debug:Log(Object)
HighPrecisionStepperJuggler.ImageProcessingInstructionSender:Update()
 
(Filename: C:\build\output\unity\unity\Runtime/Export/Debug/Debug.bindings.h Line: 35)

Ball r, x, y :62.56, 177, 0
UnityEngine.DebugLogHandler:Internal_Log(LogType, LogOption, String, Object)
UnityEngine.DebugLogHandler:LogFormat(LogType, Object, String, Object[])
UnityEngine.Logger:Log(LogType, Object)
UnityEngine.Debug:Log(Object)
HighPrecisionStepperJuggler.ImageProcessingInstructionSender:Update()
 
(Filename: C:\build\output\unity\unity\Runtime/Export/Debug/Debug.bindings.h Line: 35)

Ball r, x, y :62.98, 179, 0
UnityEngine.DebugLogHandler:Internal_Log(LogType, LogOption, String, Object)
UnityEngine.DebugLogHandler:LogFormat(LogType, Object, String, Object[])
UnityEngine.Logger:Log(LogType, Object)
UnityEngine.Debug:Log(Object)
HighPrecisionStepperJuggler.ImageProcessingInstructionSender:Update()
 
(Filename: C:\build\output\unity\unity\Runtime/Export/Debug/Debug.bindings.h Line: 35)

Ball r, x, y :63.44, 182, 0
UnityEngine.DebugLogHandler:Internal_Log(LogType, LogOption, String, Object)
UnityEngine.DebugLogHandler:LogFormat(LogType, Object, String, Object[])
UnityEngine.Logger:Log(LogType, Object)
UnityEngine.Debug:Log(Object)
HighPrecisionStepperJuggler.ImageProcessingInstructionSender:Update()
 
(Filename: C:\build\output\unity\unity\Runtime/Export/Debug/Debug.bindings.h Line: 35)

Ball r, x, y :58.58, 188, 0
UnityEngine.DebugLogHandler:Internal_Log(LogType, LogOption, String, Object)
UnityEngine.DebugLogHandler:LogFormat(LogType, Object, String, Object[])
UnityEngine.Logger:Log(LogType, Object)
UnityEngine.Debug:Log(Object)
HighPrecisionStepperJuggler.ImageProcessingInstructionSender:Update()
 
(Filename: C:\build\output\unity\unity\Runtime/Export/Debug/Debug.bindings.h Line: 35)

[SerialInterface] Sending: 11.00000:0.55325:0.57823:0.56571:0.56571:0.10000

UnityEngine.DebugLogHandler:Internal_Log(LogType, LogOption, String, Object)
UnityEngine.DebugLogHandler:LogFormat(LogType, Object, String, Object[])
UnityEngine.Logger:Log(LogType, Object)
UnityEngine.Debug:Log(Object)
HighPrecisionStepperJuggler.SerialInterface:Send(String)
HighPrecisionStepperJuggler.RealMachine:SendInstructions(List`1)
HighPrecisionStepperJuggler.InstructableMachine:Instruct(List`1)
HighPrecisionStepperJuggler.MachineController:SendInstructions(List`1)
HighPrecisionStepperJuggler.BallControlling:MoveToHeightWithAlternatingXYTiltCorrection(MachineController, ITiltController, BallData, Single, Single, Int32, Nullable`1)
HighPrecisionStepperJuggler.<>c__DisplayClass4_0:<TwoStepBouncing>b__0(BallData, MachineController, Int32)
HighPrecisionStepperJuggler.BallControlStrategy:Execute(BallData, MachineController)
HighPrecisionStepperJuggler.ImageProcessingInstructionSender:Update()
 
(Filename: C:\build\output\unity\unity\Runtime/Export/Debug/Debug.bindings.h Line: 35)

[SerialInterface] Received: RECEIVED MSG: 11.00000:0.55325:0.57823:0.56571:0.56571:0.10000
UnityEngine.DebugLogHandler:Internal_Log(LogType, LogOption, String, Object)
UnityEngine.DebugLogHandler:LogFormat(LogType, Object, String, Object[])
UnityEngine.Logger:Log(LogType, Object)
UnityEngine.Debug:Log(Object)
HighPrecisionStepperJuggler.SerialInterface:ProcessReceiveBuffer()
HighPrecisionStepperJuggler.SerialInterface:Update()
 
(Filename: C:\build\output\unity\unity\Runtime/Export/Debug/Debug.bindings.h Line: 35)

[SerialInterface] Received: Parsed tokens (count=6): 11.00000 |0.55325 |0.57823 |0.56571 |0.56571 |0.10000
UnityEngine.DebugLogHandler:Internal_Log(LogType, LogOption, String, Object)
UnityEngine.DebugLogHandler:LogFormat(LogType, Object, String, Object[])
UnityEngine.Logger:Log(LogType, Object)
UnityEngine.Debug:Log(Object)
HighPrecisionStepperJuggler.SerialInterface:ProcessReceiveBuffer()
HighPrecisionStepperJuggler.SerialInterface:Update()
 
(Filename: C:\build\output\unity\unity\Runtime/Export/Debug/Debug.bindings.h Line: 35)

[SerialInterface] Received: Num of move batches: 1
UnityEngine.DebugLogHandler:Internal_Log(LogType, LogOption, String, Object)
UnityEngine.DebugLogHandler:LogFormat(LogType, Object, String, Object[])
UnityEngine.Logger:Log(LogType, Object)
UnityEngine.Debug:Log(Object)
HighPrecisionStepperJuggler.SerialInterface:ProcessReceiveBuffer()
HighPrecisionStepperJuggler.SerialInterface:Update()
 
(Filename: C:\build\output\unity\unity\Runtime/Export/Debug/Debug.bindings.h Line: 35)

[SerialInterface] Received: Batch 0 marker value: 11.00000
UnityEngine.DebugLogHandler:Internal_Log(LogType, LogOption, String, Object)
UnityEngine.DebugLogHandler:LogFormat(LogType, Object, String, Object[])
UnityEngine.Logger:Log(LogType, Object)
UnityEngine.Debug:Log(Object)
HighPrecisionStepperJuggler.SerialInterface:ProcessReceiveBuffer()
HighPrecisionStepperJuggler.SerialInterface:Update()
 
(Filename: C:\build\output\unity\unity\Runtime/Export/Debug/Debug.bindings.h Line: 35)

[SerialInterface] Received: Marker matches expected value.
UnityEngine.DebugLogHandler:Internal_Log(LogType, LogOption, String, Object)
UnityEngine.DebugLogHandler:LogFormat(LogType, Object, String, Object[])
UnityEngine.Logger:Log(LogType, Object)
UnityEngine.Debug:Log(Object)
HighPrecisionStepperJuggler.SerialInterface:ProcessReceiveBuffer()
HighPrecisionStepperJuggler.SerialInterface:Update()
 
(Filename: C:\build\output\unity\unity\Runtime/Export/Debug/Debug.bindings.h Line: 35)

[SerialInterface] Received: Motor0 pulses: 1459
UnityEngine.DebugLogHandler:Internal_Log(LogType, LogOption, String, Object)
UnityEngine.DebugLogHandler:LogFormat(LogType, Object, String, Object[])
UnityEngine.Logger:Log(LogType, Object)
UnityEngine.Debug:Log(Object)
HighPrecisionStepperJuggler.SerialInterface:ProcessReceiveBuffer()
HighPrecisionStepperJuggler.SerialInterface:Update()
 
(Filename: C:\build\output\unity\unity\Runtime/Export/Debug/Debug.bindings.h Line: 35)

[SerialInterface] Received: Motor1 pulses: 1525
UnityEngine.DebugLogHandler:Internal_Log(LogType, LogOption, String, Object)
UnityEngine.DebugLogHandler:LogFormat(LogType, Object, String, Object[])
UnityEngine.Logger:Log(LogType, Object)
UnityEngine.Debug:Log(Object)
HighPrecisionStepperJuggler.SerialInterface:ProcessReceiveBuffer()
HighPrecisionStepperJuggler.SerialInterface:Update()
 
(Filename: C:\build\output\unity\unity\Runtime/Export/Debug/Debug.bindings.h Line: 35)

[SerialInterface] Received: Motor2 pulses: 1492
UnityEngine.DebugLogHandler:Internal_Log(LogType, LogOption, String, Object)
UnityEngine.DebugLogHandler:LogFormat(LogType, Object, String, Object[])
UnityEngine.Logger:Log(LogType, Object)
UnityEngine.Debug:Log(Object)
HighPrecisionStepperJuggler.SerialInterface:ProcessReceiveBuffer()
HighPrecisionStepperJuggler.SerialInterface:Update()
 
(Filename: C:\build\output\unity\unity\Runtime/Export/Debug/Debug.bindings.h Line: 35)

[SerialInterface] Received: Motor3 pulses: 1492
UnityEngine.DebugLogHandler:Internal_Log(LogType, LogOption, String, Object)
UnityEngine.DebugLogHandler:LogFormat(LogType, Object, String, Object[])
UnityEngine.Logger:Log(LogType, Object)
UnityEngine.Debug:Log(Object)
HighPrecisionStepperJuggler.SerialInterface:ProcessReceiveBuffer()
HighPrecisionStepperJuggler.SerialInterface:Update()
 
(Filename: C:\build\output\unity\unity\Runtime/Export/Debug/Debug.bindings.h Line: 35)

[SerialInterface] Received: Move duration: 0.10000
UnityEngine.DebugLogHandler:Internal_Log(LogType, LogOption, String, Object)
UnityEngine.DebugLogHandler:LogFormat(LogType, Object, String, Object[])
UnityEngine.Logger:Log(LogType, Object)
UnityEngine.Debug:Log(Object)
HighPrecisionStepperJuggler.SerialInterface:ProcessReceiveBuffer()
HighPrecisionStepperJuggler.SerialInterface:Update()
 
(Filename: C:\build\output\unity\unity\Runtime/Export/Debug/Debug.bindings.h Line: 35)

Ball r, x, y :61.24, 196, -30
UnityEngine.DebugLogHandler:Internal_Log(LogType, LogOption, String, Object)
UnityEngine.DebugLogHandler:LogFormat(LogType, Object, String, Object[])
UnityEngine.Logger:Log(LogType, Object)
UnityEngine.Debug:Log(Object)
HighPrecisionStepperJuggler.ImageProcessingInstructionSender:Update()
 
(Filename: C:\build\output\unity\unity\Runtime/Export/Debug/Debug.bindings.h Line: 35)

Ball r, x, y :58.22, 194, -60
UnityEngine.DebugLogHandler:Internal_Log(LogType, LogOption, String, Object)
UnityEngine.DebugLogHandler:LogFormat(LogType, Object, String, Object[])
UnityEngine.Logger:Log(LogType, Object)
UnityEngine.Debug:Log(Object)
HighPrecisionStepperJuggler.ImageProcessingInstructionSender:Update()
 
(Filename: C:\build\output\unity\unity\Runtime/Export/Debug/Debug.bindings.h Line: 35)

Ball r, x, y :58.22, 176, -90
UnityEngine.DebugLogHandler:Internal_Log(LogType, LogOption, String, Object)
UnityEngine.DebugLogHandler:LogFormat(LogType, Object, String, Object[])
UnityEngine.Logger:Log(LogType, Object)
UnityEngine.Debug:Log(Object)
HighPrecisionStepperJuggler.ImageProcessingInstructionSender:Update()
 
(Filename: C:\build\output\unity\unity\Runtime/Export/Debug/Debug.bindings.h Line: 35)

Ball r, x, y :58.22, 168, -90
UnityEngine.DebugLogHandler:Internal_Log(LogType, LogOption, String, Object)
UnityEngine.DebugLogHandler:LogFormat(LogType, Object, String, Object[])
UnityEngine.Logger:Log(LogType, Object)
UnityEngine.Debug:Log(Object)
HighPrecisionStepperJuggler.ImageProcessingInstructionSender:Update()
 
(Filename: C:\build\output\unity\unity\Runtime/Export/Debug/Debug.bindings.h Line: 35)

Ball r, x, y :58.58, 165, -90
UnityEngine.DebugLogHandler:Internal_Log(LogType, LogOption, String, Object)
UnityEngine.DebugLogHandler:LogFormat(LogType, Object, String, Object[])
UnityEngine.Logger:Log(LogType, Object)
UnityEngine.Debug:Log(Object)
HighPrecisionStepperJuggler.ImageProcessingInstructionSender:Update()
 
(Filename: C:\build\output\unity\unity\Runtime/Export/Debug/Debug.bindings.h Line: 35)

[SerialInterface] Sending: 11.00000:0.65624:0.65624:0.63772:0.67495:0.10000

UnityEngine.DebugLogHandler:Internal_Log(LogType, LogOption, String, Object)
UnityEngine.DebugLogHandler:LogFormat(LogType, Object, String, Object[])
UnityEngine.Logger:Log(LogType, Object)
UnityEngine.Debug:Log(Object)
HighPrecisionStepperJuggler.SerialInterface:Send(String)
HighPrecisionStepperJuggler.RealMachine:SendInstructions(List`1)
HighPrecisionStepperJuggler.InstructableMachine:Instruct(List`1)
HighPrecisionStepperJuggler.MachineController:SendInstructions(List`1)
HighPrecisionStepperJuggler.BallControlling:MoveToHeightWithAlternatingXYTiltCorrection(MachineController, ITiltController, BallData, Single, Single, Int32, Nullable`1)
HighPrecisionStepperJuggler.<>c__DisplayClass4_0:<TwoStepBouncing>b__0(BallData, MachineController, Int32)
HighPrecisionStepperJuggler.BallControlStrategy:Execute(BallData, MachineController)
HighPrecisionStepperJuggler.ImageProcessingInstructionSender:Update()
 
(Filename: C:\build\output\unity\unity\Runtime/Export/Debug/Debug.bindings.h Line: 35)

[SerialInterface] Received: RECEIVED MSG: 11.00000:0.65624:0.65624:0.63772:0.67495:0.10000
UnityEngine.DebugLogHandler:Internal_Log(LogType, LogOption, String, Object)
UnityEngine.DebugLogHandler:LogFormat(LogType, Object, String, Object[])
UnityEngine.Logger:Log(LogType, Object)
UnityEngine.Debug:Log(Object)
HighPrecisionStepperJuggler.SerialInterface:ProcessReceiveBuffer()
HighPrecisionStepperJuggler.SerialInterface:Update()
 
(Filename: C:\build\output\unity\unity\Runtime/Export/Debug/Debug.bindings.h Line: 35)

[SerialInterface] Received: Parsed tokens (count=6): 11.00000 |0.65624 |0.65624 |0.63772 |0.67495 |0.10000
UnityEngine.DebugLogHandler:Internal_Log(LogType, LogOption, String, Object)
UnityEngine.DebugLogHandler:LogFormat(LogType, Object, String, Object[])
UnityEngine.Logger:Log(LogType, Object)
UnityEngine.Debug:Log(Object)
HighPrecisionStepperJuggler.SerialInterface:ProcessReceiveBuffer()
HighPrecisionStepperJuggler.SerialInterface:Update()
 
(Filename: C:\build\output\unity\unity\Runtime/Export/Debug/Debug.bindings.h Line: 35)

[SerialInterface] Received: Num of move batches: 1
UnityEngine.DebugLogHandler:Internal_Log(LogType, LogOption, String, Object)
UnityEngine.DebugLogHandler:LogFormat(LogType, Object, String, Object[])
UnityEngine.Logger:Log(LogType, Object)
UnityEngine.Debug:Log(Object)
HighPrecisionStepperJuggler.SerialInterface:ProcessReceiveBuffer()
HighPrecisionStepperJuggler.SerialInterface:Update()
 
(Filename: C:\build\output\unity\unity\Runtime/Export/Debug/Debug.bindings.h Line: 35)

[SerialInterface] Received: Batch 0 marker value: 11.00000
UnityEngine.DebugLogHandler:Internal_Log(LogType, LogOption, String, Object)
UnityEngine.DebugLogHandler:LogFormat(LogType, Object, String, Object[])
UnityEngine.Logger:Log(LogType, Object)
UnityEngine.Debug:Log(Object)
HighPrecisionStepperJuggler.SerialInterface:ProcessReceiveBuffer()
HighPrecisionStepperJuggler.SerialInterface:Update()
 
(Filename: C:\build\output\unity\unity\Runtime/Export/Debug/Debug.bindings.h Line: 35)

[SerialInterface] Received: Marker matches expected value.
UnityEngine.DebugLogHandler:Internal_Log(LogType, LogOption, String, Object)
UnityEngine.DebugLogHandler:LogFormat(LogType, Object, String, Object[])
UnityEngine.Logger:Log(LogType, Object)
UnityEngine.Debug:Log(Object)
HighPrecisionStepperJuggler.SerialInterface:ProcessReceiveBuffer()
HighPrecisionStepperJuggler.SerialInterface:Update()
 
(Filename: C:\build\output\unity\unity\Runtime/Export/Debug/Debug.bindings.h Line: 35)

[SerialInterface] Received: Motor0 pulses: 1731
UnityEngine.DebugLogHandler:Internal_Log(LogType, LogOption, String, Object)
UnityEngine.DebugLogHandler:LogFormat(LogType, Object, String, Object[])
UnityEngine.Logger:Log(LogType, Object)
UnityEngine.Debug:Log(Object)
HighPrecisionStepperJuggler.SerialInterface:ProcessReceiveBuffer()
HighPrecisionStepperJuggler.SerialInterface:Update()
 
(Filename: C:\build\output\unity\unity\Runtime/Export/Debug/Debug.bindings.h Line: 35)

[SerialInterface] Received: Motor1 pulses: 1731
UnityEngine.DebugLogHandler:Internal_Log(LogType, LogOption, String, Object)
UnityEngine.DebugLogHandler:LogFormat(LogType, Object, String, Object[])
UnityEngine.Logger:Log(LogType, Object)
UnityEngine.Debug:Log(Object)
HighPrecisionStepperJuggler.SerialInterface:ProcessReceiveBuffer()
HighPrecisionStepperJuggler.SerialInterface:Update()
 
(Filename: C:\build\output\unity\unity\Runtime/Export/Debug/Debug.bindings.h Line: 35)

[SerialInterface] Received: Motor2 pulses: 1682
UnityEngine.DebugLogHandler:Internal_Log(LogType, LogOption, String, Object)
UnityEngine.DebugLogHandler:LogFormat(LogType, Object, String, Object[])
UnityEngine.Logger:Log(LogType, Object)
UnityEngine.Debug:Log(Object)
HighPrecisionStepperJuggler.SerialInterface:ProcessReceiveBuffer()
HighPrecisionStepperJuggler.SerialInterface:Update()
 
(Filename: C:\build\output\unity\unity\Runtime/Export/Debug/Debug.bindings.h Line: 35)

[SerialInterface] Received: Motor3 pulses: 1780
UnityEngine.DebugLogHandler:Internal_Log(LogType, LogOption, String, Object)
UnityEngine.DebugLogHandler:LogFormat(LogType, Object, String, Object[])
UnityEngine.Logger:Log(LogType, Object)
UnityEngine.Debug:Log(Object)
HighPrecisionStepperJuggler.SerialInterface:ProcessReceiveBuffer()
HighPrecisionStepperJuggler.SerialInterface:Update()
 
(Filename: C:\build\output\unity\unity\Runtime/Export/Debug/Debug.bindings.h Line: 35)

[SerialInterface] Received: Move duration: 0.10000
UnityEngine.DebugLogHandler:Internal_Log(LogType, LogOption, String, Object)
UnityEngine.DebugLogHandler:LogFormat(LogType, Object, String, Object[])
UnityEngine.Logger:Log(LogType, Object)
UnityEngine.Debug:Log(Object)
HighPrecisionStepperJuggler.SerialInterface:ProcessReceiveBuffer()
HighPrecisionStepperJuggler.SerialInterface:Update()
 
(Filename: C:\build\output\unity\unity\Runtime/Export/Debug/Debug.bindings.h Line: 35)

Ball r, x, y :58.58, 164, -90
UnityEngine.DebugLogHandler:Internal_Log(LogType, LogOption, String, Object)
UnityEngine.DebugLogHandler:LogFormat(LogType, Object, String, Object[])
UnityEngine.Logger:Log(LogType, Object)
UnityEngine.Debug:Log(Object)
HighPrecisionStepperJuggler.ImageProcessingInstructionSender:Update()
 
(Filename: C:\build\output\unity\unity\Runtime/Export/Debug/Debug.bindings.h Line: 35)

Ball r, x, y :59.04, 162, -90
UnityEngine.DebugLogHandler:Internal_Log(LogType, LogOption, String, Object)
UnityEngine.DebugLogHandler:LogFormat(LogType, Object, String, Object[])
UnityEngine.Logger:Log(LogType, Object)
UnityEngine.Debug:Log(Object)
HighPrecisionStepperJuggler.ImageProcessingInstructionSender:Update()
 
(Filename: C:\build\output\unity\unity\Runtime/Export/Debug/Debug.bindings.h Line: 35)

Ball r, x, y :54.68, 163, -60
UnityEngine.DebugLogHandler:Internal_Log(LogType, LogOption, String, Object)
UnityEngine.DebugLogHandler:LogFormat(LogType, Object, String, Object[])
UnityEngine.Logger:Log(LogType, Object)
UnityEngine.Debug:Log(Object)
HighPrecisionStepperJuggler.ImageProcessingInstructionSender:Update()
 
(Filename: C:\build\output\unity\unity\Runtime/Export/Debug/Debug.bindings.h Line: 35)

[SerialInterface] Sending: 11.00000:0.55129:0.58021:0.56571:0.56571:0.10000

UnityEngine.DebugLogHandler:Internal_Log(LogType, LogOption, String, Object)
UnityEngine.DebugLogHandler:LogFormat(LogType, Object, String, Object[])
UnityEngine.Logger:Log(LogType, Object)
UnityEngine.Debug:Log(Object)
HighPrecisionStepperJuggler.SerialInterface:Send(String)
HighPrecisionStepperJuggler.RealMachine:SendInstructions(List`1)
HighPrecisionStepperJuggler.InstructableMachine:Instruct(List`1)
HighPrecisionStepperJuggler.MachineController:SendInstructions(List`1)
HighPrecisionStepperJuggler.BallControlling:MoveToHeightWithAlternatingXYTiltCorrection(MachineController, ITiltController, BallData, Single, Single, Int32, Nullable`1)
HighPrecisionStepperJuggler.<>c__DisplayClass4_0:<TwoStepBouncing>b__0(BallData, MachineController, Int32)
HighPrecisionStepperJuggler.BallControlStrategy:Execute(BallData, MachineController)
HighPrecisionStepperJuggler.ImageProcessingInstructionSender:Update()
 
(Filename: C:\build\output\unity\unity\Runtime/Export/Debug/Debug.bindings.h Line: 35)

[SerialInterface] Received: RECEIVED MSG: 11.00000:0.55129:0.58021:0.56571:0.56571:0.10000
UnityEngine.DebugLogHandler:Internal_Log(LogType, LogOption, String, Object)
UnityEngine.DebugLogHandler:LogFormat(LogType, Object, String, Object[])
UnityEngine.Logger:Log(LogType, Object)
UnityEngine.Debug:Log(Object)
HighPrecisionStepperJuggler.SerialInterface:ProcessReceiveBuffer()
HighPrecisionStepperJuggler.SerialInterface:Update()
 
(Filename: C:\build\output\unity\unity\Runtime/Export/Debug/Debug.bindings.h Line: 35)

[SerialInterface] Received: Parsed tokens (count=6): 11.00000 |0.55129 |0.58021 |0.56571 |0.56571 |0.10000
UnityEngine.DebugLogHandler:Internal_Log(LogType, LogOption, String, Object)
UnityEngine.DebugLogHandler:LogFormat(LogType, Object, String, Object[])
UnityEngine.Logger:Log(LogType, Object)
UnityEngine.Debug:Log(Object)
HighPrecisionStepperJuggler.SerialInterface:ProcessReceiveBuffer()
HighPrecisionStepperJuggler.SerialInterface:Update()
 
(Filename: C:\build\output\unity\unity\Runtime/Export/Debug/Debug.bindings.h Line: 35)

[SerialInterface] Received: Num of move batches: 1
UnityEngine.DebugLogHandler:Internal_Log(LogType, LogOption, String, Object)
UnityEngine.DebugLogHandler:LogFormat(LogType, Object, String, Object[])
UnityEngine.Logger:Log(LogType, Object)
UnityEngine.Debug:Log(Object)
HighPrecisionStepperJuggler.SerialInterface:ProcessReceiveBuffer()
HighPrecisionStepperJuggler.SerialInterface:Update()
 
(Filename: C:\build\output\unity\unity\Runtime/Export/Debug/Debug.bindings.h Line: 35)

[SerialInterface] Received: Batch 0 marker value: 11.00000
UnityEngine.DebugLogHandler:Internal_Log(LogType, LogOption, String, Object)
UnityEngine.DebugLogHandler:LogFormat(LogType, Object, String, Object[])
UnityEngine.Logger:Log(LogType, Object)
UnityEngine.Debug:Log(Object)
HighPrecisionStepperJuggler.SerialInterface:ProcessReceiveBuffer()
HighPrecisionStepperJuggler.SerialInterface:Update()
 
(Filename: C:\build\output\unity\unity\Runtime/Export/Debug/Debug.bindings.h Line: 35)

[SerialInterface] Received: Marker matches expected value.
UnityEngine.DebugLogHandler:Internal_Log(LogType, LogOption, String, Object)
UnityEngine.DebugLogHandler:LogFormat(LogType, Object, String, Object[])
UnityEngine.Logger:Log(LogType, Object)
UnityEngine.Debug:Log(Object)
HighPrecisionStepperJuggler.SerialInterface:ProcessReceiveBuffer()
HighPrecisionStepperJuggler.SerialInterface:Update()
 
(Filename: C:\build\output\unity\unity\Runtime/Export/Debug/Debug.bindings.h Line: 35)

[SerialInterface] Received: Motor0 pulses: 1454
UnityEngine.DebugLogHandler:Internal_Log(LogType, LogOption, String, Object)
UnityEngine.DebugLogHandler:LogFormat(LogType, Object, String, Object[])
UnityEngine.Logger:Log(LogType, Object)
UnityEngine.Debug:Log(Object)
HighPrecisionStepperJuggler.SerialInterface:ProcessReceiveBuffer()
HighPrecisionStepperJuggler.SerialInterface:Update()
 
(Filename: C:\build\output\unity\unity\Runtime/Export/Debug/Debug.bindings.h Line: 35)

[SerialInterface] Received: Motor1 pulses: 1530
UnityEngine.DebugLogHandler:Internal_Log(LogType, LogOption, String, Object)
UnityEngine.DebugLogHandler:LogFormat(LogType, Object, String, Object[])
UnityEngine.Logger:Log(LogType, Object)
UnityEngine.Debug:Log(Object)
HighPrecisionStepperJuggler.SerialInterface:ProcessReceiveBuffer()
HighPrecisionStepperJuggler.SerialInterface:Update()
 
(Filename: C:\build\output\unity\unity\Runtime/Export/Debug/Debug.bindings.h Line: 35)

[SerialInterface] Received: Motor2 pulses: 1492
UnityEngine.DebugLogHandler:Internal_Log(LogType, LogOption, String, Object)
UnityEngine.DebugLogHandler:LogFormat(LogType, Object, String, Object[])
UnityEngine.Logger:Log(LogType, Object)
UnityEngine.Debug:Log(Object)
HighPrecisionStepperJuggler.SerialInterface:ProcessReceiveBuffer()
HighPrecisionStepperJuggler.SerialInterface:Update()
 
(Filename: C:\build\output\unity\unity\Runtime/Export/Debug/Debug.bindings.h Line: 35)

[SerialInterface] Received: Motor3 pulses: 1492
UnityEngine.DebugLogHandler:Internal_Log(LogType, LogOption, String, Object)
UnityEngine.DebugLogHandler:LogFormat(LogType, Object, String, Object[])
UnityEngine.Logger:Log(LogType, Object)
UnityEngine.Debug:Log(Object)
HighPrecisionStepperJuggler.SerialInterface:ProcessReceiveBuffer()
HighPrecisionStepperJuggler.SerialInterface:Update()
 
(Filename: C:\build\output\unity\unity\Runtime/Export/Debug/Debug.bindings.h Line: 35)

[SerialInterface] Received: Move duration: 0.10000
UnityEngine.DebugLogHandler:Internal_Log(LogType, LogOption, String, Object)
UnityEngine.DebugLogHandler:LogFormat(LogType, Object, String, Object[])
UnityEngine.Logger:Log(LogType, Object)
UnityEngine.Debug:Log(Object)
HighPrecisionStepperJuggler.SerialInterface:ProcessReceiveBuffer()
HighPrecisionStepperJuggler.SerialInterface:Update()
 
(Filename: C:\build\output\unity\unity\Runtime/Export/Debug/Debug.bindings.h Line: 35)

Ball r, x, y :52.5, 172, 0
UnityEngine.DebugLogHandler:Internal_Log(LogType, LogOption, String, Object)
UnityEngine.DebugLogHandler:LogFormat(LogType, Object, String, Object[])
UnityEngine.Logger:Log(LogType, Object)
UnityEngine.Debug:Log(Object)
HighPrecisionStepperJuggler.ImageProcessingInstructionSender:Update()
 
(Filename: C:\build\output\unity\unity\Runtime/Export/Debug/Debug.bindings.h Line: 35)

Ball r, x, y :63.44, 174, 0
UnityEngine.DebugLogHandler:Internal_Log(LogType, LogOption, String, Object)
UnityEngine.DebugLogHandler:LogFormat(LogType, Object, String, Object[])
UnityEngine.Logger:Log(LogType, Object)
UnityEngine.Debug:Log(Object)
HighPrecisionStepperJuggler.ImageProcessingInstructionSender:Update()
 
(Filename: C:\build\output\unity\unity\Runtime/Export/Debug/Debug.bindings.h Line: 35)

[SerialInterface] Sending: 11.00000:0.65624:0.65624:0.67247:0.64015:0.10000

UnityEngine.DebugLogHandler:Internal_Log(LogType, LogOption, String, Object)
UnityEngine.DebugLogHandler:LogFormat(LogType, Object, String, Object[])
UnityEngine.Logger:Log(LogType, Object)
UnityEngine.Debug:Log(Object)
HighPrecisionStepperJuggler.SerialInterface:Send(String)
HighPrecisionStepperJuggler.RealMachine:SendInstructions(List`1)
HighPrecisionStepperJuggler.InstructableMachine:Instruct(List`1)
HighPrecisionStepperJuggler.MachineController:SendInstructions(List`1)
HighPrecisionStepperJuggler.BallControlling:MoveToHeightWithAlternatingXYTiltCorrection(MachineController, ITiltController, BallData, Single, Single, Int32, Nullable`1)
HighPrecisionStepperJuggler.<>c__DisplayClass4_0:<TwoStepBouncing>b__0(BallData, MachineController, Int32)
HighPrecisionStepperJuggler.BallControlStrategy:Execute(BallData, MachineController)
HighPrecisionStepperJuggler.ImageProcessingInstructionSender:Update()
 
(Filename: C:\build\output\unity\unity\Runtime/Export/Debug/Debug.bindings.h Line: 35)

[SerialInterface] Received: RECEIVED MSG: 11.00000:0.65624:0.65624:0.67247:0.64015:0.10000
UnityEngine.DebugLogHandler:Internal_Log(LogType, LogOption, String, Object)
UnityEngine.DebugLogHandler:LogFormat(LogType, Object, String, Object[])
UnityEngine.Logger:Log(LogType, Object)
UnityEngine.Debug:Log(Object)
HighPrecisionStepperJuggler.SerialInterface:ProcessReceiveBuffer()
HighPrecisionStepperJuggler.SerialInterface:Update()
 
(Filename: C:\build\output\unity\unity\Runtime/Export/Debug/Debug.bindings.h Line: 35)

[SerialInterface] Received: Parsed tokens (count=6): 11.00000 |0.65624 |0.65624 |0.67247 |0.64015 |0.10000
UnityEngine.DebugLogHandler:Internal_Log(LogType, LogOption, String, Object)
UnityEngine.DebugLogHandler:LogFormat(LogType, Object, String, Object[])
UnityEngine.Logger:Log(LogType, Object)
UnityEngine.Debug:Log(Object)
HighPrecisionStepperJuggler.SerialInterface:ProcessReceiveBuffer()
HighPrecisionStepperJuggler.SerialInterface:Update()
 
(Filename: C:\build\output\unity\unity\Runtime/Export/Debug/Debug.bindings.h Line: 35)

[SerialInterface] Received: Num of move batches: 1
UnityEngine.DebugLogHandler:Internal_Log(LogType, LogOption, String, Object)
UnityEngine.DebugLogHandler:LogFormat(LogType, Object, String, Object[])
UnityEngine.Logger:Log(LogType, Object)
UnityEngine.Debug:Log(Object)
HighPrecisionStepperJuggler.SerialInterface:ProcessReceiveBuffer()
HighPrecisionStepperJuggler.SerialInterface:Update()
 
(Filename: C:\build\output\unity\unity\Runtime/Export/Debug/Debug.bindings.h Line: 35)

[SerialInterface] Received: Batch 0 marker value: 11.00000
UnityEngine.DebugLogHandler:Internal_Log(LogType, LogOption, String, Object)
UnityEngine.DebugLogHandler:LogFormat(LogType, Object, String, Object[])
UnityEngine.Logger:Log(LogType, Object)
UnityEngine.Debug:Log(Object)
HighPrecisionStepperJuggler.SerialInterface:ProcessReceiveBuffer()
HighPrecisionStepperJuggler.SerialInterface:Update()
 
(Filename: C:\build\output\unity\unity\Runtime/Export/Debug/Debug.bindings.h Line: 35)

[SerialInterface] Received: Marker matches expected value.
UnityEngine.DebugLogHandler:Internal_Log(LogType, LogOption, String, Object)
UnityEngine.DebugLogHandler:LogFormat(LogType, Object, String, Object[])
UnityEngine.Logger:Log(LogType, Object)
UnityEngine.Debug:Log(Object)
HighPrecisionStepperJuggler.SerialInterface:ProcessReceiveBuffer()
HighPrecisionStepperJuggler.SerialInterface:Update()
 
(Filename: C:\build\output\unity\unity\Runtime/Export/Debug/Debug.bindings.h Line: 35)

[SerialInterface] Received: Motor0 pulses: 1731
UnityEngine.DebugLogHandler:Internal_Log(LogType, LogOption, String, Object)
UnityEngine.DebugLogHandler:LogFormat(LogType, Object, String, Object[])
UnityEngine.Logger:Log(LogType, Object)
UnityEngine.Debug:Log(Object)
HighPrecisionStepperJuggler.SerialInterface:ProcessReceiveBuffer()
HighPrecisionStepperJuggler.SerialInterface:Update()
 
(Filename: C:\build\output\unity\unity\Runtime/Export/Debug/Debug.bindings.h Line: 35)

[SerialInterface] Received: Motor1 pulses: 1731
UnityEngine.DebugLogHandler:Internal_Log(LogType, LogOption, String, Object)
UnityEngine.DebugLogHandler:LogFormat(LogType, Object, String, Object[])
UnityEngine.Logger:Log(LogType, Object)
UnityEngine.Debug:Log(Object)
HighPrecisionStepperJuggler.SerialInterface:ProcessReceiveBuffer()
HighPrecisionStepperJuggler.SerialInterface:Update()
 
(Filename: C:\build\output\unity\unity\Runtime/Export/Debug/Debug.bindings.h Line: 35)

[SerialInterface] Received: Motor2 pulses: 1774
UnityEngine.DebugLogHandler:Internal_Log(LogType, LogOption, String, Object)
UnityEngine.DebugLogHandler:LogFormat(LogType, Object, String, Object[])
UnityEngine.Logger:Log(LogType, Object)
UnityEngine.Debug:Log(Object)
HighPrecisionStepperJuggler.SerialInterface:ProcessReceiveBuffer()
HighPrecisionStepperJuggler.SerialInterface:Update()
 
(Filename: C:\build\output\unity\unity\Runtime/Export/Debug/Debug.bindings.h Line: 35)

[SerialInterface] Received: Motor3 pulses: 1688
UnityEngine.DebugLogHandler:Internal_Log(LogType, LogOption, String, Object)
UnityEngine.DebugLogHandler:LogFormat(LogType, Object, String, Object[])
UnityEngine.Logger:Log(LogType, Object)
UnityEngine.Debug:Log(Object)
HighPrecisionStepperJuggler.SerialInterface:ProcessReceiveBuffer()
HighPrecisionStepperJuggler.SerialInterface:Update()
 
(Filename: C:\build\output\unity\unity\Runtime/Export/Debug/Debug.bindings.h Line: 35)

[SerialInterface] Received: Move duration: 0.10000
UnityEngine.DebugLogHandler:Internal_Log(LogType, LogOption, String, Object)
UnityEngine.DebugLogHandler:LogFormat(LogType, Object, String, Object[])
UnityEngine.Logger:Log(LogType, Object)
UnityEngine.Debug:Log(Object)
HighPrecisionStepperJuggler.SerialInterface:ProcessReceiveBuffer()
HighPrecisionStepperJuggler.SerialInterface:Update()
 
(Filename: C:\build\output\unity\unity\Runtime/Export/Debug/Debug.bindings.h Line: 35)

Ball r, x, y :61.24, 171, -30
UnityEngine.DebugLogHandler:Internal_Log(LogType, LogOption, String, Object)
UnityEngine.DebugLogHandler:LogFormat(LogType, Object, String, Object[])
UnityEngine.Logger:Log(LogType, Object)
UnityEngine.Debug:Log(Object)
HighPrecisionStepperJuggler.ImageProcessingInstructionSender:Update()
 
(Filename: C:\build\output\unity\unity\Runtime/Export/Debug/Debug.bindings.h Line: 35)

Ball r, x, y :54.68, 148, -120
UnityEngine.DebugLogHandler:Internal_Log(LogType, LogOption, String, Object)
UnityEngine.DebugLogHandler:LogFormat(LogType, Object, String, Object[])
UnityEngine.Logger:Log(LogType, Object)
UnityEngine.Debug:Log(Object)
HighPrecisionStepperJuggler.ImageProcessingInstructionSender:Update()
 
(Filename: C:\build\output\unity\unity\Runtime/Export/Debug/Debug.bindings.h Line: 35)

[SerialInterface] Sending: 11.00000:0.51080:0.62175:0.56571:0.56571:0.10000

UnityEngine.DebugLogHandler:Internal_Log(LogType, LogOption, String, Object)
UnityEngine.DebugLogHandler:LogFormat(LogType, Object, String, Object[])
UnityEngine.Logger:Log(LogType, Object)
UnityEngine.Debug:Log(Object)
HighPrecisionStepperJuggler.SerialInterface:Send(String)
HighPrecisionStepperJuggler.RealMachine:SendInstructions(List`1)
HighPrecisionStepperJuggler.InstructableMachine:Instruct(List`1)
HighPrecisionStepperJuggler.MachineController:SendInstructions(List`1)
HighPrecisionStepperJuggler.BallControlling:MoveToHeightWithAlternatingXYTiltCorrection(MachineController, ITiltController, BallData, Single, Single, Int32, Nullable`1)
HighPrecisionStepperJuggler.<>c__DisplayClass4_0:<TwoStepBouncing>b__0(BallData, MachineController, Int32)
HighPrecisionStepperJuggler.BallControlStrategy:Execute(BallData, MachineController)
HighPrecisionStepperJuggler.ImageProcessingInstructionSender:Update()
 
(Filename: C:\build\output\unity\unity\Runtime/Export/Debug/Debug.bindings.h Line: 35)

[SerialInterface] Received: RECEIVED MSG: 11.00000:0.51080:0.62175:0.56571:0.56571:0.10000
UnityEngine.DebugLogHandler:Internal_Log(LogType, LogOption, String, Object)
UnityEngine.DebugLogHandler:LogFormat(LogType, Object, String, Object[])
UnityEngine.Logger:Log(LogType, Object)
UnityEngine.Debug:Log(Object)
HighPrecisionStepperJuggler.SerialInterface:ProcessReceiveBuffer()
HighPrecisionStepperJuggler.SerialInterface:Update()
 
(Filename: C:\build\output\unity\unity\Runtime/Export/Debug/Debug.bindings.h Line: 35)

[SerialInterface] Received: Parsed tokens (count=6): 11.00000 |0.51080 |0.62175 |0.56571 |0.56571 |0.10000
UnityEngine.DebugLogHandler:Internal_Log(LogType, LogOption, String, Object)
UnityEngine.DebugLogHandler:LogFormat(LogType, Object, String, Object[])
UnityEngine.Logger:Log(LogType, Object)
UnityEngine.Debug:Log(Object)
HighPrecisionStepperJuggler.SerialInterface:ProcessReceiveBuffer()
HighPrecisionStepperJuggler.SerialInterface:Update()
 
(Filename: C:\build\output\unity\unity\Runtime/Export/Debug/Debug.bindings.h Line: 35)

[SerialInterface] Received: Num of move batches: 1
UnityEngine.DebugLogHandler:Internal_Log(LogType, LogOption, String, Object)
UnityEngine.DebugLogHandler:LogFormat(LogType, Object, String, Object[])
UnityEngine.Logger:Log(LogType, Object)
UnityEngine.Debug:Log(Object)
HighPrecisionStepperJuggler.SerialInterface:ProcessReceiveBuffer()
HighPrecisionStepperJuggler.SerialInterface:Update()
 
(Filename: C:\build\output\unity\unity\Runtime/Export/Debug/Debug.bindings.h Line: 35)

[SerialInterface] Received: Batch 0 marker value: 11.00000
UnityEngine.DebugLogHandler:Internal_Log(LogType, LogOption, String, Object)
UnityEngine.DebugLogHandler:LogFormat(LogType, Object, String, Object[])
UnityEngine.Logger:Log(LogType, Object)
UnityEngine.Debug:Log(Object)
HighPrecisionStepperJuggler.SerialInterface:ProcessReceiveBuffer()
HighPrecisionStepperJuggler.SerialInterface:Update()
 
(Filename: C:\build\output\unity\unity\Runtime/Export/Debug/Debug.bindings.h Line: 35)

[SerialInterface] Received: Marker matches expected value.
UnityEngine.DebugLogHandler:Internal_Log(LogType, LogOption, String, Object)
UnityEngine.DebugLogHandler:LogFormat(LogType, Object, String, Object[])
UnityEngine.Logger:Log(LogType, Object)
UnityEngine.Debug:Log(Object)
HighPrecisionStepperJuggler.SerialInterface:ProcessReceiveBuffer()
HighPrecisionStepperJuggler.SerialInterface:Update()
 
(Filename: C:\build\output\unity\unity\Runtime/Export/Debug/Debug.bindings.h Line: 35)

[SerialInterface] Received: Motor0 pulses: 1347
UnityEngine.DebugLogHandler:Internal_Log(LogType, LogOption, String, Object)
UnityEngine.DebugLogHandler:LogFormat(LogType, Object, String, Object[])
UnityEngine.Logger:Log(LogType, Object)
UnityEngine.Debug:Log(Object)
HighPrecisionStepperJuggler.SerialInterface:ProcessReceiveBuffer()
HighPrecisionStepperJuggler.SerialInterface:Update()
 
(Filename: C:\build\output\unity\unity\Runtime/Export/Debug/Debug.bindings.h Line: 35)

[SerialInterface] Received: Motor1 pulses: 1640
UnityEngine.DebugLogHandler:Internal_Log(LogType, LogOption, String, Object)
UnityEngine.DebugLogHandler:LogFormat(LogType, Object, String, Object[])
UnityEngine.Logger:Log(LogType, Object)
UnityEngine.Debug:Log(Object)
HighPrecisionStepperJuggler.SerialInterface:ProcessReceiveBuffer()
HighPrecisionStepperJuggler.SerialInterface:Update()
 
(Filename: C:\build\output\unity\unity\Runtime/Export/Debug/Debug.bindings.h Line: 35)

[SerialInterface] Received: Motor2 pulses: 1492
UnityEngine.DebugLogHandler:Internal_Log(LogType, LogOption, String, Object)
UnityEngine.DebugLogHandler:LogFormat(LogType, Object, String, Object[])
UnityEngine.Logger:Log(LogType, Object)
UnityEngine.Debug:Log(Object)
HighPrecisionStepperJuggler.SerialInterface:ProcessReceiveBuffer()
HighPrecisionStepperJuggler.SerialInterface:Update()
 
(Filename: C:\build\output\unity\unity\Runtime/Export/Debug/Debug.bindings.h Line: 35)

[SerialInterface] Received: Motor3 pulses: 1492
UnityEngine.DebugLogHandler:Internal_Log(LogType, LogOption, String, Object)
UnityEngine.DebugLogHandler:LogFormat(LogType, Object, String, Object[])
UnityEngine.Logger:Log(LogType, Object)
UnityEngine.Debug:Log(Object)
HighPrecisionStepperJuggler.SerialInterface:ProcessReceiveBuffer()
HighPrecisionStepperJuggler.SerialInterface:Update()
 
(Filename: C:\build\output\unity\unity\Runtime/Export/Debug/Debug.bindings.h Line: 35)

[SerialInterface] Received: Move duration: 0.10000
UnityEngine.DebugLogHandler:Internal_Log(LogType, LogOption, String, Object)
UnityEngine.DebugLogHandler:LogFormat(LogType, Object, String, Object[])
UnityEngine.Logger:Log(LogType, Object)
UnityEngine.Debug:Log(Object)
HighPrecisionStepperJuggler.SerialInterface:ProcessReceiveBuffer()
HighPrecisionStepperJuggler.SerialInterface:Update()
 
(Filename: C:\build\output\unity\unity\Runtime/Export/Debug/Debug.bindings.h Line: 35)

Ball r, x, y :49.06, 133, -180
UnityEngine.DebugLogHandler:Internal_Log(LogType, LogOption, String, Object)
UnityEngine.DebugLogHandler:LogFormat(LogType, Object, String, Object[])
UnityEngine.Logger:Log(LogType, Object)
UnityEngine.Debug:Log(Object)
HighPrecisionStepperJuggler.ImageProcessingInstructionSender:Update()
 
(Filename: C:\build\output\unity\unity\Runtime/Export/Debug/Debug.bindings.h Line: 35)

Ball r, x, y :53.4, 130, -210
UnityEngine.DebugLogHandler:Internal_Log(LogType, LogOption, String, Object)
UnityEngine.DebugLogHandler:LogFormat(LogType, Object, String, Object[])
UnityEngine.Logger:Log(LogType, Object)
UnityEngine.Debug:Log(Object)
HighPrecisionStepperJuggler.ImageProcessingInstructionSender:Update()
 
(Filename: C:\build\output\unity\unity\Runtime/Export/Debug/Debug.bindings.h Line: 35)

Ball r, x, y :56.44, 148, -180
UnityEngine.DebugLogHandler:Internal_Log(LogType, LogOption, String, Object)
UnityEngine.DebugLogHandler:LogFormat(LogType, Object, String, Object[])
UnityEngine.Logger:Log(LogType, Object)
UnityEngine.Debug:Log(Object)
HighPrecisionStepperJuggler.ImageProcessingInstructionSender:Update()
 
(Filename: C:\build\output\unity\unity\Runtime/Export/Debug/Debug.bindings.h Line: 35)

[SerialInterface] Sending: 11.00000:0.65624:0.65624:0.51124:0.81391:0.10000

UnityEngine.DebugLogHandler:Internal_Log(LogType, LogOption, String, Object)
UnityEngine.DebugLogHandler:LogFormat(LogType, Object, String, Object[])
UnityEngine.Logger:Log(LogType, Object)
UnityEngine.Debug:Log(Object)
HighPrecisionStepperJuggler.SerialInterface:Send(String)
HighPrecisionStepperJuggler.RealMachine:SendInstructions(List`1)
HighPrecisionStepperJuggler.InstructableMachine:Instruct(List`1)
HighPrecisionStepperJuggler.MachineController:SendInstructions(List`1)
HighPrecisionStepperJuggler.BallControlling:MoveToHeightWithAlternatingXYTiltCorrection(MachineController, ITiltController, BallData, Single, Single, Int32, Nullable`1)
HighPrecisionStepperJuggler.<>c__DisplayClass4_0:<TwoStepBouncing>b__0(BallData, MachineController, Int32)
HighPrecisionStepperJuggler.BallControlStrategy:Execute(BallData, MachineController)
HighPrecisionStepperJuggler.ImageProcessingInstructionSender:Update()
 
(Filename: C:\build\output\unity\unity\Runtime/Export/Debug/Debug.bindings.h Line: 35)

[SerialInterface] Received: RECEIVED MSG: 11.00000:0.65624:0.65624:0.51124:0.81391:0.10000
UnityEngine.DebugLogHandler:Internal_Log(LogType, LogOption, String, Object)
UnityEngine.DebugLogHandler:LogFormat(LogType, Object, String, Object[])
UnityEngine.Logger:Log(LogType, Object)
UnityEngine.Debug:Log(Object)
HighPrecisionStepperJuggler.SerialInterface:ProcessReceiveBuffer()
HighPrecisionStepperJuggler.SerialInterface:Update()
 
(Filename: C:\build\output\unity\unity\Runtime/Export/Debug/Debug.bindings.h Line: 35)

[SerialInterface] Received: Parsed tokens (count=6): 11.00000 |0.65624 |0.65624 |0.51124 |0.81391 |0.10000
UnityEngine.DebugLogHandler:Internal_Log(LogType, LogOption, String, Object)
UnityEngine.DebugLogHandler:LogFormat(LogType, Object, String, Object[])
UnityEngine.Logger:Log(LogType, Object)
UnityEngine.Debug:Log(Object)
HighPrecisionStepperJuggler.SerialInterface:ProcessReceiveBuffer()
HighPrecisionStepperJuggler.SerialInterface:Update()
 
(Filename: C:\build\output\unity\unity\Runtime/Export/Debug/Debug.bindings.h Line: 35)

[SerialInterface] Received: Num of move batches: 1
UnityEngine.DebugLogHandler:Internal_Log(LogType, LogOption, String, Object)
UnityEngine.DebugLogHandler:LogFormat(LogType, Object, String, Object[])
UnityEngine.Logger:Log(LogType, Object)
UnityEngine.Debug:Log(Object)
HighPrecisionStepperJuggler.SerialInterface:ProcessReceiveBuffer()
HighPrecisionStepperJuggler.SerialInterface:Update()
 
(Filename: C:\build\output\unity\unity\Runtime/Export/Debug/Debug.bindings.h Line: 35)

[SerialInterface] Received: Batch 0 marker value: 11.00000
UnityEngine.DebugLogHandler:Internal_Log(LogType, LogOption, String, Object)
UnityEngine.DebugLogHandler:LogFormat(LogType, Object, String, Object[])
UnityEngine.Logger:Log(LogType, Object)
UnityEngine.Debug:Log(Object)
HighPrecisionStepperJuggler.SerialInterface:ProcessReceiveBuffer()
HighPrecisionStepperJuggler.SerialInterface:Update()
 
(Filename: C:\build\output\unity\unity\Runtime/Export/Debug/Debug.bindings.h Line: 35)

[SerialInterface] Received: Marker matches expected value.
UnityEngine.DebugLogHandler:Internal_Log(LogType, LogOption, String, Object)
UnityEngine.DebugLogHandler:LogFormat(LogType, Object, String, Object[])
UnityEngine.Logger:Log(LogType, Object)
UnityEngine.Debug:Log(Object)
HighPrecisionStepperJuggler.SerialInterface:ProcessReceiveBuffer()
HighPrecisionStepperJuggler.SerialInterface:Update()
 
(Filename: C:\build\output\unity\unity\Runtime/Export/Debug/Debug.bindings.h Line: 35)

[SerialInterface] Received: Motor0 pulses: 1731
UnityEngine.DebugLogHandler:Internal_Log(LogType, LogOption, String, Object)
UnityEngine.DebugLogHandler:LogFormat(LogType, Object, String, Object[])
UnityEngine.Logger:Log(LogType, Object)
UnityEngine.Debug:Log(Object)
HighPrecisionStepperJuggler.SerialInterface:ProcessReceiveBuffer()
HighPrecisionStepperJuggler.SerialInterface:Update()
 
(Filename: C:\build\output\unity\unity\Runtime/Export/Debug/Debug.bindings.h Line: 35)

[SerialInterface] Received: Motor1 pulses: 1731
UnityEngine.DebugLogHandler:Internal_Log(LogType, LogOption, String, Object)
UnityEngine.DebugLogHandler:LogFormat(LogType, Object, String, Object[])
UnityEngine.Logger:Log(LogType, Object)
UnityEngine.Debug:Log(Object)
HighPrecisionStepperJuggler.SerialInterface:ProcessReceiveBuffer()
HighPrecisionStepperJuggler.SerialInterface:Update()
 
(Filename: C:\build\output\unity\unity\Runtime/Export/Debug/Debug.bindings.h Line: 35)

[SerialInterface] Received: Motor2 pulses: 1348
UnityEngine.DebugLogHandler:Internal_Log(LogType, LogOption, String, Object)
UnityEngine.DebugLogHandler:LogFormat(LogType, Object, String, Object[])
UnityEngine.Logger:Log(LogType, Object)
UnityEngine.Debug:Log(Object)
HighPrecisionStepperJuggler.SerialInterface:ProcessReceiveBuffer()
HighPrecisionStepperJuggler.SerialInterface:Update()
 
(Filename: C:\build\output\unity\unity\Runtime/Export/Debug/Debug.bindings.h Line: 35)

[SerialInterface] Received: Motor3 pulses: 2147
UnityEngine.DebugLogHandler:Internal_Log(LogType, LogOption, String, Object)
UnityEngine.DebugLogHandler:LogFormat(LogType, Object, String, Object[])
UnityEngine.Logger:Log(LogType, Object)
UnityEngine.Debug:Log(Object)
HighPrecisionStepperJuggler.SerialInterface:ProcessReceiveBuffer()
HighPrecisionStepperJuggler.SerialInterface:Update()
 
(Filename: C:\build\output\unity\unity\Runtime/Export/Debug/Debug.bindings.h Line: 35)

[SerialInterface] Received: Move duration: 0.10000
UnityEngine.DebugLogHandler:Internal_Log(LogType, LogOption, String, Object)
UnityEngine.DebugLogHandler:LogFormat(LogType, Object, String, Object[])
UnityEngine.Logger:Log(LogType, Object)
UnityEngine.Debug:Log(Object)
HighPrecisionStepperJuggler.SerialInterface:ProcessReceiveBuffer()
HighPrecisionStepperJuggler.SerialInterface:Update()
 
(Filename: C:\build\output\unity\unity\Runtime/Export/Debug/Debug.bindings.h Line: 35)

Ball r, x, y :49.84, 157, -120
UnityEngine.DebugLogHandler:Internal_Log(LogType, LogOption, String, Object)
UnityEngine.DebugLogHandler:LogFormat(LogType, Object, String, Object[])
UnityEngine.Logger:Log(LogType, Object)
UnityEngine.Debug:Log(Object)
HighPrecisionStepperJuggler.ImageProcessingInstructionSender:Update()
 
(Filename: C:\build\output\unity\unity\Runtime/Export/Debug/Debug.bindings.h Line: 35)

Ball r, x, y :63.84, 163, -30
UnityEngine.DebugLogHandler:Internal_Log(LogType, LogOption, String, Object)
UnityEngine.DebugLogHandler:LogFormat(LogType, Object, String, Object[])
UnityEngine.Logger:Log(LogType, Object)
UnityEngine.Debug:Log(Object)
HighPrecisionStepperJuggler.ImageProcessingInstructionSender:Update()
 
(Filename: C:\build\output\unity\unity\Runtime/Export/Debug/Debug.bindings.h Line: 35)

Ball r, x, y :62.56, 167, 60
UnityEngine.DebugLogHandler:Internal_Log(LogType, LogOption, String, Object)
UnityEngine.DebugLogHandler:LogFormat(LogType, Object, String, Object[])
UnityEngine.Logger:Log(LogType, Object)
UnityEngine.Debug:Log(Object)
HighPrecisionStepperJuggler.ImageProcessingInstructionSender:Update()
 
(Filename: C:\build\output\unity\unity\Runtime/Export/Debug/Debug.bindings.h Line: 35)

Ball r, x, y :58.58, 171, 60
UnityEngine.DebugLogHandler:Internal_Log(LogType, LogOption, String, Object)
UnityEngine.DebugLogHandler:LogFormat(LogType, Object, String, Object[])
UnityEngine.Logger:Log(LogType, Object)
UnityEngine.Debug:Log(Object)
HighPrecisionStepperJuggler.ImageProcessingInstructionSender:Update()
 
(Filename: C:\build\output\unity\unity\Runtime/Export/Debug/Debug.bindings.h Line: 35)

[SerialInterface] Sending: 11.00000:0.44223:0.69505:0.56571:0.56571:0.10000

UnityEngine.DebugLogHandler:Internal_Log(LogType, LogOption, String, Object)
UnityEngine.DebugLogHandler:LogFormat(LogType, Object, String, Object[])
UnityEngine.Logger:Log(LogType, Object)
UnityEngine.Debug:Log(Object)
HighPrecisionStepperJuggler.SerialInterface:Send(String)
HighPrecisionStepperJuggler.RealMachine:SendInstructions(List`1)
HighPrecisionStepperJuggler.InstructableMachine:Instruct(List`1)
HighPrecisionStepperJuggler.MachineController:SendInstructions(List`1)
HighPrecisionStepperJuggler.BallControlling:MoveToHeightWithAlternatingXYTiltCorrection(MachineController, ITiltController, BallData, Single, Single, Int32, Nullable`1)
HighPrecisionStepperJuggler.<>c__DisplayClass4_0:<TwoStepBouncing>b__0(BallData, MachineController, Int32)
HighPrecisionStepperJuggler.BallControlStrategy:Execute(BallData, MachineController)
HighPrecisionStepperJuggler.ImageProcessingInstructionSender:Update()
 
(Filename: C:\build\output\unity\unity\Runtime/Export/Debug/Debug.bindings.h Line: 35)

[SerialInterface] Received: RECEIVED MSG: 11.00000:0.44223:0.69505:0.56571:0.56571:0.10000
UnityEngine.DebugLogHandler:Internal_Log(LogType, LogOption, String, Object)
UnityEngine.DebugLogHandler:LogFormat(LogType, Object, String, Object[])
UnityEngine.Logger:Log(LogType, Object)
UnityEngine.Debug:Log(Object)
HighPrecisionStepperJuggler.SerialInterface:ProcessReceiveBuffer()
HighPrecisionStepperJuggler.SerialInterface:Update()
 
(Filename: C:\build\output\unity\unity\Runtime/Export/Debug/Debug.bindings.h Line: 35)

[SerialInterface] Received: Parsed tokens (count=6): 11.00000 |0.44223 |0.69505 |0.56571 |0.56571 |0.10000
UnityEngine.DebugLogHandler:Internal_Log(LogType, LogOption, String, Object)
UnityEngine.DebugLogHandler:LogFormat(LogType, Object, String, Object[])
UnityEngine.Logger:Log(LogType, Object)
UnityEngine.Debug:Log(Object)
HighPrecisionStepperJuggler.SerialInterface:ProcessReceiveBuffer()
HighPrecisionStepperJuggler.SerialInterface:Update()
 
(Filename: C:\build\output\unity\unity\Runtime/Export/Debug/Debug.bindings.h Line: 35)

[SerialInterface] Received: Num of move batches: 1
UnityEngine.DebugLogHandler:Internal_Log(LogType, LogOption, String, Object)
UnityEngine.DebugLogHandler:LogFormat(LogType, Object, String, Object[])
UnityEngine.Logger:Log(LogType, Object)
UnityEngine.Debug:Log(Object)
HighPrecisionStepperJuggler.SerialInterface:ProcessReceiveBuffer()
HighPrecisionStepperJuggler.SerialInterface:Update()
 
(Filename: C:\build\output\unity\unity\Runtime/Export/Debug/Debug.bindings.h Line: 35)

[SerialInterface] Received: Batch 0 marker value: 11.00000
UnityEngine.DebugLogHandler:Internal_Log(LogType, LogOption, String, Object)
UnityEngine.DebugLogHandler:LogFormat(LogType, Object, String, Object[])
UnityEngine.Logger:Log(LogType, Object)
UnityEngine.Debug:Log(Object)
HighPrecisionStepperJuggler.SerialInterface:ProcessReceiveBuffer()
HighPrecisionStepperJuggler.SerialInterface:Update()
 
(Filename: C:\build\output\unity\unity\Runtime/Export/Debug/Debug.bindings.h Line: 35)

[SerialInterface] Received: Marker matches expected value.
UnityEngine.DebugLogHandler:Internal_Log(LogType, LogOption, String, Object)
UnityEngine.DebugLogHandler:LogFormat(LogType, Object, String, Object[])
UnityEngine.Logger:Log(LogType, Object)
UnityEngine.Debug:Log(Object)
HighPrecisionStepperJuggler.SerialInterface:ProcessReceiveBuffer()
HighPrecisionStepperJuggler.SerialInterface:Update()
 
(Filename: C:\build\output\unity\unity\Runtime/Export/Debug/Debug.bindings.h Line: 35)

[SerialInterface] Received: Motor0 pulses: 1166
UnityEngine.DebugLogHandler:Internal_Log(LogType, LogOption, String, Object)
UnityEngine.DebugLogHandler:LogFormat(LogType, Object, String, Object[])
UnityEngine.Logger:Log(LogType, Object)
UnityEngine.Debug:Log(Object)
HighPrecisionStepperJuggler.SerialInterface:ProcessReceiveBuffer()
HighPrecisionStepperJuggler.SerialInterface:Update()
 
(Filename: C:\build\output\unity\unity\Runtime/Export/Debug/Debug.bindings.h Line: 35)

[SerialInterface] Received: Motor1 pulses: 1833
UnityEngine.DebugLogHandler:Internal_Log(LogType, LogOption, String, Object)
UnityEngine.DebugLogHandler:LogFormat(LogType, Object, String, Object[])
UnityEngine.Logger:Log(LogType, Object)
UnityEngine.Debug:Log(Object)
HighPrecisionStepperJuggler.SerialInterface:ProcessReceiveBuffer()
HighPrecisionStepperJuggler.SerialInterface:Update()
 
(Filename: C:\build\output\unity\unity\Runtime/Export/Debug/Debug.bindings.h Line: 35)

[SerialInterface] Received: Motor2 pulses: 1492
UnityEngine.DebugLogHandler:Internal_Log(LogType, LogOption, String, Object)
UnityEngine.DebugLogHandler:LogFormat(LogType, Object, String, Object[])
UnityEngine.Logger:Log(LogType, Object)
UnityEngine.Debug:Log(Object)
HighPrecisionStepperJuggler.SerialInterface:ProcessReceiveBuffer()
HighPrecisionStepperJuggler.SerialInterface:Update()
 
(Filename: C:\build\output\unity\unity\Runtime/Export/Debug/Debug.bindings.h Line: 35)

[SerialInterface] Received: Motor3 pulses: 1492
UnityEngine.DebugLogHandler:Internal_Log(LogType, LogOption, String, Object)
UnityEngine.DebugLogHandler:LogFormat(LogType, Object, String, Object[])
UnityEngine.Logger:Log(LogType, Object)
UnityEngine.Debug:Log(Object)
HighPrecisionStepperJuggler.SerialInterface:ProcessReceiveBuffer()
HighPrecisionStepperJuggler.SerialInterface:Update()
 
(Filename: C:\build\output\unity\unity\Runtime/Export/Debug/Debug.bindings.h Line: 35)

[SerialInterface] Received: Move duration: 0.10000
UnityEngine.DebugLogHandler:Internal_Log(LogType, LogOption, String, Object)
UnityEngine.DebugLogHandler:LogFormat(LogType, Object, String, Object[])
UnityEngine.Logger:Log(LogType, Object)
UnityEngine.Debug:Log(Object)
HighPrecisionStepperJuggler.SerialInterface:ProcessReceiveBuffer()
HighPrecisionStepperJuggler.SerialInterface:Update()
 
(Filename: C:\build\output\unity\unity\Runtime/Export/Debug/Debug.bindings.h Line: 35)

Ball r, x, y :58.58, 168, 30
UnityEngine.DebugLogHandler:Internal_Log(LogType, LogOption, String, Object)
UnityEngine.DebugLogHandler:LogFormat(LogType, Object, String, Object[])
UnityEngine.Logger:Log(LogType, Object)
UnityEngine.Debug:Log(Object)
HighPrecisionStepperJuggler.ImageProcessingInstructionSender:Update()
 
(Filename: C:\build\output\unity\unity\Runtime/Export/Debug/Debug.bindings.h Line: 35)

Ball r, x, y :66.88, 163, 0
UnityEngine.DebugLogHandler:Internal_Log(LogType, LogOption, String, Object)
UnityEngine.DebugLogHandler:LogFormat(LogType, Object, String, Object[])
UnityEngine.Logger:Log(LogType, Object)
UnityEngine.Debug:Log(Object)
HighPrecisionStepperJuggler.ImageProcessingInstructionSender:Update()
 
(Filename: C:\build\output\unity\unity\Runtime/Export/Debug/Debug.bindings.h Line: 35)

[SerialInterface] Sending: 11.00000:0.65624:0.65624:0.75667:0.56104:0.10000

UnityEngine.DebugLogHandler:Internal_Log(LogType, LogOption, String, Object)
UnityEngine.DebugLogHandler:LogFormat(LogType, Object, String, Object[])
UnityEngine.Logger:Log(LogType, Object)
UnityEngine.Debug:Log(Object)
HighPrecisionStepperJuggler.SerialInterface:Send(String)
HighPrecisionStepperJuggler.RealMachine:SendInstructions(List`1)
HighPrecisionStepperJuggler.InstructableMachine:Instruct(List`1)
HighPrecisionStepperJuggler.MachineController:SendInstructions(List`1)
HighPrecisionStepperJuggler.BallControlling:MoveToHeightWithAlternatingXYTiltCorrection(MachineController, ITiltController, BallData, Single, Single, Int32, Nullable`1)
HighPrecisionStepperJuggler.<>c__DisplayClass4_0:<TwoStepBouncing>b__0(BallData, MachineController, Int32)
HighPrecisionStepperJuggler.BallControlStrategy:Execute(BallData, MachineController)
HighPrecisionStepperJuggler.ImageProcessingInstructionSender:Update()
 
(Filename: C:\build\output\unity\unity\Runtime/Export/Debug/Debug.bindings.h Line: 35)

[SerialInterface] Received: RECEIVED MSG: 11.00000:0.65624:0.65624:0.75667:0.56104:0.10000
UnityEngine.DebugLogHandler:Internal_Log(LogType, LogOption, String, Object)
UnityEngine.DebugLogHandler:LogFormat(LogType, Object, String, Object[])
UnityEngine.Logger:Log(LogType, Object)
UnityEngine.Debug:Log(Object)
HighPrecisionStepperJuggler.SerialInterface:ProcessReceiveBuffer()
HighPrecisionStepperJuggler.SerialInterface:Update()
 
(Filename: C:\build\output\unity\unity\Runtime/Export/Debug/Debug.bindings.h Line: 35)

[SerialInterface] Received: Parsed tokens (count=6): 11.00000 |0.65624 |0.65624 |0.75667 |0.56104 |0.10000
UnityEngine.DebugLogHandler:Internal_Log(LogType, LogOption, String, Object)
UnityEngine.DebugLogHandler:LogFormat(LogType, Object, String, Object[])
UnityEngine.Logger:Log(LogType, Object)
UnityEngine.Debug:Log(Object)
HighPrecisionStepperJuggler.SerialInterface:ProcessReceiveBuffer()
HighPrecisionStepperJuggler.SerialInterface:Update()
 
(Filename: C:\build\output\unity\unity\Runtime/Export/Debug/Debug.bindings.h Line: 35)

[SerialInterface] Received: Num of move batches: 1
UnityEngine.DebugLogHandler:Internal_Log(LogType, LogOption, String, Object)
UnityEngine.DebugLogHandler:LogFormat(LogType, Object, String, Object[])
UnityEngine.Logger:Log(LogType, Object)
UnityEngine.Debug:Log(Object)
HighPrecisionStepperJuggler.SerialInterface:ProcessReceiveBuffer()
HighPrecisionStepperJuggler.SerialInterface:Update()
 
(Filename: C:\build\output\unity\unity\Runtime/Export/Debug/Debug.bindings.h Line: 35)

[SerialInterface] Received: Batch 0 marker value: 11.00000
UnityEngine.DebugLogHandler:Internal_Log(LogType, LogOption, String, Object)
UnityEngine.DebugLogHandler:LogFormat(LogType, Object, String, Object[])
UnityEngine.Logger:Log(LogType, Object)
UnityEngine.Debug:Log(Object)
HighPrecisionStepperJuggler.SerialInterface:ProcessReceiveBuffer()
HighPrecisionStepperJuggler.SerialInterface:Update()
 
(Filename: C:\build\output\unity\unity\Runtime/Export/Debug/Debug.bindings.h Line: 35)

[SerialInterface] Received: Marker matches expected value.
UnityEngine.DebugLogHandler:Internal_Log(LogType, LogOption, String, Object)
UnityEngine.DebugLogHandler:LogFormat(LogType, Object, String, Object[])
UnityEngine.Logger:Log(LogType, Object)
UnityEngine.Debug:Log(Object)
HighPrecisionStepperJuggler.SerialInterface:ProcessReceiveBuffer()
HighPrecisionStepperJuggler.SerialInterface:Update()
 
(Filename: C:\build\output\unity\unity\Runtime/Export/Debug/Debug.bindings.h Line: 35)

[SerialInterface] Received: Motor0 pulses: 1731
UnityEngine.DebugLogHandler:Internal_Log(LogType, LogOption, String, Object)
UnityEngine.DebugLogHandler:LogFormat(LogType, Object, String, Object[])
UnityEngine.Logger:Log(LogType, Object)
UnityEngine.Debug:Log(Object)
HighPrecisionStepperJuggler.SerialInterface:ProcessReceiveBuffer()
HighPrecisionStepperJuggler.SerialInterface:Update()
 
(Filename: C:\build\output\unity\unity\Runtime/Export/Debug/Debug.bindings.h Line: 35)

[SerialInterface] Received: Motor1 pulses: 1731
UnityEngine.DebugLogHandler:Internal_Log(LogType, LogOption, String, Object)
UnityEngine.DebugLogHandler:LogFormat(LogType, Object, String, Object[])
UnityEngine.Logger:Log(LogType, Object)
UnityEngine.Debug:Log(Object)
HighPrecisionStepperJuggler.SerialInterface:ProcessReceiveBuffer()
HighPrecisionStepperJuggler.SerialInterface:Update()
 
(Filename: C:\build\output\unity\unity\Runtime/Export/Debug/Debug.bindings.h Line: 35)

[SerialInterface] Received: Motor2 pulses: 1996
UnityEngine.DebugLogHandler:Internal_Log(LogType, LogOption, String, Object)
UnityEngine.DebugLogHandler:LogFormat(LogType, Object, String, Object[])
UnityEngine.Logger:Log(LogType, Object)
UnityEngine.Debug:Log(Object)
HighPrecisionStepperJuggler.SerialInterface:ProcessReceiveBuffer()
HighPrecisionStepperJuggler.SerialInterface:Update()
 
(Filename: C:\build\output\unity\unity\Runtime/Export/Debug/Debug.bindings.h Line: 35)

[SerialInterface] Received: Motor3 pulses: 1480
UnityEngine.DebugLogHandler:Internal_Log(LogType, LogOption, String, Object)
UnityEngine.DebugLogHandler:LogFormat(LogType, Object, String, Object[])
UnityEngine.Logger:Log(LogType, Object)
UnityEngine.Debug:Log(Object)
HighPrecisionStepperJuggler.SerialInterface:ProcessReceiveBuffer()
HighPrecisionStepperJuggler.SerialInterface:Update()
 
(Filename: C:\build\output\unity\unity\Runtime/Export/Debug/Debug.bindings.h Line: 35)

[SerialInterface] Received: Move duration: 0.10000
UnityEngine.DebugLogHandler:Internal_Log(LogType, LogOption, String, Object)
UnityEngine.DebugLogHandler:LogFormat(LogType, Object, String, Object[])
UnityEngine.Logger:Log(LogType, Object)
UnityEngine.Debug:Log(Object)
HighPrecisionStepperJuggler.SerialInterface:ProcessReceiveBuffer()
HighPrecisionStepperJuggler.SerialInterface:Update()
 
(Filename: C:\build\output\unity\unity\Runtime/Export/Debug/Debug.bindings.h Line: 35)

Ball r, x, y :65.34, 161, 0
UnityEngine.DebugLogHandler:Internal_Log(LogType, LogOption, String, Object)
UnityEngine.DebugLogHandler:LogFormat(LogType, Object, String, Object[])
UnityEngine.Logger:Log(LogType, Object)
UnityEngine.Debug:Log(Object)
HighPrecisionStepperJuggler.ImageProcessingInstructionSender:Update()
 
(Filename: C:\build\output\unity\unity\Runtime/Export/Debug/Debug.bindings.h Line: 35)

Ball r, x, y :64.34, 162, 0
UnityEngine.DebugLogHandler:Internal_Log(LogType, LogOption, String, Object)
UnityEngine.DebugLogHandler:LogFormat(LogType, Object, String, Object[])
UnityEngine.Logger:Log(LogType, Object)
UnityEngine.Debug:Log(Object)
HighPrecisionStepperJuggler.ImageProcessingInstructionSender:Update()
 
(Filename: C:\build\output\unity\unity\Runtime/Export/Debug/Debug.bindings.h Line: 35)

[SerialInterface] Sending: 11.00000:0.51830:0.61395:0.56571:0.56571:0.10000

UnityEngine.DebugLogHandler:Internal_Log(LogType, LogOption, String, Object)
UnityEngine.DebugLogHandler:LogFormat(LogType, Object, String, Object[])
UnityEngine.Logger:Log(LogType, Object)
UnityEngine.Debug:Log(Object)
HighPrecisionStepperJuggler.SerialInterface:Send(String)
HighPrecisionStepperJuggler.RealMachine:SendInstructions(List`1)
HighPrecisionStepperJuggler.InstructableMachine:Instruct(List`1)
HighPrecisionStepperJuggler.MachineController:SendInstructions(List`1)
HighPrecisionStepperJuggler.BallControlling:MoveToHeightWithAlternatingXYTiltCorrection(MachineController, ITiltController, BallData, Single, Single, Int32, Nullable`1)
HighPrecisionStepperJuggler.<>c__DisplayClass4_0:<TwoStepBouncing>b__0(BallData, MachineController, Int32)
HighPrecisionStepperJuggler.BallControlStrategy:Execute(BallData, MachineController)
HighPrecisionStepperJuggler.ImageProcessingInstructionSender:Update()
 
(Filename: C:\build\output\unity\unity\Runtime/Export/Debug/Debug.bindings.h Line: 35)

[SerialInterface] Received: RECEIVED MSG: 11.00000:0.51830:0.61395:0.56571:0.56571:0.10000
UnityEngine.DebugLogHandler:Internal_Log(LogType, LogOption, String, Object)
UnityEngine.DebugLogHandler:LogFormat(LogType, Object, String, Object[])
UnityEngine.Logger:Log(LogType, Object)
UnityEngine.Debug:Log(Object)
HighPrecisionStepperJuggler.SerialInterface:ProcessReceiveBuffer()
HighPrecisionStepperJuggler.SerialInterface:Update()
 
(Filename: C:\build\output\unity\unity\Runtime/Export/Debug/Debug.bindings.h Line: 35)

[SerialInterface] Received: Parsed tokens (count=6): 11.00000 |0.51830 |0.61395 |0.56571 |0.56571 |0.10000
UnityEngine.DebugLogHandler:Internal_Log(LogType, LogOption, String, Object)
UnityEngine.DebugLogHandler:LogFormat(LogType, Object, String, Object[])
UnityEngine.Logger:Log(LogType, Object)
UnityEngine.Debug:Log(Object)
HighPrecisionStepperJuggler.SerialInterface:ProcessReceiveBuffer()
HighPrecisionStepperJuggler.SerialInterface:Update()
 
(Filename: C:\build\output\unity\unity\Runtime/Export/Debug/Debug.bindings.h Line: 35)

[SerialInterface] Received: Num of move batches: 1
UnityEngine.DebugLogHandler:Internal_Log(LogType, LogOption, String, Object)
UnityEngine.DebugLogHandler:LogFormat(LogType, Object, String, Object[])
UnityEngine.Logger:Log(LogType, Object)
UnityEngine.Debug:Log(Object)
HighPrecisionStepperJuggler.SerialInterface:ProcessReceiveBuffer()
HighPrecisionStepperJuggler.SerialInterface:Update()
 
(Filename: C:\build\output\unity\unity\Runtime/Export/Debug/Debug.bindings.h Line: 35)

[SerialInterface] Received: Batch 0 marker value: 11.00000
UnityEngine.DebugLogHandler:Internal_Log(LogType, LogOption, String, Object)
UnityEngine.DebugLogHandler:LogFormat(LogType, Object, String, Object[])
UnityEngine.Logger:Log(LogType, Object)
UnityEngine.Debug:Log(Object)
HighPrecisionStepperJuggler.SerialInterface:ProcessReceiveBuffer()
HighPrecisionStepperJuggler.SerialInterface:Update()
 
(Filename: C:\build\output\unity\unity\Runtime/Export/Debug/Debug.bindings.h Line: 35)

[SerialInterface] Received: Marker matches expected value.
UnityEngine.DebugLogHandler:Internal_Log(LogType, LogOption, String, Object)
UnityEngine.DebugLogHandler:LogFormat(LogType, Object, String, Object[])
UnityEngine.Logger:Log(LogType, Object)
UnityEngine.Debug:Log(Object)
HighPrecisionStepperJuggler.SerialInterface:ProcessReceiveBuffer()
HighPrecisionStepperJuggler.SerialInterface:Update()
 
(Filename: C:\build\output\unity\unity\Runtime/Export/Debug/Debug.bindings.h Line: 35)

[SerialInterface] Received: Motor0 pulses: 1367
UnityEngine.DebugLogHandler:Internal_Log(LogType, LogOption, String, Object)
UnityEngine.DebugLogHandler:LogFormat(LogType, Object, String, Object[])
UnityEngine.Logger:Log(LogType, Object)
UnityEngine.Debug:Log(Object)
HighPrecisionStepperJuggler.SerialInterface:ProcessReceiveBuffer()
HighPrecisionStepperJuggler.SerialInterface:Update()
 
(Filename: C:\build\output\unity\unity\Runtime/Export/Debug/Debug.bindings.h Line: 35)

[SerialInterface] Received: Motor1 pulses: 1619
UnityEngine.DebugLogHandler:Internal_Log(LogType, LogOption, String, Object)
UnityEngine.DebugLogHandler:LogFormat(LogType, Object, String, Object[])
UnityEngine.Logger:Log(LogType, Object)
UnityEngine.Debug:Log(Object)
HighPrecisionStepperJuggler.SerialInterface:ProcessReceiveBuffer()
HighPrecisionStepperJuggler.SerialInterface:Update()
 
(Filename: C:\build\output\unity\unity\Runtime/Export/Debug/Debug.bindings.h Line: 35)

[SerialInterface] Received: Motor2 pulses: 1492
UnityEngine.DebugLogHandler:Internal_Log(LogType, LogOption, String, Object)
UnityEngine.DebugLogHandler:LogFormat(LogType, Object, String, Object[])
UnityEngine.Logger:Log(LogType, Object)
UnityEngine.Debug:Log(Object)
HighPrecisionStepperJuggler.SerialInterface:ProcessReceiveBuffer()
HighPrecisionStepperJuggler.SerialInterface:Update()
 
(Filename: C:\build\output\unity\unity\Runtime/Export/Debug/Debug.bindings.h Line: 35)

[SerialInterface] Received: Motor3 pulses: 1492
UnityEngine.DebugLogHandler:Internal_Log(LogType, LogOption, String, Object)
UnityEngine.DebugLogHandler:LogFormat(LogType, Object, String, Object[])
UnityEngine.Logger:Log(LogType, Object)
UnityEngine.Debug:Log(Object)
HighPrecisionStepperJuggler.SerialInterface:ProcessReceiveBuffer()
HighPrecisionStepperJuggler.SerialInterface:Update()
 
(Filename: C:\build\output\unity\unity\Runtime/Export/Debug/Debug.bindings.h Line: 35)

[SerialInterface] Received: Move duration: 0.10000
UnityEngine.DebugLogHandler:Internal_Log(LogType, LogOption, String, Object)
UnityEngine.DebugLogHandler:LogFormat(LogType, Object, String, Object[])
UnityEngine.Logger:Log(LogType, Object)
UnityEngine.Debug:Log(Object)
HighPrecisionStepperJuggler.SerialInterface:ProcessReceiveBuffer()
HighPrecisionStepperJuggler.SerialInterface:Update()
 
(Filename: C:\build\output\unity\unity\Runtime/Export/Debug/Debug.bindings.h Line: 35)

Ball r, x, y :62.06, 158, 0
UnityEngine.DebugLogHandler:Internal_Log(LogType, LogOption, String, Object)
UnityEngine.DebugLogHandler:LogFormat(LogType, Object, String, Object[])
UnityEngine.Logger:Log(LogType, Object)
UnityEngine.Debug:Log(Object)
HighPrecisionStepperJuggler.ImageProcessingInstructionSender:Update()
 
(Filename: C:\build\output\unity\unity\Runtime/Export/Debug/Debug.bindings.h Line: 35)

Ball r, x, y :59.5, 149, 0
UnityEngine.DebugLogHandler:Internal_Log(LogType, LogOption, String, Object)
UnityEngine.DebugLogHandler:LogFormat(LogType, Object, String, Object[])
UnityEngine.Logger:Log(LogType, Object)
UnityEngine.Debug:Log(Object)
HighPrecisionStepperJuggler.ImageProcessingInstructionSender:Update()
 
(Filename: C:\build\output\unity\unity\Runtime/Export/Debug/Debug.bindings.h Line: 35)

Ball r, x, y :54.94, 145, 0
UnityEngine.DebugLogHandler:Internal_Log(LogType, LogOption, String, Object)
UnityEngine.DebugLogHandler:LogFormat(LogType, Object, String, Object[])
UnityEngine.Logger:Log(LogType, Object)
UnityEngine.Debug:Log(Object)
HighPrecisionStepperJuggler.ImageProcessingInstructionSender:Update()
 
(Filename: C:\build\output\unity\unity\Runtime/Export/Debug/Debug.bindings.h Line: 35)

Ball r, x, y :62.06, 145, -30
UnityEngine.DebugLogHandler:Internal_Log(LogType, LogOption, String, Object)
UnityEngine.DebugLogHandler:LogFormat(LogType, Object, String, Object[])
UnityEngine.Logger:Log(LogType, Object)
UnityEngine.Debug:Log(Object)
HighPrecisionStepperJuggler.ImageProcessingInstructionSender:Update()
 
(Filename: C:\build\output\unity\unity\Runtime/Export/Debug/Debug.bindings.h Line: 35)

[SerialInterface] Sending: 11.00000:0.65624:0.65624:0.64422:0.66834:0.10000

UnityEngine.DebugLogHandler:Internal_Log(LogType, LogOption, String, Object)
UnityEngine.DebugLogHandler:LogFormat(LogType, Object, String, Object[])
UnityEngine.Logger:Log(LogType, Object)
UnityEngine.Debug:Log(Object)
HighPrecisionStepperJuggler.SerialInterface:Send(String)
HighPrecisionStepperJuggler.RealMachine:SendInstructions(List`1)
HighPrecisionStepperJuggler.InstructableMachine:Instruct(List`1)
HighPrecisionStepperJuggler.MachineController:SendInstructions(List`1)
HighPrecisionStepperJuggler.BallControlling:MoveToHeightWithAlternatingXYTiltCorrection(MachineController, ITiltController, BallData, Single, Single, Int32, Nullable`1)
HighPrecisionStepperJuggler.<>c__DisplayClass4_0:<TwoStepBouncing>b__0(BallData, MachineController, Int32)
HighPrecisionStepperJuggler.BallControlStrategy:Execute(BallData, MachineController)
HighPrecisionStepperJuggler.ImageProcessingInstructionSender:Update()
 
(Filename: C:\build\output\unity\unity\Runtime/Export/Debug/Debug.bindings.h Line: 35)

[SerialInterface] Received: RECEIVED MSG: 11.00000:0.65624:0.65624:0.64422:0.66834:0.10000
UnityEngine.DebugLogHandler:Internal_Log(LogType, LogOption, String, Object)
UnityEngine.DebugLogHandler:LogFormat(LogType, Object, String, Object[])
UnityEngine.Logger:Log(LogType, Object)
UnityEngine.Debug:Log(Object)
HighPrecisionStepperJuggler.SerialInterface:ProcessReceiveBuffer()
HighPrecisionStepperJuggler.SerialInterface:Update()
 
(Filename: C:\build\output\unity\unity\Runtime/Export/Debug/Debug.bindings.h Line: 35)

[SerialInterface] Received: Parsed tokens (count=6): 11.00000 |0.65624 |0.65624 |0.64422 |0.66834 |0.10000
UnityEngine.DebugLogHandler:Internal_Log(LogType, LogOption, String, Object)
UnityEngine.DebugLogHandler:LogFormat(LogType, Object, String, Object[])
UnityEngine.Logger:Log(LogType, Object)
UnityEngine.Debug:Log(Object)
HighPrecisionStepperJuggler.SerialInterface:ProcessReceiveBuffer()
HighPrecisionStepperJuggler.SerialInterface:Update()
 
(Filename: C:\build\output\unity\unity\Runtime/Export/Debug/Debug.bindings.h Line: 35)

[SerialInterface] Received: Num of move batches: 1
UnityEngine.DebugLogHandler:Internal_Log(LogType, LogOption, String, Object)
UnityEngine.DebugLogHandler:LogFormat(LogType, Object, String, Object[])
UnityEngine.Logger:Log(LogType, Object)
UnityEngine.Debug:Log(Object)
HighPrecisionStepperJuggler.SerialInterface:ProcessReceiveBuffer()
HighPrecisionStepperJuggler.SerialInterface:Update()
 
(Filename: C:\build\output\unity\unity\Runtime/Export/Debug/Debug.bindings.h Line: 35)

[SerialInterface] Received: Batch 0 marker value: 11.00000
UnityEngine.DebugLogHandler:Internal_Log(LogType, LogOption, String, Object)
UnityEngine.DebugLogHandler:LogFormat(LogType, Object, String, Object[])
UnityEngine.Logger:Log(LogType, Object)
UnityEngine.Debug:Log(Object)
HighPrecisionStepperJuggler.SerialInterface:ProcessReceiveBuffer()
HighPrecisionStepperJuggler.SerialInterface:Update()
 
(Filename: C:\build\output\unity\unity\Runtime/Export/Debug/Debug.bindings.h Line: 35)

[SerialInterface] Received: Marker matches expected value.
UnityEngine.DebugLogHandler:Internal_Log(LogType, LogOption, String, Object)
UnityEngine.DebugLogHandler:LogFormat(LogType, Object, String, Object[])
UnityEngine.Logger:Log(LogType, Object)
UnityEngine.Debug:Log(Object)
HighPrecisionStepperJuggler.SerialInterface:ProcessReceiveBuffer()
HighPrecisionStepperJuggler.SerialInterface:Update()
 
(Filename: C:\build\output\unity\unity\Runtime/Export/Debug/Debug.bindings.h Line: 35)

[SerialInterface] Received: Motor0 pulses: 1731
UnityEngine.DebugLogHandler:Internal_Log(LogType, LogOption, String, Object)
UnityEngine.DebugLogHandler:LogFormat(LogType, Object, String, Object[])
UnityEngine.Logger:Log(LogType, Object)
UnityEngine.Debug:Log(Object)
HighPrecisionStepperJuggler.SerialInterface:ProcessReceiveBuffer()
HighPrecisionStepperJuggler.SerialInterface:Update()
 
(Filename: C:\build\output\unity\unity\Runtime/Export/Debug/Debug.bindings.h Line: 35)

[SerialInterface] Received: Motor1 pulses: 1731
UnityEngine.DebugLogHandler:Internal_Log(LogType, LogOption, String, Object)
UnityEngine.DebugLogHandler:LogFormat(LogType, Object, String, Object[])
UnityEngine.Logger:Log(LogType, Object)
UnityEngine.Debug:Log(Object)
HighPrecisionStepperJuggler.SerialInterface:ProcessReceiveBuffer()
HighPrecisionStepperJuggler.SerialInterface:Update()
 
(Filename: C:\build\output\unity\unity\Runtime/Export/Debug/Debug.bindings.h Line: 35)

[SerialInterface] Received: Motor2 pulses: 1699
UnityEngine.DebugLogHandler:Internal_Log(LogType, LogOption, String, Object)
UnityEngine.DebugLogHandler:LogFormat(LogType, Object, String, Object[])
UnityEngine.Logger:Log(LogType, Object)
UnityEngine.Debug:Log(Object)
HighPrecisionStepperJuggler.SerialInterface:ProcessReceiveBuffer()
HighPrecisionStepperJuggler.SerialInterface:Update()
 
(Filename: C:\build\output\unity\unity\Runtime/Export/Debug/Debug.bindings.h Line: 35)

[SerialInterface] Received: Motor3 pulses: 1763
UnityEngine.DebugLogHandler:Internal_Log(LogType, LogOption, String, Object)
UnityEngine.DebugLogHandler:LogFormat(LogType, Object, String, Object[])
UnityEngine.Logger:Log(LogType, Object)
UnityEngine.Debug:Log(Object)
HighPrecisionStepperJuggler.SerialInterface:ProcessReceiveBuffer()
HighPrecisionStepperJuggler.SerialInterface:Update()
 
(Filename: C:\build\output\unity\unity\Runtime/Export/Debug/Debug.bindings.h Line: 35)

[SerialInterface] Received: Move duration: 0.10000
UnityEngine.DebugLogHandler:Internal_Log(LogType, LogOption, String, Object)
UnityEngine.DebugLogHandler:LogFormat(LogType, Object, String, Object[])
UnityEngine.Logger:Log(LogType, Object)
UnityEngine.Debug:Log(Object)
HighPrecisionStepperJuggler.SerialInterface:ProcessReceiveBuffer()
HighPrecisionStepperJuggler.SerialInterface:Update()
 
(Filename: C:\build\output\unity\unity\Runtime/Export/Debug/Debug.bindings.h Line: 35)

Ball r, x, y :58.22, 141, -30
UnityEngine.DebugLogHandler:Internal_Log(LogType, LogOption, String, Object)
UnityEngine.DebugLogHandler:LogFormat(LogType, Object, String, Object[])
UnityEngine.Logger:Log(LogType, Object)
UnityEngine.Debug:Log(Object)
HighPrecisionStepperJuggler.ImageProcessingInstructionSender:Update()
 
(Filename: C:\build\output\unity\unity\Runtime/Export/Debug/Debug.bindings.h Line: 35)

Ball r, x, y :57.72, 138, -30
UnityEngine.DebugLogHandler:Internal_Log(LogType, LogOption, String, Object)
UnityEngine.DebugLogHandler:LogFormat(LogType, Object, String, Object[])
UnityEngine.Logger:Log(LogType, Object)
UnityEngine.Debug:Log(Object)
HighPrecisionStepperJuggler.ImageProcessingInstructionSender:Update()
 
(Filename: C:\build\output\unity\unity\Runtime/Export/Debug/Debug.bindings.h Line: 35)

[SerialInterface] Sending: 11.00000:0.54586:0.58570:0.56571:0.56571:0.10000

UnityEngine.DebugLogHandler:Internal_Log(LogType, LogOption, String, Object)
UnityEngine.DebugLogHandler:LogFormat(LogType, Object, String, Object[])
UnityEngine.Logger:Log(LogType, Object)
UnityEngine.Debug:Log(Object)
HighPrecisionStepperJuggler.SerialInterface:Send(String)
HighPrecisionStepperJuggler.RealMachine:SendInstructions(List`1)
HighPrecisionStepperJuggler.InstructableMachine:Instruct(List`1)
HighPrecisionStepperJuggler.MachineController:SendInstructions(List`1)
HighPrecisionStepperJuggler.BallControlling:MoveToHeightWithAlternatingXYTiltCorrection(MachineController, ITiltController, BallData, Single, Single, Int32, Nullable`1)
HighPrecisionStepperJuggler.<>c__DisplayClass4_0:<TwoStepBouncing>b__0(BallData, MachineController, Int32)
HighPrecisionStepperJuggler.BallControlStrategy:Execute(BallData, MachineController)
HighPrecisionStepperJuggler.ImageProcessingInstructionSender:Update()
 
(Filename: C:\build\output\unity\unity\Runtime/Export/Debug/Debug.bindings.h Line: 35)

[SerialInterface] Received: RECEIVED MSG: 11.00000:0.54586:0.58570:0.56571:0.56571:0.10000
UnityEngine.DebugLogHandler:Internal_Log(LogType, LogOption, String, Object)
UnityEngine.DebugLogHandler:LogFormat(LogType, Object, String, Object[])
UnityEngine.Logger:Log(LogType, Object)
UnityEngine.Debug:Log(Object)
HighPrecisionStepperJuggler.SerialInterface:ProcessReceiveBuffer()
HighPrecisionStepperJuggler.SerialInterface:Update()
 
(Filename: C:\build\output\unity\unity\Runtime/Export/Debug/Debug.bindings.h Line: 35)

[SerialInterface] Received: Parsed tokens (count=6): 11.00000 |0.54586 |0.58570 |0.56571 |0.56571 |0.10000
UnityEngine.DebugLogHandler:Internal_Log(LogType, LogOption, String, Object)
UnityEngine.DebugLogHandler:LogFormat(LogType, Object, String, Object[])
UnityEngine.Logger:Log(LogType, Object)
UnityEngine.Debug:Log(Object)
HighPrecisionStepperJuggler.SerialInterface:ProcessReceiveBuffer()
HighPrecisionStepperJuggler.SerialInterface:Update()
 
(Filename: C:\build\output\unity\unity\Runtime/Export/Debug/Debug.bindings.h Line: 35)

[SerialInterface] Received: Num of move batches: 1
UnityEngine.DebugLogHandler:Internal_Log(LogType, LogOption, String, Object)
UnityEngine.DebugLogHandler:LogFormat(LogType, Object, String, Object[])
UnityEngine.Logger:Log(LogType, Object)
UnityEngine.Debug:Log(Object)
HighPrecisionStepperJuggler.SerialInterface:ProcessReceiveBuffer()
HighPrecisionStepperJuggler.SerialInterface:Update()
 
(Filename: C:\build\output\unity\unity\Runtime/Export/Debug/Debug.bindings.h Line: 35)

[SerialInterface] Received: Batch 0 marker value: 11.00000
UnityEngine.DebugLogHandler:Internal_Log(LogType, LogOption, String, Object)
UnityEngine.DebugLogHandler:LogFormat(LogType, Object, String, Object[])
UnityEngine.Logger:Log(LogType, Object)
UnityEngine.Debug:Log(Object)
HighPrecisionStepperJuggler.SerialInterface:ProcessReceiveBuffer()
HighPrecisionStepperJuggler.SerialInterface:Update()
 
(Filename: C:\build\output\unity\unity\Runtime/Export/Debug/Debug.bindings.h Line: 35)

[SerialInterface] Received: Marker matches expected value.
UnityEngine.DebugLogHandler:Internal_Log(LogType, LogOption, String, Object)
UnityEngine.DebugLogHandler:LogFormat(LogType, Object, String, Object[])
UnityEngine.Logger:Log(LogType, Object)
UnityEngine.Debug:Log(Object)
HighPrecisionStepperJuggler.SerialInterface:ProcessReceiveBuffer()
HighPrecisionStepperJuggler.SerialInterface:Update()
 
(Filename: C:\build\output\unity\unity\Runtime/Export/Debug/Debug.bindings.h Line: 35)

[SerialInterface] Received: Motor0 pulses: 1440
UnityEngine.DebugLogHandler:Internal_Log(LogType, LogOption, String, Object)
UnityEngine.DebugLogHandler:LogFormat(LogType, Object, String, Object[])
UnityEngine.Logger:Log(LogType, Object)
UnityEngine.Debug:Log(Object)
HighPrecisionStepperJuggler.SerialInterface:ProcessReceiveBuffer()
HighPrecisionStepperJuggler.SerialInterface:Update()
 
(Filename: C:\build\output\unity\unity\Runtime/Export/Debug/Debug.bindings.h Line: 35)

[SerialInterface] Received: Motor1 pulses: 1545
UnityEngine.DebugLogHandler:Internal_Log(LogType, LogOption, String, Object)
UnityEngine.DebugLogHandler:LogFormat(LogType, Object, String, Object[])
UnityEngine.Logger:Log(LogType, Object)
UnityEngine.Debug:Log(Object)
HighPrecisionStepperJuggler.SerialInterface:ProcessReceiveBuffer()
HighPrecisionStepperJuggler.SerialInterface:Update()
 
(Filename: C:\build\output\unity\unity\Runtime/Export/Debug/Debug.bindings.h Line: 35)

[SerialInterface] Received: Motor2 pulses: 1492
UnityEngine.DebugLogHandler:Internal_Log(LogType, LogOption, String, Object)
UnityEngine.DebugLogHandler:LogFormat(LogType, Object, String, Object[])
UnityEngine.Logger:Log(LogType, Object)
UnityEngine.Debug:Log(Object)
HighPrecisionStepperJuggler.SerialInterface:ProcessReceiveBuffer()
HighPrecisionStepperJuggler.SerialInterface:Update()
 
(Filename: C:\build\output\unity\unity\Runtime/Export/Debug/Debug.bindings.h Line: 35)

[SerialInterface] Received: Motor3 pulses: 1492
UnityEngine.DebugLogHandler:Internal_Log(LogType, LogOption, String, Object)
UnityEngine.DebugLogHandler:LogFormat(LogType, Object, String, Object[])
UnityEngine.Logger:Log(LogType, Object)
UnityEngine.Debug:Log(Object)
HighPrecisionStepperJuggler.SerialInterface:ProcessReceiveBuffer()
HighPrecisionStepperJuggler.SerialInterface:Update()
 
(Filename: C:\build\output\unity\unity\Runtime/Export/Debug/Debug.bindings.h Line: 35)

[SerialInterface] Received: Move duration: 0.10000
UnityEngine.DebugLogHandler:Internal_Log(LogType, LogOption, String, Object)
UnityEngine.DebugLogHandler:LogFormat(LogType, Object, String, Object[])
UnityEngine.Logger:Log(LogType, Object)
UnityEngine.Debug:Log(Object)
HighPrecisionStepperJuggler.SerialInterface:ProcessReceiveBuffer()
HighPrecisionStepperJuggler.SerialInterface:Update()
 
(Filename: C:\build\output\unity\unity\Runtime/Export/Debug/Debug.bindings.h Line: 35)

Ball r, x, y :52.04, 139, -30
UnityEngine.DebugLogHandler:Internal_Log(LogType, LogOption, String, Object)
UnityEngine.DebugLogHandler:LogFormat(LogType, Object, String, Object[])
UnityEngine.Logger:Log(LogType, Object)
UnityEngine.Debug:Log(Object)
HighPrecisionStepperJuggler.ImageProcessingInstructionSender:Update()
 
(Filename: C:\build\output\unity\unity\Runtime/Export/Debug/Debug.bindings.h Line: 35)

Ball r, x, y :64.84, 148, -60
UnityEngine.DebugLogHandler:Internal_Log(LogType, LogOption, String, Object)
UnityEngine.DebugLogHandler:LogFormat(LogType, Object, String, Object[])
UnityEngine.Logger:Log(LogType, Object)
UnityEngine.Debug:Log(Object)
HighPrecisionStepperJuggler.ImageProcessingInstructionSender:Update()
 
(Filename: C:\build\output\unity\unity\Runtime/Export/Debug/Debug.bindings.h Line: 35)

[SerialInterface] Sending: 11.00000:0.65624:0.65624:0.63975:0.67288:0.10000

UnityEngine.DebugLogHandler:Internal_Log(LogType, LogOption, String, Object)
UnityEngine.DebugLogHandler:LogFormat(LogType, Object, String, Object[])
UnityEngine.Logger:Log(LogType, Object)
UnityEngine.Debug:Log(Object)
HighPrecisionStepperJuggler.SerialInterface:Send(String)
HighPrecisionStepperJuggler.RealMachine:SendInstructions(List`1)
HighPrecisionStepperJuggler.InstructableMachine:Instruct(List`1)
HighPrecisionStepperJuggler.MachineController:SendInstructions(List`1)
HighPrecisionStepperJuggler.BallControlling:MoveToHeightWithAlternatingXYTiltCorrection(MachineController, ITiltController, BallData, Single, Single, Int32, Nullable`1)
HighPrecisionStepperJuggler.<>c__DisplayClass4_0:<TwoStepBouncing>b__0(BallData, MachineController, Int32)
HighPrecisionStepperJuggler.BallControlStrategy:Execute(BallData, MachineController)
HighPrecisionStepperJuggler.ImageProcessingInstructionSender:Update()
 
(Filename: C:\build\output\unity\unity\Runtime/Export/Debug/Debug.bindings.h Line: 35)

[SerialInterface] Received: RECEIVED MSG: 11.00000:0.65624:0.65624:0.63975:0.67288:0.10000
UnityEngine.DebugLogHandler:Internal_Log(LogType, LogOption, String, Object)
UnityEngine.DebugLogHandler:LogFormat(LogType, Object, String, Object[])
UnityEngine.Logger:Log(LogType, Object)
UnityEngine.Debug:Log(Object)
HighPrecisionStepperJuggler.SerialInterface:ProcessReceiveBuffer()
HighPrecisionStepperJuggler.SerialInterface:Update()
 
(Filename: C:\build\output\unity\unity\Runtime/Export/Debug/Debug.bindings.h Line: 35)

[SerialInterface] Received: Parsed tokens (count=6): 11.00000 |0.65624 |0.65624 |0.63975 |0.67288 |0.10000
UnityEngine.DebugLogHandler:Internal_Log(LogType, LogOption, String, Object)
UnityEngine.DebugLogHandler:LogFormat(LogType, Object, String, Object[])
UnityEngine.Logger:Log(LogType, Object)
UnityEngine.Debug:Log(Object)
HighPrecisionStepperJuggler.SerialInterface:ProcessReceiveBuffer()
HighPrecisionStepperJuggler.SerialInterface:Update()
 
(Filename: C:\build\output\unity\unity\Runtime/Export/Debug/Debug.bindings.h Line: 35)

[SerialInterface] Received: Num of move batches: 1
UnityEngine.DebugLogHandler:Internal_Log(LogType, LogOption, String, Object)
UnityEngine.DebugLogHandler:LogFormat(LogType, Object, String, Object[])
UnityEngine.Logger:Log(LogType, Object)
UnityEngine.Debug:Log(Object)
HighPrecisionStepperJuggler.SerialInterface:ProcessReceiveBuffer()
HighPrecisionStepperJuggler.SerialInterface:Update()
 
(Filename: C:\build\output\unity\unity\Runtime/Export/Debug/Debug.bindings.h Line: 35)

[SerialInterface] Received: Batch 0 marker value: 11.00000
UnityEngine.DebugLogHandler:Internal_Log(LogType, LogOption, String, Object)
UnityEngine.DebugLogHandler:LogFormat(LogType, Object, String, Object[])
UnityEngine.Logger:Log(LogType, Object)
UnityEngine.Debug:Log(Object)
HighPrecisionStepperJuggler.SerialInterface:ProcessReceiveBuffer()
HighPrecisionStepperJuggler.SerialInterface:Update()
 
(Filename: C:\build\output\unity\unity\Runtime/Export/Debug/Debug.bindings.h Line: 35)

[SerialInterface] Received: Marker matches expected value.
UnityEngine.DebugLogHandler:Internal_Log(LogType, LogOption, String, Object)
UnityEngine.DebugLogHandler:LogFormat(LogType, Object, String, Object[])
UnityEngine.Logger:Log(LogType, Object)
UnityEngine.Debug:Log(Object)
HighPrecisionStepperJuggler.SerialInterface:ProcessReceiveBuffer()
HighPrecisionStepperJuggler.SerialInterface:Update()
 
(Filename: C:\build\output\unity\unity\Runtime/Export/Debug/Debug.bindings.h Line: 35)

[SerialInterface] Received: Motor0 pulses: 1731
UnityEngine.DebugLogHandler:Internal_Log(LogType, LogOption, String, Object)
UnityEngine.DebugLogHandler:LogFormat(LogType, Object, String, Object[])
UnityEngine.Logger:Log(LogType, Object)
UnityEngine.Debug:Log(Object)
HighPrecisionStepperJuggler.SerialInterface:ProcessReceiveBuffer()
HighPrecisionStepperJuggler.SerialInterface:Update()
 
(Filename: C:\build\output\unity\unity\Runtime/Export/Debug/Debug.bindings.h Line: 35)

[SerialInterface] Received: Motor1 pulses: 1731
UnityEngine.DebugLogHandler:Internal_Log(LogType, LogOption, String, Object)
UnityEngine.DebugLogHandler:LogFormat(LogType, Object, String, Object[])
UnityEngine.Logger:Log(LogType, Object)
UnityEngine.Debug:Log(Object)
HighPrecisionStepperJuggler.SerialInterface:ProcessReceiveBuffer()
HighPrecisionStepperJuggler.SerialInterface:Update()
 
(Filename: C:\build\output\unity\unity\Runtime/Export/Debug/Debug.bindings.h Line: 35)

[SerialInterface] Received: Motor2 pulses: 1687
UnityEngine.DebugLogHandler:Internal_Log(LogType, LogOption, String, Object)
UnityEngine.DebugLogHandler:LogFormat(LogType, Object, String, Object[])
UnityEngine.Logger:Log(LogType, Object)
UnityEngine.Debug:Log(Object)
HighPrecisionStepperJuggler.SerialInterface:ProcessReceiveBuffer()
HighPrecisionStepperJuggler.SerialInterface:Update()
 
(Filename: C:\build\output\unity\unity\Runtime/Export/Debug/Debug.bindings.h Line: 35)

[SerialInterface] Received: Motor3 pulses: 1775
UnityEngine.DebugLogHandler:Internal_Log(LogType, LogOption, String, Object)
UnityEngine.DebugLogHandler:LogFormat(LogType, Object, String, Object[])
UnityEngine.Logger:Log(LogType, Object)
UnityEngine.Debug:Log(Object)
HighPrecisionStepperJuggler.SerialInterface:ProcessReceiveBuffer()
HighPrecisionStepperJuggler.SerialInterface:Update()
 
(Filename: C:\build\output\unity\unity\Runtime/Export/Debug/Debug.bindings.h Line: 35)

[SerialInterface] Received: Move duration: 0.10000
UnityEngine.DebugLogHandler:Internal_Log(LogType, LogOption, String, Object)
UnityEngine.DebugLogHandler:LogFormat(LogType, Object, String, Object[])
UnityEngine.Logger:Log(LogType, Object)
UnityEngine.Debug:Log(Object)
HighPrecisionStepperJuggler.SerialInterface:ProcessReceiveBuffer()
HighPrecisionStepperJuggler.SerialInterface:Update()
 
(Filename: C:\build\output\unity\unity\Runtime/Export/Debug/Debug.bindings.h Line: 35)

Ball r, x, y :59.04, 147, -90
UnityEngine.DebugLogHandler:Internal_Log(LogType, LogOption, String, Object)
UnityEngine.DebugLogHandler:LogFormat(LogType, Object, String, Object[])
UnityEngine.Logger:Log(LogType, Object)
UnityEngine.Debug:Log(Object)
HighPrecisionStepperJuggler.ImageProcessingInstructionSender:Update()
 
(Filename: C:\build\output\unity\unity\Runtime/Export/Debug/Debug.bindings.h Line: 35)

Ball r, x, y :54.4, 146, -30
UnityEngine.DebugLogHandler:Internal_Log(LogType, LogOption, String, Object)
UnityEngine.DebugLogHandler:LogFormat(LogType, Object, String, Object[])
UnityEngine.Logger:Log(LogType, Object)
UnityEngine.Debug:Log(Object)
HighPrecisionStepperJuggler.ImageProcessingInstructionSender:Update()
 
(Filename: C:\build\output\unity\unity\Runtime/Export/Debug/Debug.bindings.h Line: 35)

[SerialInterface] Sending: 11.00000:0.50779:0.62488:0.56571:0.56571:0.10000

UnityEngine.DebugLogHandler:Internal_Log(LogType, LogOption, String, Object)
UnityEngine.DebugLogHandler:LogFormat(LogType, Object, String, Object[])
UnityEngine.Logger:Log(LogType, Object)
UnityEngine.Debug:Log(Object)
HighPrecisionStepperJuggler.SerialInterface:Send(String)
HighPrecisionStepperJuggler.RealMachine:SendInstructions(List`1)
HighPrecisionStepperJuggler.InstructableMachine:Instruct(List`1)
HighPrecisionStepperJuggler.MachineController:SendInstructions(List`1)
HighPrecisionStepperJuggler.BallControlling:MoveToHeightWithAlternatingXYTiltCorrection(MachineController, ITiltController, BallData, Single, Single, Int32, Nullable`1)
HighPrecisionStepperJuggler.<>c__DisplayClass4_0:<TwoStepBouncing>b__0(BallData, MachineController, Int32)
HighPrecisionStepperJuggler.BallControlStrategy:Execute(BallData, MachineController)
HighPrecisionStepperJuggler.ImageProcessingInstructionSender:Update()
 
(Filename: C:\build\output\unity\unity\Runtime/Export/Debug/Debug.bindings.h Line: 35)

[SerialInterface] Received: RECEIVED MSG: 11.00000:0.50779:0.62488:0.56571:0.56571:0.10000
UnityEngine.DebugLogHandler:Internal_Log(LogType, LogOption, String, Object)
UnityEngine.DebugLogHandler:LogFormat(LogType, Object, String, Object[])
UnityEngine.Logger:Log(LogType, Object)
UnityEngine.Debug:Log(Object)
HighPrecisionStepperJuggler.SerialInterface:ProcessReceiveBuffer()
HighPrecisionStepperJuggler.SerialInterface:Update()
 
(Filename: C:\build\output\unity\unity\Runtime/Export/Debug/Debug.bindings.h Line: 35)

[SerialInterface] Received: Parsed tokens (count=6): 11.00000 |0.50779 |0.62488 |0.56571 |0.56571 |0.10000
UnityEngine.DebugLogHandler:Internal_Log(LogType, LogOption, String, Object)
UnityEngine.DebugLogHandler:LogFormat(LogType, Object, String, Object[])
UnityEngine.Logger:Log(LogType, Object)
UnityEngine.Debug:Log(Object)
HighPrecisionStepperJuggler.SerialInterface:ProcessReceiveBuffer()
HighPrecisionStepperJuggler.SerialInterface:Update()
 
(Filename: C:\build\output\unity\unity\Runtime/Export/Debug/Debug.bindings.h Line: 35)

[SerialInterface] Received: Num of move batches: 1
UnityEngine.DebugLogHandler:Internal_Log(LogType, LogOption, String, Object)
UnityEngine.DebugLogHandler:LogFormat(LogType, Object, String, Object[])
UnityEngine.Logger:Log(LogType, Object)
UnityEngine.Debug:Log(Object)
HighPrecisionStepperJuggler.SerialInterface:ProcessReceiveBuffer()
HighPrecisionStepperJuggler.SerialInterface:Update()
 
(Filename: C:\build\output\unity\unity\Runtime/Export/Debug/Debug.bindings.h Line: 35)

[SerialInterface] Received: Batch 0 marker value: 11.00000
UnityEngine.DebugLogHandler:Internal_Log(LogType, LogOption, String, Object)
UnityEngine.DebugLogHandler:LogFormat(LogType, Object, String, Object[])
UnityEngine.Logger:Log(LogType, Object)
UnityEngine.Debug:Log(Object)
HighPrecisionStepperJuggler.SerialInterface:ProcessReceiveBuffer()
HighPrecisionStepperJuggler.SerialInterface:Update()
 
(Filename: C:\build\output\unity\unity\Runtime/Export/Debug/Debug.bindings.h Line: 35)

[SerialInterface] Received: Marker matches expected value.
UnityEngine.DebugLogHandler:Internal_Log(LogType, LogOption, String, Object)
UnityEngine.DebugLogHandler:LogFormat(LogType, Object, String, Object[])
UnityEngine.Logger:Log(LogType, Object)
UnityEngine.Debug:Log(Object)
HighPrecisionStepperJuggler.SerialInterface:ProcessReceiveBuffer()
HighPrecisionStepperJuggler.SerialInterface:Update()
 
(Filename: C:\build\output\unity\unity\Runtime/Export/Debug/Debug.bindings.h Line: 35)

[SerialInterface] Received: Motor0 pulses: 1339
UnityEngine.DebugLogHandler:Internal_Log(LogType, LogOption, String, Object)
UnityEngine.DebugLogHandler:LogFormat(LogType, Object, String, Object[])
UnityEngine.Logger:Log(LogType, Object)
UnityEngine.Debug:Log(Object)
HighPrecisionStepperJuggler.SerialInterface:ProcessReceiveBuffer()
HighPrecisionStepperJuggler.SerialInterface:Update()
 
(Filename: C:\build\output\unity\unity\Runtime/Export/Debug/Debug.bindings.h Line: 35)

[SerialInterface] Received: Motor1 pulses: 1648
UnityEngine.DebugLogHandler:Internal_Log(LogType, LogOption, String, Object)
UnityEngine.DebugLogHandler:LogFormat(LogType, Object, String, Object[])
UnityEngine.Logger:Log(LogType, Object)
UnityEngine.Debug:Log(Object)
HighPrecisionStepperJuggler.SerialInterface:ProcessReceiveBuffer()
HighPrecisionStepperJuggler.SerialInterface:Update()
 
(Filename: C:\build\output\unity\unity\Runtime/Export/Debug/Debug.bindings.h Line: 35)

[SerialInterface] Received: Motor2 pulses: 1492
UnityEngine.DebugLogHandler:Internal_Log(LogType, LogOption, String, Object)
UnityEngine.DebugLogHandler:LogFormat(LogType, Object, String, Object[])
UnityEngine.Logger:Log(LogType, Object)
UnityEngine.Debug:Log(Object)
HighPrecisionStepperJuggler.SerialInterface:ProcessReceiveBuffer()
HighPrecisionStepperJuggler.SerialInterface:Update()
 
(Filename: C:\build\output\unity\unity\Runtime/Export/Debug/Debug.bindings.h Line: 35)

[SerialInterface] Received: Motor3 pulses: 1492
UnityEngine.DebugLogHandler:Internal_Log(LogType, LogOption, String, Object)
UnityEngine.DebugLogHandler:LogFormat(LogType, Object, String, Object[])
UnityEngine.Logger:Log(LogType, Object)
UnityEngine.Debug:Log(Object)
HighPrecisionStepperJuggler.SerialInterface:ProcessReceiveBuffer()
HighPrecisionStepperJuggler.SerialInterface:Update()
 
(Filename: C:\build\output\unity\unity\Runtime/Export/Debug/Debug.bindings.h Line: 35)

[SerialInterface] Received: Move duration: 0.10000
UnityEngine.DebugLogHandler:Internal_Log(LogType, LogOption, String, Object)
UnityEngine.DebugLogHandler:LogFormat(LogType, Object, String, Object[])
UnityEngine.Logger:Log(LogType, Object)
UnityEngine.Debug:Log(Object)
HighPrecisionStepperJuggler.SerialInterface:ProcessReceiveBuffer()
HighPrecisionStepperJuggler.SerialInterface:Update()
 
(Filename: C:\build\output\unity\unity\Runtime/Export/Debug/Debug.bindings.h Line: 35)

Ball r, x, y :54.4, 145, -30
UnityEngine.DebugLogHandler:Internal_Log(LogType, LogOption, String, Object)
UnityEngine.DebugLogHandler:LogFormat(LogType, Object, String, Object[])
UnityEngine.Logger:Log(LogType, Object)
UnityEngine.Debug:Log(Object)
HighPrecisionStepperJuggler.ImageProcessingInstructionSender:Update()
 
(Filename: C:\build\output\unity\unity\Runtime/Export/Debug/Debug.bindings.h Line: 35)

Ball r, x, y :58.58, 146, -90
UnityEngine.DebugLogHandler:Internal_Log(LogType, LogOption, String, Object)
UnityEngine.DebugLogHandler:LogFormat(LogType, Object, String, Object[])
UnityEngine.Logger:Log(LogType, Object)
UnityEngine.Debug:Log(Object)
HighPrecisionStepperJuggler.ImageProcessingInstructionSender:Update()
 
(Filename: C:\build\output\unity\unity\Runtime/Export/Debug/Debug.bindings.h Line: 35)

[SerialInterface] Sending: 11.00000:0.65624:0.65624:0.62470:0.68833:0.10000

UnityEngine.DebugLogHandler:Internal_Log(LogType, LogOption, String, Object)
UnityEngine.DebugLogHandler:LogFormat(LogType, Object, String, Object[])
UnityEngine.Logger:Log(LogType, Object)
UnityEngine.Debug:Log(Object)
HighPrecisionStepperJuggler.SerialInterface:Send(String)
HighPrecisionStepperJuggler.RealMachine:SendInstructions(List`1)
HighPrecisionStepperJuggler.InstructableMachine:Instruct(List`1)
HighPrecisionStepperJuggler.MachineController:SendInstructions(List`1)
HighPrecisionStepperJuggler.BallControlling:MoveToHeightWithAlternatingXYTiltCorrection(MachineController, ITiltController, BallData, Single, Single, Int32, Nullable`1)
HighPrecisionStepperJuggler.<>c__DisplayClass4_0:<TwoStepBouncing>b__0(BallData, MachineController, Int32)
HighPrecisionStepperJuggler.BallControlStrategy:Execute(BallData, MachineController)
HighPrecisionStepperJuggler.ImageProcessingInstructionSender:Update()
 
(Filename: C:\build\output\unity\unity\Runtime/Export/Debug/Debug.bindings.h Line: 35)

[SerialInterface] Received: RECEIVED MSG: 11.00000:0.65624:0.65624:0.62470:0.68833:0.10000
UnityEngine.DebugLogHandler:Internal_Log(LogType, LogOption, String, Object)
UnityEngine.DebugLogHandler:LogFormat(LogType, Object, String, Object[])
UnityEngine.Logger:Log(LogType, Object)
UnityEngine.Debug:Log(Object)
HighPrecisionStepperJuggler.SerialInterface:ProcessReceiveBuffer()
HighPrecisionStepperJuggler.SerialInterface:Update()
 
(Filename: C:\build\output\unity\unity\Runtime/Export/Debug/Debug.bindings.h Line: 35)

[SerialInterface] Received: Parsed tokens (count=6): 11.00000 |0.65624 |0.65624 |0.62470 |0.68833 |0.10000
UnityEngine.DebugLogHandler:Internal_Log(LogType, LogOption, String, Object)
UnityEngine.DebugLogHandler:LogFormat(LogType, Object, String, Object[])
UnityEngine.Logger:Log(LogType, Object)
UnityEngine.Debug:Log(Object)
HighPrecisionStepperJuggler.SerialInterface:ProcessReceiveBuffer()
HighPrecisionStepperJuggler.SerialInterface:Update()
 
(Filename: C:\build\output\unity\unity\Runtime/Export/Debug/Debug.bindings.h Line: 35)

[SerialInterface] Received: Num of move batches: 1
UnityEngine.DebugLogHandler:Internal_Log(LogType, LogOption, String, Object)
UnityEngine.DebugLogHandler:LogFormat(LogType, Object, String, Object[])
UnityEngine.Logger:Log(LogType, Object)
UnityEngine.Debug:Log(Object)
HighPrecisionStepperJuggler.SerialInterface:ProcessReceiveBuffer()
HighPrecisionStepperJuggler.SerialInterface:Update()
 
(Filename: C:\build\output\unity\unity\Runtime/Export/Debug/Debug.bindings.h Line: 35)

[SerialInterface] Received: Batch 0 marker value: 11.00000
UnityEngine.DebugLogHandler:Internal_Log(LogType, LogOption, String, Object)
UnityEngine.DebugLogHandler:LogFormat(LogType, Object, String, Object[])
UnityEngine.Logger:Log(LogType, Object)
UnityEngine.Debug:Log(Object)
HighPrecisionStepperJuggler.SerialInterface:ProcessReceiveBuffer()
HighPrecisionStepperJuggler.SerialInterface:Update()
 
(Filename: C:\build\output\unity\unity\Runtime/Export/Debug/Debug.bindings.h Line: 35)

[SerialInterface] Received: Marker matches expected value.
UnityEngine.DebugLogHandler:Internal_Log(LogType, LogOption, String, Object)
UnityEngine.DebugLogHandler:LogFormat(LogType, Object, String, Object[])
UnityEngine.Logger:Log(LogType, Object)
UnityEngine.Debug:Log(Object)
HighPrecisionStepperJuggler.SerialInterface:ProcessReceiveBuffer()
HighPrecisionStepperJuggler.SerialInterface:Update()
 
(Filename: C:\build\output\unity\unity\Runtime/Export/Debug/Debug.bindings.h Line: 35)

[SerialInterface] Received: Motor0 pulses: 1731
UnityEngine.DebugLogHandler:Internal_Log(LogType, LogOption, String, Object)
UnityEngine.DebugLogHandler:LogFormat(LogType, Object, String, Object[])
UnityEngine.Logger:Log(LogType, Object)
UnityEngine.Debug:Log(Object)
HighPrecisionStepperJuggler.SerialInterface:ProcessReceiveBuffer()
HighPrecisionStepperJuggler.SerialInterface:Update()
 
(Filename: C:\build\output\unity\unity\Runtime/Export/Debug/Debug.bindings.h Line: 35)

[SerialInterface] Received: Motor1 pulses: 1731
UnityEngine.DebugLogHandler:Internal_Log(LogType, LogOption, String, Object)
UnityEngine.DebugLogHandler:LogFormat(LogType, Object, String, Object[])
UnityEngine.Logger:Log(LogType, Object)
UnityEngine.Debug:Log(Object)
HighPrecisionStepperJuggler.SerialInterface:ProcessReceiveBuffer()
HighPrecisionStepperJuggler.SerialInterface:Update()
 
(Filename: C:\build\output\unity\unity\Runtime/Export/Debug/Debug.bindings.h Line: 35)

[SerialInterface] Received: Motor2 pulses: 1648
UnityEngine.DebugLogHandler:Internal_Log(LogType, LogOption, String, Object)
UnityEngine.DebugLogHandler:LogFormat(LogType, Object, String, Object[])
UnityEngine.Logger:Log(LogType, Object)
UnityEngine.Debug:Log(Object)
HighPrecisionStepperJuggler.SerialInterface:ProcessReceiveBuffer()
HighPrecisionStepperJuggler.SerialInterface:Update()
 
(Filename: C:\build\output\unity\unity\Runtime/Export/Debug/Debug.bindings.h Line: 35)

[SerialInterface] Received: Motor3 pulses: 1815
UnityEngine.DebugLogHandler:Internal_Log(LogType, LogOption, String, Object)
UnityEngine.DebugLogHandler:LogFormat(LogType, Object, String, Object[])
UnityEngine.Logger:Log(LogType, Object)
UnityEngine.Debug:Log(Object)
HighPrecisionStepperJuggler.SerialInterface:ProcessReceiveBuffer()
HighPrecisionStepperJuggler.SerialInterface:Update()
 
(Filename: C:\build\output\unity\unity\Runtime/Export/Debug/Debug.bindings.h Line: 35)

[SerialInterface] Received: Move duration: 0.10000
UnityEngine.DebugLogHandler:Internal_Log(LogType, LogOption, String, Object)
UnityEngine.DebugLogHandler:LogFormat(LogType, Object, String, Object[])
UnityEngine.Logger:Log(LogType, Object)
UnityEngine.Debug:Log(Object)
HighPrecisionStepperJuggler.SerialInterface:ProcessReceiveBuffer()
HighPrecisionStepperJuggler.SerialInterface:Update()
 
(Filename: C:\build\output\unity\unity\Runtime/Export/Debug/Debug.bindings.h Line: 35)

Ball r, x, y :60, 146, -90
UnityEngine.DebugLogHandler:Internal_Log(LogType, LogOption, String, Object)
UnityEngine.DebugLogHandler:LogFormat(LogType, Object, String, Object[])
UnityEngine.Logger:Log(LogType, Object)
UnityEngine.Debug:Log(Object)
HighPrecisionStepperJuggler.ImageProcessingInstructionSender:Update()
 
(Filename: C:\build\output\unity\unity\Runtime/Export/Debug/Debug.bindings.h Line: 35)

Ball r, x, y :64.84, 147, -60
UnityEngine.DebugLogHandler:Internal_Log(LogType, LogOption, String, Object)
UnityEngine.DebugLogHandler:LogFormat(LogType, Object, String, Object[])
UnityEngine.Logger:Log(LogType, Object)
UnityEngine.Debug:Log(Object)
HighPrecisionStepperJuggler.ImageProcessingInstructionSender:Update()
 
(Filename: C:\build\output\unity\unity\Runtime/Export/Debug/Debug.bindings.h Line: 35)

Ball r, x, y :65.62, 147, -60
UnityEngine.DebugLogHandler:Internal_Log(LogType, LogOption, String, Object)
UnityEngine.DebugLogHandler:LogFormat(LogType, Object, String, Object[])
UnityEngine.Logger:Log(LogType, Object)
UnityEngine.Debug:Log(Object)
HighPrecisionStepperJuggler.ImageProcessingInstructionSender:Update()
 
(Filename: C:\build\output\unity\unity\Runtime/Export/Debug/Debug.bindings.h Line: 35)

Ball r, x, y :51.62, 119, -30
UnityEngine.DebugLogHandler:Internal_Log(LogType, LogOption, String, Object)
UnityEngine.DebugLogHandler:LogFormat(LogType, Object, String, Object[])
UnityEngine.Logger:Log(LogType, Object)
UnityEngine.Debug:Log(Object)
HighPrecisionStepperJuggler.ImageProcessingInstructionSender:Update()
 
(Filename: C:\build\output\unity\unity\Runtime/Export/Debug/Debug.bindings.h Line: 35)

[SerialInterface] Sending: 11.00000:0.54988:0.58164:0.56571:0.56571:0.10000

UnityEngine.DebugLogHandler:Internal_Log(LogType, LogOption, String, Object)
UnityEngine.DebugLogHandler:LogFormat(LogType, Object, String, Object[])
UnityEngine.Logger:Log(LogType, Object)
UnityEngine.Debug:Log(Object)
HighPrecisionStepperJuggler.SerialInterface:Send(String)
HighPrecisionStepperJuggler.RealMachine:SendInstructions(List`1)
HighPrecisionStepperJuggler.InstructableMachine:Instruct(List`1)
HighPrecisionStepperJuggler.MachineController:SendInstructions(List`1)
HighPrecisionStepperJuggler.BallControlling:MoveToHeightWithAlternatingXYTiltCorrection(MachineController, ITiltController, BallData, Single, Single, Int32, Nullable`1)
HighPrecisionStepperJuggler.<>c__DisplayClass4_0:<TwoStepBouncing>b__0(BallData, MachineController, Int32)
HighPrecisionStepperJuggler.BallControlStrategy:Execute(BallData, MachineController)
HighPrecisionStepperJuggler.ImageProcessingInstructionSender:Update()
 
(Filename: C:\build\output\unity\unity\Runtime/Export/Debug/Debug.bindings.h Line: 35)

[SerialInterface] Received: RECEIVED MSG: 11.00000:0.54988:0.58164:0.56571:0.56571:0.10000
UnityEngine.DebugLogHandler:Internal_Log(LogType, LogOption, String, Object)
UnityEngine.DebugLogHandler:LogFormat(LogType, Object, String, Object[])
UnityEngine.Logger:Log(LogType, Object)
UnityEngine.Debug:Log(Object)
HighPrecisionStepperJuggler.SerialInterface:ProcessReceiveBuffer()
HighPrecisionStepperJuggler.SerialInterface:Update()
 
(Filename: C:\build\output\unity\unity\Runtime/Export/Debug/Debug.bindings.h Line: 35)

[SerialInterface] Received: Parsed tokens (count=6): 11.00000 |0.54988 |0.58164 |0.56571 |0.56571 |0.10000
UnityEngine.DebugLogHandler:Internal_Log(LogType, LogOption, String, Object)
UnityEngine.DebugLogHandler:LogFormat(LogType, Object, String, Object[])
UnityEngine.Logger:Log(LogType, Object)
UnityEngine.Debug:Log(Object)
HighPrecisionStepperJuggler.SerialInterface:ProcessReceiveBuffer()
HighPrecisionStepperJuggler.SerialInterface:Update()
 
(Filename: C:\build\output\unity\unity\Runtime/Export/Debug/Debug.bindings.h Line: 35)

[SerialInterface] Received: Num of move batches: 1
UnityEngine.DebugLogHandler:Internal_Log(LogType, LogOption, String, Object)
UnityEngine.DebugLogHandler:LogFormat(LogType, Object, String, Object[])
UnityEngine.Logger:Log(LogType, Object)
UnityEngine.Debug:Log(Object)
HighPrecisionStepperJuggler.SerialInterface:ProcessReceiveBuffer()
HighPrecisionStepperJuggler.SerialInterface:Update()
 
(Filename: C:\build\output\unity\unity\Runtime/Export/Debug/Debug.bindings.h Line: 35)

[SerialInterface] Received: Batch 0 marker value: 11.00000
UnityEngine.DebugLogHandler:Internal_Log(LogType, LogOption, String, Object)
UnityEngine.DebugLogHandler:LogFormat(LogType, Object, String, Object[])
UnityEngine.Logger:Log(LogType, Object)
UnityEngine.Debug:Log(Object)
HighPrecisionStepperJuggler.SerialInterface:ProcessReceiveBuffer()
HighPrecisionStepperJuggler.SerialInterface:Update()
 
(Filename: C:\build\output\unity\unity\Runtime/Export/Debug/Debug.bindings.h Line: 35)

[SerialInterface] Received: Marker matches expected value.
UnityEngine.DebugLogHandler:Internal_Log(LogType, LogOption, String, Object)
UnityEngine.DebugLogHandler:LogFormat(LogType, Object, String, Object[])
UnityEngine.Logger:Log(LogType, Object)
UnityEngine.Debug:Log(Object)
HighPrecisionStepperJuggler.SerialInterface:ProcessReceiveBuffer()
HighPrecisionStepperJuggler.SerialInterface:Update()
 
(Filename: C:\build\output\unity\unity\Runtime/Export/Debug/Debug.bindings.h Line: 35)

[SerialInterface] Received: Motor0 pulses: 1450
UnityEngine.DebugLogHandler:Internal_Log(LogType, LogOption, String, Object)
UnityEngine.DebugLogHandler:LogFormat(LogType, Object, String, Object[])
UnityEngine.Logger:Log(LogType, Object)
UnityEngine.Debug:Log(Object)
HighPrecisionStepperJuggler.SerialInterface:ProcessReceiveBuffer()
HighPrecisionStepperJuggler.SerialInterface:Update()
 
(Filename: C:\build\output\unity\unity\Runtime/Export/Debug/Debug.bindings.h Line: 35)

[SerialInterface] Received: Motor1 pulses: 1534
UnityEngine.DebugLogHandler:Internal_Log(LogType, LogOption, String, Object)
UnityEngine.DebugLogHandler:LogFormat(LogType, Object, String, Object[])
UnityEngine.Logger:Log(LogType, Object)
UnityEngine.Debug:Log(Object)
HighPrecisionStepperJuggler.SerialInterface:ProcessReceiveBuffer()
HighPrecisionStepperJuggler.SerialInterface:Update()
 
(Filename: C:\build\output\unity\unity\Runtime/Export/Debug/Debug.bindings.h Line: 35)

[SerialInterface] Received: Motor2 pulses: 1492
UnityEngine.DebugLogHandler:Internal_Log(LogType, LogOption, String, Object)
UnityEngine.DebugLogHandler:LogFormat(LogType, Object, String, Object[])
UnityEngine.Logger:Log(LogType, Object)
UnityEngine.Debug:Log(Object)
HighPrecisionStepperJuggler.SerialInterface:ProcessReceiveBuffer()
HighPrecisionStepperJuggler.SerialInterface:Update()
 
(Filename: C:\build\output\unity\unity\Runtime/Export/Debug/Debug.bindings.h Line: 35)

[SerialInterface] Received: Motor3 pulses: 1492
UnityEngine.DebugLogHandler:Internal_Log(LogType, LogOption, String, Object)
UnityEngine.DebugLogHandler:LogFormat(LogType, Object, String, Object[])
UnityEngine.Logger:Log(LogType, Object)
UnityEngine.Debug:Log(Object)
HighPrecisionStepperJuggler.SerialInterface:ProcessReceiveBuffer()
HighPrecisionStepperJuggler.SerialInterface:Update()
 
(Filename: C:\build\output\unity\unity\Runtime/Export/Debug/Debug.bindings.h Line: 35)

[SerialInterface] Received: Move duration: 0.10000
UnityEngine.DebugLogHandler:Internal_Log(LogType, LogOption, String, Object)
UnityEngine.DebugLogHandler:LogFormat(LogType, Object, String, Object[])
UnityEngine.Logger:Log(LogType, Object)
UnityEngine.Debug:Log(Object)
HighPrecisionStepperJuggler.SerialInterface:ProcessReceiveBuffer()
HighPrecisionStepperJuggler.SerialInterface:Update()
 
(Filename: C:\build\output\unity\unity\Runtime/Export/Debug/Debug.bindings.h Line: 35)

Ball r, x, y :44, 85, -30
UnityEngine.DebugLogHandler:Internal_Log(LogType, LogOption, String, Object)
UnityEngine.DebugLogHandler:LogFormat(LogType, Object, String, Object[])
UnityEngine.Logger:Log(LogType, Object)
UnityEngine.Debug:Log(Object)
HighPrecisionStepperJuggler.ImageProcessingInstructionSender:Update()
 
(Filename: C:\build\output\unity\unity\Runtime/Export/Debug/Debug.bindings.h Line: 35)

Ball r, x, y :61.7, 138, -90
UnityEngine.DebugLogHandler:Internal_Log(LogType, LogOption, String, Object)
UnityEngine.DebugLogHandler:LogFormat(LogType, Object, String, Object[])
UnityEngine.Logger:Log(LogType, Object)
UnityEngine.Debug:Log(Object)
HighPrecisionStepperJuggler.ImageProcessingInstructionSender:Update()
 
(Filename: C:\build\output\unity\unity\Runtime/Export/Debug/Debug.bindings.h Line: 35)

[SerialInterface] Sending: 11.00000:0.65624:0.65624:0.64961:0.66289:0.10000

UnityEngine.DebugLogHandler:Internal_Log(LogType, LogOption, String, Object)
UnityEngine.DebugLogHandler:LogFormat(LogType, Object, String, Object[])
UnityEngine.Logger:Log(LogType, Object)
UnityEngine.Debug:Log(Object)
HighPrecisionStepperJuggler.SerialInterface:Send(String)
HighPrecisionStepperJuggler.RealMachine:SendInstructions(List`1)
HighPrecisionStepperJuggler.InstructableMachine:Instruct(List`1)
HighPrecisionStepperJuggler.MachineController:SendInstructions(List`1)
HighPrecisionStepperJuggler.BallControlling:MoveToHeightWithAlternatingXYTiltCorrection(MachineController, ITiltController, BallData, Single, Single, Int32, Nullable`1)
HighPrecisionStepperJuggler.<>c__DisplayClass4_0:<TwoStepBouncing>b__0(BallData, MachineController, Int32)
HighPrecisionStepperJuggler.BallControlStrategy:Execute(BallData, MachineController)
HighPrecisionStepperJuggler.ImageProcessingInstructionSender:Update()
 
(Filename: C:\build\output\unity\unity\Runtime/Export/Debug/Debug.bindings.h Line: 35)

[SerialInterface] Received: RECEIVED MSG: 11.00000:0.65624:0.65624:0.64961:0.66289:0.10000
UnityEngine.DebugLogHandler:Internal_Log(LogType, LogOption, String, Object)
UnityEngine.DebugLogHandler:LogFormat(LogType, Object, String, Object[])
UnityEngine.Logger:Log(LogType, Object)
UnityEngine.Debug:Log(Object)
HighPrecisionStepperJuggler.SerialInterface:ProcessReceiveBuffer()
HighPrecisionStepperJuggler.SerialInterface:Update()
 
(Filename: C:\build\output\unity\unity\Runtime/Export/Debug/Debug.bindings.h Line: 35)

[SerialInterface] Received: Parsed tokens (count=6): 11.00000 |0.65624 |0.65624 |0.64961 |0.66289 |0.10000
UnityEngine.DebugLogHandler:Internal_Log(LogType, LogOption, String, Object)
UnityEngine.DebugLogHandler:LogFormat(LogType, Object, String, Object[])
UnityEngine.Logger:Log(LogType, Object)
UnityEngine.Debug:Log(Object)
HighPrecisionStepperJuggler.SerialInterface:ProcessReceiveBuffer()
HighPrecisionStepperJuggler.SerialInterface:Update()
 
(Filename: C:\build\output\unity\unity\Runtime/Export/Debug/Debug.bindings.h Line: 35)

[SerialInterface] Received: Num of move batches: 1
UnityEngine.DebugLogHandler:Internal_Log(LogType, LogOption, String, Object)
UnityEngine.DebugLogHandler:LogFormat(LogType, Object, String, Object[])
UnityEngine.Logger:Log(LogType, Object)
UnityEngine.Debug:Log(Object)
HighPrecisionStepperJuggler.SerialInterface:ProcessReceiveBuffer()
HighPrecisionStepperJuggler.SerialInterface:Update()
 
(Filename: C:\build\output\unity\unity\Runtime/Export/Debug/Debug.bindings.h Line: 35)

[SerialInterface] Received: Batch 0 marker value: 11.00000
UnityEngine.DebugLogHandler:Internal_Log(LogType, LogOption, String, Object)
UnityEngine.DebugLogHandler:LogFormat(LogType, Object, String, Object[])
UnityEngine.Logger:Log(LogType, Object)
UnityEngine.Debug:Log(Object)
HighPrecisionStepperJuggler.SerialInterface:ProcessReceiveBuffer()
HighPrecisionStepperJuggler.SerialInterface:Update()
 
(Filename: C:\build\output\unity\unity\Runtime/Export/Debug/Debug.bindings.h Line: 35)

[SerialInterface] Received: Marker matches expected value.
UnityEngine.DebugLogHandler:Internal_Log(LogType, LogOption, String, Object)
UnityEngine.DebugLogHandler:LogFormat(LogType, Object, String, Object[])
UnityEngine.Logger:Log(LogType, Object)
UnityEngine.Debug:Log(Object)
HighPrecisionStepperJuggler.SerialInterface:ProcessReceiveBuffer()
HighPrecisionStepperJuggler.SerialInterface:Update()
 
(Filename: C:\build\output\unity\unity\Runtime/Export/Debug/Debug.bindings.h Line: 35)

[SerialInterface] Received: Motor0 pulses: 1731
UnityEngine.DebugLogHandler:Internal_Log(LogType, LogOption, String, Object)
UnityEngine.DebugLogHandler:LogFormat(LogType, Object, String, Object[])
UnityEngine.Logger:Log(LogType, Object)
UnityEngine.Debug:Log(Object)
HighPrecisionStepperJuggler.SerialInterface:ProcessReceiveBuffer()
HighPrecisionStepperJuggler.SerialInterface:Update()
 
(Filename: C:\build\output\unity\unity\Runtime/Export/Debug/Debug.bindings.h Line: 35)

[SerialInterface] Received: Motor1 pulses: 1731
UnityEngine.DebugLogHandler:Internal_Log(LogType, LogOption, String, Object)
UnityEngine.DebugLogHandler:LogFormat(LogType, Object, String, Object[])
UnityEngine.Logger:Log(LogType, Object)
UnityEngine.Debug:Log(Object)
HighPrecisionStepperJuggler.SerialInterface:ProcessReceiveBuffer()
HighPrecisionStepperJuggler.SerialInterface:Update()
 
(Filename: C:\build\output\unity\unity\Runtime/Export/Debug/Debug.bindings.h Line: 35)

[SerialInterface] Received: Motor2 pulses: 1713
UnityEngine.DebugLogHandler:Internal_Log(LogType, LogOption, String, Object)
UnityEngine.DebugLogHandler:LogFormat(LogType, Object, String, Object[])
UnityEngine.Logger:Log(LogType, Object)
UnityEngine.Debug:Log(Object)
HighPrecisionStepperJuggler.SerialInterface:ProcessReceiveBuffer()
HighPrecisionStepperJuggler.SerialInterface:Update()
 
(Filename: C:\build\output\unity\unity\Runtime/Export/Debug/Debug.bindings.h Line: 35)

[SerialInterface] Received: Motor3 pulses: 1748
UnityEngine.DebugLogHandler:Internal_Log(LogType, LogOption, String, Object)
UnityEngine.DebugLogHandler:LogFormat(LogType, Object, String, Object[])
UnityEngine.Logger:Log(LogType, Object)
UnityEngine.Debug:Log(Object)
HighPrecisionStepperJuggler.SerialInterface:ProcessReceiveBuffer()
HighPrecisionStepperJuggler.SerialInterface:Update()
 
(Filename: C:\build\output\unity\unity\Runtime/Export/Debug/Debug.bindings.h Line: 35)

[SerialInterface] Received: Move duration: 0.10000
UnityEngine.DebugLogHandler:Internal_Log(LogType, LogOption, String, Object)
UnityEngine.DebugLogHandler:LogFormat(LogType, Object, String, Object[])
UnityEngine.Logger:Log(LogType, Object)
UnityEngine.Debug:Log(Object)
HighPrecisionStepperJuggler.SerialInterface:ProcessReceiveBuffer()
HighPrecisionStepperJuggler.SerialInterface:Update()
 
(Filename: C:\build\output\unity\unity\Runtime/Export/Debug/Debug.bindings.h Line: 35)

Ball r, x, y :279.5855, 4, -92
UnityEngine.DebugLogHandler:Internal_Log(LogType, LogOption, String, Object)
UnityEngine.DebugLogHandler:LogFormat(LogType, Object, String, Object[])
UnityEngine.Logger:Log(LogType, Object)
UnityEngine.Debug:Log(Object)
HighPrecisionStepperJuggler.ImageProcessingInstructionSender:Update()
 
(Filename: C:\build\output\unity\unity\Runtime/Export/Debug/Debug.bindings.h Line: 35)

Ball r, x, y :45, 80, -30
UnityEngine.DebugLogHandler:Internal_Log(LogType, LogOption, String, Object)
UnityEngine.DebugLogHandler:LogFormat(LogType, Object, String, Object[])
UnityEngine.Logger:Log(LogType, Object)
UnityEngine.Debug:Log(Object)
HighPrecisionStepperJuggler.ImageProcessingInstructionSender:Update()
 
(Filename: C:\build\output\unity\unity\Runtime/Export/Debug/Debug.bindings.h Line: 35)

[SerialInterface] Sending: 11.00000:0.56410:0.56733:0.56571:0.56571:0.10000

UnityEngine.DebugLogHandler:Internal_Log(LogType, LogOption, String, Object)
UnityEngine.DebugLogHandler:LogFormat(LogType, Object, String, Object[])
UnityEngine.Logger:Log(LogType, Object)
UnityEngine.Debug:Log(Object)
HighPrecisionStepperJuggler.SerialInterface:Send(String)
HighPrecisionStepperJuggler.RealMachine:SendInstructions(List`1)
HighPrecisionStepperJuggler.InstructableMachine:Instruct(List`1)
HighPrecisionStepperJuggler.MachineController:SendInstructions(List`1)
HighPrecisionStepperJuggler.BallControlling:MoveToHeightWithAlternatingXYTiltCorrection(MachineController, ITiltController, BallData, Single, Single, Int32, Nullable`1)
HighPrecisionStepperJuggler.<>c__DisplayClass4_0:<TwoStepBouncing>b__0(BallData, MachineController, Int32)
HighPrecisionStepperJuggler.BallControlStrategy:Execute(BallData, MachineController)
HighPrecisionStepperJuggler.ImageProcessingInstructionSender:Update()
 
(Filename: C:\build\output\unity\unity\Runtime/Export/Debug/Debug.bindings.h Line: 35)

[SerialInterface] Received: RECEIVED MSG: 11.00000:0.56410:0.56733:0.56571:0.56571:0.10000
UnityEngine.DebugLogHandler:Internal_Log(LogType, LogOption, String, Object)
UnityEngine.DebugLogHandler:LogFormat(LogType, Object, String, Object[])
UnityEngine.Logger:Log(LogType, Object)
UnityEngine.Debug:Log(Object)
HighPrecisionStepperJuggler.SerialInterface:ProcessReceiveBuffer()
HighPrecisionStepperJuggler.SerialInterface:Update()
 
(Filename: C:\build\output\unity\unity\Runtime/Export/Debug/Debug.bindings.h Line: 35)

[SerialInterface] Received: Parsed tokens (count=6): 11.00000 |0.56410 |0.56733 |0.56571 |0.56571 |0.10000
UnityEngine.DebugLogHandler:Internal_Log(LogType, LogOption, String, Object)
UnityEngine.DebugLogHandler:LogFormat(LogType, Object, String, Object[])
UnityEngine.Logger:Log(LogType, Object)
UnityEngine.Debug:Log(Object)
HighPrecisionStepperJuggler.SerialInterface:ProcessReceiveBuffer()
HighPrecisionStepperJuggler.SerialInterface:Update()
 
(Filename: C:\build\output\unity\unity\Runtime/Export/Debug/Debug.bindings.h Line: 35)

[SerialInterface] Received: Num of move batches: 1
UnityEngine.DebugLogHandler:Internal_Log(LogType, LogOption, String, Object)
UnityEngine.DebugLogHandler:LogFormat(LogType, Object, String, Object[])
UnityEngine.Logger:Log(LogType, Object)
UnityEngine.Debug:Log(Object)
HighPrecisionStepperJuggler.SerialInterface:ProcessReceiveBuffer()
HighPrecisionStepperJuggler.SerialInterface:Update()
 
(Filename: C:\build\output\unity\unity\Runtime/Export/Debug/Debug.bindings.h Line: 35)

[SerialInterface] Received: Batch 0 marker value: 11.00000
UnityEngine.DebugLogHandler:Internal_Log(LogType, LogOption, String, Object)
UnityEngine.DebugLogHandler:LogFormat(LogType, Object, String, Object[])
UnityEngine.Logger:Log(LogType, Object)
UnityEngine.Debug:Log(Object)
HighPrecisionStepperJuggler.SerialInterface:ProcessReceiveBuffer()
HighPrecisionStepperJuggler.SerialInterface:Update()
 
(Filename: C:\build\output\unity\unity\Runtime/Export/Debug/Debug.bindings.h Line: 35)

[SerialInterface] Received: Marker matches expected value.
UnityEngine.DebugLogHandler:Internal_Log(LogType, LogOption, String, Object)
UnityEngine.DebugLogHandler:LogFormat(LogType, Object, String, Object[])
UnityEngine.Logger:Log(LogType, Object)
UnityEngine.Debug:Log(Object)
HighPrecisionStepperJuggler.SerialInterface:ProcessReceiveBuffer()
HighPrecisionStepperJuggler.SerialInterface:Update()
 
(Filename: C:\build\output\unity\unity\Runtime/Export/Debug/Debug.bindings.h Line: 35)

[SerialInterface] Received: Motor0 pulses: 1488
UnityEngine.DebugLogHandler:Internal_Log(LogType, LogOption, String, Object)
UnityEngine.DebugLogHandler:LogFormat(LogType, Object, String, Object[])
UnityEngine.Logger:Log(LogType, Object)
UnityEngine.Debug:Log(Object)
HighPrecisionStepperJuggler.SerialInterface:ProcessReceiveBuffer()
HighPrecisionStepperJuggler.SerialInterface:Update()
 
(Filename: C:\build\output\unity\unity\Runtime/Export/Debug/Debug.bindings.h Line: 35)

[SerialInterface] Received: Motor1 pulses: 1496
UnityEngine.DebugLogHandler:Internal_Log(LogType, LogOption, String, Object)
UnityEngine.DebugLogHandler:LogFormat(LogType, Object, String, Object[])
UnityEngine.Logger:Log(LogType, Object)
UnityEngine.Debug:Log(Object)
HighPrecisionStepperJuggler.SerialInterface:ProcessReceiveBuffer()
HighPrecisionStepperJuggler.SerialInterface:Update()
 
(Filename: C:\build\output\unity\unity\Runtime/Export/Debug/Debug.bindings.h Line: 35)

[SerialInterface] Received: Motor2 pulses: 1492
UnityEngine.DebugLogHandler:Internal_Log(LogType, LogOption, String, Object)
UnityEngine.DebugLogHandler:LogFormat(LogType, Object, String, Object[])
UnityEngine.Logger:Log(LogType, Object)
UnityEngine.Debug:Log(Object)
HighPrecisionStepperJuggler.SerialInterface:ProcessReceiveBuffer()
HighPrecisionStepperJuggler.SerialInterface:Update()
 
(Filename: C:\build\output\unity\unity\Runtime/Export/Debug/Debug.bindings.h Line: 35)

[SerialInterface] Received: Motor3 pulses: 1492
UnityEngine.DebugLogHandler:Internal_Log(LogType, LogOption, String, Object)
UnityEngine.DebugLogHandler:LogFormat(LogType, Object, String, Object[])
UnityEngine.Logger:Log(LogType, Object)
UnityEngine.Debug:Log(Object)
HighPrecisionStepperJuggler.SerialInterface:ProcessReceiveBuffer()
HighPrecisionStepperJuggler.SerialInterface:Update()
 
(Filename: C:\build\output\unity\unity\Runtime/Export/Debug/Debug.bindings.h Line: 35)

[SerialInterface] Received: Move duration: 0.10000
UnityEngine.DebugLogHandler:Internal_Log(LogType, LogOption, String, Object)
UnityEngine.DebugLogHandler:LogFormat(LogType, Object, String, Object[])
UnityEngine.Logger:Log(LogType, Object)
UnityEngine.Debug:Log(Object)
HighPrecisionStepperJuggler.SerialInterface:ProcessReceiveBuffer()
HighPrecisionStepperJuggler.SerialInterface:Update()
 
(Filename: C:\build\output\unity\unity\Runtime/Export/Debug/Debug.bindings.h Line: 35)

Ball r, x, y :45.9, 87, -60
UnityEngine.DebugLogHandler:Internal_Log(LogType, LogOption, String, Object)
UnityEngine.DebugLogHandler:LogFormat(LogType, Object, String, Object[])
UnityEngine.Logger:Log(LogType, Object)
UnityEngine.Debug:Log(Object)
HighPrecisionStepperJuggler.ImageProcessingInstructionSender:Update()
 
(Filename: C:\build\output\unity\unity\Runtime/Export/Debug/Debug.bindings.h Line: 35)

Ball r, x, y :65.62, 132, -90
UnityEngine.DebugLogHandler:Internal_Log(LogType, LogOption, String, Object)
UnityEngine.DebugLogHandler:LogFormat(LogType, Object, String, Object[])
UnityEngine.Logger:Log(LogType, Object)
UnityEngine.Debug:Log(Object)
HighPrecisionStepperJuggler.ImageProcessingInstructionSender:Update()
 
(Filename: C:\build\output\unity\unity\Runtime/Export/Debug/Debug.bindings.h Line: 35)

[SerialInterface] Sending: 11.00000:0.65624:0.65624:0.62081:0.69236:0.10000

UnityEngine.DebugLogHandler:Internal_Log(LogType, LogOption, String, Object)
UnityEngine.DebugLogHandler:LogFormat(LogType, Object, String, Object[])
UnityEngine.Logger:Log(LogType, Object)
UnityEngine.Debug:Log(Object)
HighPrecisionStepperJuggler.SerialInterface:Send(String)
HighPrecisionStepperJuggler.RealMachine:SendInstructions(List`1)
HighPrecisionStepperJuggler.InstructableMachine:Instruct(List`1)
HighPrecisionStepperJuggler.MachineController:SendInstructions(List`1)
HighPrecisionStepperJuggler.BallControlling:MoveToHeightWithAlternatingXYTiltCorrection(MachineController, ITiltController, BallData, Single, Single, Int32, Nullable`1)
HighPrecisionStepperJuggler.<>c__DisplayClass4_0:<TwoStepBouncing>b__0(BallData, MachineController, Int32)
HighPrecisionStepperJuggler.BallControlStrategy:Execute(BallData, MachineController)
HighPrecisionStepperJuggler.ImageProcessingInstructionSender:Update()
 
(Filename: C:\build\output\unity\unity\Runtime/Export/Debug/Debug.bindings.h Line: 35)

[SerialInterface] Received: RECEIVED MSG: 11.00000:0.65624:0.65624:0.62081:0.69236:0.10000
UnityEngine.DebugLogHandler:Internal_Log(LogType, LogOption, String, Object)
UnityEngine.DebugLogHandler:LogFormat(LogType, Object, String, Object[])
UnityEngine.Logger:Log(LogType, Object)
UnityEngine.Debug:Log(Object)
HighPrecisionStepperJuggler.SerialInterface:ProcessReceiveBuffer()
HighPrecisionStepperJuggler.SerialInterface:Update()
 
(Filename: C:\build\output\unity\unity\Runtime/Export/Debug/Debug.bindings.h Line: 35)

[SerialInterface] Received: Parsed tokens (count=6): 11.00000 |0.65624 |0.65624 |0.62081 |0.69236 |0.10000
UnityEngine.DebugLogHandler:Internal_Log(LogType, LogOption, String, Object)
UnityEngine.DebugLogHandler:LogFormat(LogType, Object, String, Object[])
UnityEngine.Logger:Log(LogType, Object)
UnityEngine.Debug:Log(Object)
HighPrecisionStepperJuggler.SerialInterface:ProcessReceiveBuffer()
HighPrecisionStepperJuggler.SerialInterface:Update()
 
(Filename: C:\build\output\unity\unity\Runtime/Export/Debug/Debug.bindings.h Line: 35)

[SerialInterface] Received: Num of move batches: 1
UnityEngine.DebugLogHandler:Internal_Log(LogType, LogOption, String, Object)
UnityEngine.DebugLogHandler:LogFormat(LogType, Object, String, Object[])
UnityEngine.Logger:Log(LogType, Object)
UnityEngine.Debug:Log(Object)
HighPrecisionStepperJuggler.SerialInterface:ProcessReceiveBuffer()
HighPrecisionStepperJuggler.SerialInterface:Update()
 
(Filename: C:\build\output\unity\unity\Runtime/Export/Debug/Debug.bindings.h Line: 35)

[SerialInterface] Received: Batch 0 marker value: 11.00000
UnityEngine.DebugLogHandler:Internal_Log(LogType, LogOption, String, Object)
UnityEngine.DebugLogHandler:LogFormat(LogType, Object, String, Object[])
UnityEngine.Logger:Log(LogType, Object)
UnityEngine.Debug:Log(Object)
HighPrecisionStepperJuggler.SerialInterface:ProcessReceiveBuffer()
HighPrecisionStepperJuggler.SerialInterface:Update()
 
(Filename: C:\build\output\unity\unity\Runtime/Export/Debug/Debug.bindings.h Line: 35)

[SerialInterface] Received: Marker matches expected value.
UnityEngine.DebugLogHandler:Internal_Log(LogType, LogOption, String, Object)
UnityEngine.DebugLogHandler:LogFormat(LogType, Object, String, Object[])
UnityEngine.Logger:Log(LogType, Object)
UnityEngine.Debug:Log(Object)
HighPrecisionStepperJuggler.SerialInterface:ProcessReceiveBuffer()
HighPrecisionStepperJuggler.SerialInterface:Update()
 
(Filename: C:\build\output\unity\unity\Runtime/Export/Debug/Debug.bindings.h Line: 35)

[SerialInterface] Received: Motor0 pulses: 1731
UnityEngine.DebugLogHandler:Internal_Log(LogType, LogOption, String, Object)
UnityEngine.DebugLogHandler:LogFormat(LogType, Object, String, Object[])
UnityEngine.Logger:Log(LogType, Object)
UnityEngine.Debug:Log(Object)
HighPrecisionStepperJuggler.SerialInterface:ProcessReceiveBuffer()
HighPrecisionStepperJuggler.SerialInterface:Update()
 
(Filename: C:\build\output\unity\unity\Runtime/Export/Debug/Debug.bindings.h Line: 35)

[SerialInterface] Received: Motor1 pulses: 1731
UnityEngine.DebugLogHandler:Internal_Log(LogType, LogOption, String, Object)
UnityEngine.DebugLogHandler:LogFormat(LogType, Object, String, Object[])
UnityEngine.Logger:Log(LogType, Object)
UnityEngine.Debug:Log(Object)
HighPrecisionStepperJuggler.SerialInterface:ProcessReceiveBuffer()
HighPrecisionStepperJuggler.SerialInterface:Update()
 
(Filename: C:\build\output\unity\unity\Runtime/Export/Debug/Debug.bindings.h Line: 35)

[SerialInterface] Received: Motor2 pulses: 1637
UnityEngine.DebugLogHandler:Internal_Log(LogType, LogOption, String, Object)
UnityEngine.DebugLogHandler:LogFormat(LogType, Object, String, Object[])
UnityEngine.Logger:Log(LogType, Object)
UnityEngine.Debug:Log(Object)
HighPrecisionStepperJuggler.SerialInterface:ProcessReceiveBuffer()
HighPrecisionStepperJuggler.SerialInterface:Update()
 
(Filename: C:\build\output\unity\unity\Runtime/Export/Debug/Debug.bindings.h Line: 35)

[SerialInterface] Received: Motor3 pulses: 1826
UnityEngine.DebugLogHandler:Internal_Log(LogType, LogOption, String, Object)
UnityEngine.DebugLogHandler:LogFormat(LogType, Object, String, Object[])
UnityEngine.Logger:Log(LogType, Object)
UnityEngine.Debug:Log(Object)
HighPrecisionStepperJuggler.SerialInterface:ProcessReceiveBuffer()
HighPrecisionStepperJuggler.SerialInterface:Update()
 
(Filename: C:\build\output\unity\unity\Runtime/Export/Debug/Debug.bindings.h Line: 35)

[SerialInterface] Received: Move duration: 0.10000
UnityEngine.DebugLogHandler:Internal_Log(LogType, LogOption, String, Object)
UnityEngine.DebugLogHandler:LogFormat(LogType, Object, String, Object[])
UnityEngine.Logger:Log(LogType, Object)
UnityEngine.Debug:Log(Object)
HighPrecisionStepperJuggler.SerialInterface:ProcessReceiveBuffer()
HighPrecisionStepperJuggler.SerialInterface:Update()
 
(Filename: C:\build\output\unity\unity\Runtime/Export/Debug/Debug.bindings.h Line: 35)

Ball r, x, y :50.3, 111, -60
UnityEngine.DebugLogHandler:Internal_Log(LogType, LogOption, String, Object)
UnityEngine.DebugLogHandler:LogFormat(LogType, Object, String, Object[])
UnityEngine.Logger:Log(LogType, Object)
UnityEngine.Debug:Log(Object)
HighPrecisionStepperJuggler.ImageProcessingInstructionSender:Update()
 
(Filename: C:\build\output\unity\unity\Runtime/Export/Debug/Debug.bindings.h Line: 35)

Ball r, x, y :50.3, 97, -60
UnityEngine.DebugLogHandler:Internal_Log(LogType, LogOption, String, Object)
UnityEngine.DebugLogHandler:LogFormat(LogType, Object, String, Object[])
UnityEngine.Logger:Log(LogType, Object)
UnityEngine.Debug:Log(Object)
HighPrecisionStepperJuggler.ImageProcessingInstructionSender:Update()
 
(Filename: C:\build\output\unity\unity\Runtime/Export/Debug/Debug.bindings.h Line: 35)

[SerialInterface] Sending: 11.00000:0.48895:0.64469:0.56571:0.56571:0.10000

UnityEngine.DebugLogHandler:Internal_Log(LogType, LogOption, String, Object)
UnityEngine.DebugLogHandler:LogFormat(LogType, Object, String, Object[])
UnityEngine.Logger:Log(LogType, Object)
UnityEngine.Debug:Log(Object)
HighPrecisionStepperJuggler.SerialInterface:Send(String)
HighPrecisionStepperJuggler.RealMachine:SendInstructions(List`1)
HighPrecisionStepperJuggler.InstructableMachine:Instruct(List`1)
HighPrecisionStepperJuggler.MachineController:SendInstructions(List`1)
HighPrecisionStepperJuggler.BallControlling:MoveToHeightWithAlternatingXYTiltCorrection(MachineController, ITiltController, BallData, Single, Single, Int32, Nullable`1)
HighPrecisionStepperJuggler.<>c__DisplayClass4_0:<TwoStepBouncing>b__0(BallData, MachineController, Int32)
HighPrecisionStepperJuggler.BallControlStrategy:Execute(BallData, MachineController)
HighPrecisionStepperJuggler.ImageProcessingInstructionSender:Update()
 
(Filename: C:\build\output\unity\unity\Runtime/Export/Debug/Debug.bindings.h Line: 35)

[SerialInterface] Received: RECEIVED MSG: 11.00000:0.48895:0.64469:0.56571:0.56571:0.10000
UnityEngine.DebugLogHandler:Internal_Log(LogType, LogOption, String, Object)
UnityEngine.DebugLogHandler:LogFormat(LogType, Object, String, Object[])
UnityEngine.Logger:Log(LogType, Object)
UnityEngine.Debug:Log(Object)
HighPrecisionStepperJuggler.SerialInterface:ProcessReceiveBuffer()
HighPrecisionStepperJuggler.SerialInterface:Update()
 
(Filename: C:\build\output\unity\unity\Runtime/Export/Debug/Debug.bindings.h Line: 35)

[SerialInterface] Received: Parsed tokens (count=6): 11.00000 |0.48895 |0.64469 |0.56571 |0.56571 |0.10000
UnityEngine.DebugLogHandler:Internal_Log(LogType, LogOption, String, Object)
UnityEngine.DebugLogHandler:LogFormat(LogType, Object, String, Object[])
UnityEngine.Logger:Log(LogType, Object)
UnityEngine.Debug:Log(Object)
HighPrecisionStepperJuggler.SerialInterface:ProcessReceiveBuffer()
HighPrecisionStepperJuggler.SerialInterface:Update()
 
(Filename: C:\build\output\unity\unity\Runtime/Export/Debug/Debug.bindings.h Line: 35)

[SerialInterface] Received: Num of move batches: 1
UnityEngine.DebugLogHandler:Internal_Log(LogType, LogOption, String, Object)
UnityEngine.DebugLogHandler:LogFormat(LogType, Object, String, Object[])
UnityEngine.Logger:Log(LogType, Object)
UnityEngine.Debug:Log(Object)
HighPrecisionStepperJuggler.SerialInterface:ProcessReceiveBuffer()
HighPrecisionStepperJuggler.SerialInterface:Update()
 
(Filename: C:\build\output\unity\unity\Runtime/Export/Debug/Debug.bindings.h Line: 35)

[SerialInterface] Received: Batch 0 marker value: 11.00000
UnityEngine.DebugLogHandler:Internal_Log(LogType, LogOption, String, Object)
UnityEngine.DebugLogHandler:LogFormat(LogType, Object, String, Object[])
UnityEngine.Logger:Log(LogType, Object)
UnityEngine.Debug:Log(Object)
HighPrecisionStepperJuggler.SerialInterface:ProcessReceiveBuffer()
HighPrecisionStepperJuggler.SerialInterface:Update()
 
(Filename: C:\build\output\unity\unity\Runtime/Export/Debug/Debug.bindings.h Line: 35)

[SerialInterface] Received: Marker matches expected value.
UnityEngine.DebugLogHandler:Internal_Log(LogType, LogOption, String, Object)
UnityEngine.DebugLogHandler:LogFormat(LogType, Object, String, Object[])
UnityEngine.Logger:Log(LogType, Object)
UnityEngine.Debug:Log(Object)
HighPrecisionStepperJuggler.SerialInterface:ProcessReceiveBuffer()
HighPrecisionStepperJuggler.SerialInterface:Update()
 
(Filename: C:\build\output\unity\unity\Runtime/Export/Debug/Debug.bindings.h Line: 35)

[SerialInterface] Received: Motor0 pulses: 1289
UnityEngine.DebugLogHandler:Internal_Log(LogType, LogOption, String, Object)
UnityEngine.DebugLogHandler:LogFormat(LogType, Object, String, Object[])
UnityEngine.Logger:Log(LogType, Object)
UnityEngine.Debug:Log(Object)
HighPrecisionStepperJuggler.SerialInterface:ProcessReceiveBuffer()
HighPrecisionStepperJuggler.SerialInterface:Update()
 
(Filename: C:\build\output\unity\unity\Runtime/Export/Debug/Debug.bindings.h Line: 35)

[SerialInterface] Received: Motor1 pulses: 1700
UnityEngine.DebugLogHandler:Internal_Log(LogType, LogOption, String, Object)
UnityEngine.DebugLogHandler:LogFormat(LogType, Object, String, Object[])
UnityEngine.Logger:Log(LogType, Object)
UnityEngine.Debug:Log(Object)
HighPrecisionStepperJuggler.SerialInterface:ProcessReceiveBuffer()
HighPrecisionStepperJuggler.SerialInterface:Update()
 
(Filename: C:\build\output\unity\unity\Runtime/Export/Debug/Debug.bindings.h Line: 35)

[SerialInterface] Received: Motor2 pulses: 1492
UnityEngine.DebugLogHandler:Internal_Log(LogType, LogOption, String, Object)
UnityEngine.DebugLogHandler:LogFormat(LogType, Object, String, Object[])
UnityEngine.Logger:Log(LogType, Object)
UnityEngine.Debug:Log(Object)
HighPrecisionStepperJuggler.SerialInterface:ProcessReceiveBuffer()
HighPrecisionStepperJuggler.SerialInterface:Update()
 
(Filename: C:\build\output\unity\unity\Runtime/Export/Debug/Debug.bindings.h Line: 35)

[SerialInterface] Received: Motor3 pulses: 1492
UnityEngine.DebugLogHandler:Internal_Log(LogType, LogOption, String, Object)
UnityEngine.DebugLogHandler:LogFormat(LogType, Object, String, Object[])
UnityEngine.Logger:Log(LogType, Object)
UnityEngine.Debug:Log(Object)
HighPrecisionStepperJuggler.SerialInterface:ProcessReceiveBuffer()
HighPrecisionStepperJuggler.SerialInterface:Update()
 
(Filename: C:\build\output\unity\unity\Runtime/Export/Debug/Debug.bindings.h Line: 35)

[SerialInterface] Received: Move duration: 0.10000
UnityEngine.DebugLogHandler:Internal_Log(LogType, LogOption, String, Object)
UnityEngine.DebugLogHandler:LogFormat(LogType, Object, String, Object[])
UnityEngine.Logger:Log(LogType, Object)
UnityEngine.Debug:Log(Object)
HighPrecisionStepperJuggler.SerialInterface:ProcessReceiveBuffer()
HighPrecisionStepperJuggler.SerialInterface:Update()
 
(Filename: C:\build\output\unity\unity\Runtime/Export/Debug/Debug.bindings.h Line: 35)

Ball r, x, y :49.06, 120, -60
UnityEngine.DebugLogHandler:Internal_Log(LogType, LogOption, String, Object)
UnityEngine.DebugLogHandler:LogFormat(LogType, Object, String, Object[])
UnityEngine.Logger:Log(LogType, Object)
UnityEngine.Debug:Log(Object)
HighPrecisionStepperJuggler.ImageProcessingInstructionSender:Update()
 
(Filename: C:\build\output\unity\unity\Runtime/Export/Debug/Debug.bindings.h Line: 35)

Ball r, x, y :65.34, 128, -60
UnityEngine.DebugLogHandler:Internal_Log(LogType, LogOption, String, Object)
UnityEngine.DebugLogHandler:LogFormat(LogType, Object, String, Object[])
UnityEngine.Logger:Log(LogType, Object)
UnityEngine.Debug:Log(Object)
HighPrecisionStepperJuggler.ImageProcessingInstructionSender:Update()
 
(Filename: C:\build\output\unity\unity\Runtime/Export/Debug/Debug.bindings.h Line: 35)

[SerialInterface] Sending: 11.00000:0.65624:0.65624:0.64045:0.67217:0.10000

UnityEngine.DebugLogHandler:Internal_Log(LogType, LogOption, String, Object)
UnityEngine.DebugLogHandler:LogFormat(LogType, Object, String, Object[])
UnityEngine.Logger:Log(LogType, Object)
UnityEngine.Debug:Log(Object)
HighPrecisionStepperJuggler.SerialInterface:Send(String)
HighPrecisionStepperJuggler.RealMachine:SendInstructions(List`1)
HighPrecisionStepperJuggler.InstructableMachine:Instruct(List`1)
HighPrecisionStepperJuggler.MachineController:SendInstructions(List`1)
HighPrecisionStepperJuggler.BallControlling:MoveToHeightWithAlternatingXYTiltCorrection(MachineController, ITiltController, BallData, Single, Single, Int32, Nullable`1)
HighPrecisionStepperJuggler.<>c__DisplayClass4_0:<TwoStepBouncing>b__0(BallData, MachineController, Int32)
HighPrecisionStepperJuggler.BallControlStrategy:Execute(BallData, MachineController)
HighPrecisionStepperJuggler.ImageProcessingInstructionSender:Update()
 
(Filename: C:\build\output\unity\unity\Runtime/Export/Debug/Debug.bindings.h Line: 35)

[SerialInterface] Received: RECEIVED MSG: 11.00000:0.65624:0.65624:0.64045:0.67217:0.10000
UnityEngine.DebugLogHandler:Internal_Log(LogType, LogOption, String, Object)
UnityEngine.DebugLogHandler:LogFormat(LogType, Object, String, Object[])
UnityEngine.Logger:Log(LogType, Object)
UnityEngine.Debug:Log(Object)
HighPrecisionStepperJuggler.SerialInterface:ProcessReceiveBuffer()
HighPrecisionStepperJuggler.SerialInterface:Update()
 
(Filename: C:\build\output\unity\unity\Runtime/Export/Debug/Debug.bindings.h Line: 35)

[SerialInterface] Received: Parsed tokens (count=6): 11.00000 |0.65624 |0.65624 |0.64045 |0.67217 |0.10000
UnityEngine.DebugLogHandler:Internal_Log(LogType, LogOption, String, Object)
UnityEngine.DebugLogHandler:LogFormat(LogType, Object, String, Object[])
UnityEngine.Logger:Log(LogType, Object)
UnityEngine.Debug:Log(Object)
HighPrecisionStepperJuggler.SerialInterface:ProcessReceiveBuffer()
HighPrecisionStepperJuggler.SerialInterface:Update()
 
(Filename: C:\build\output\unity\unity\Runtime/Export/Debug/Debug.bindings.h Line: 35)

[SerialInterface] Received: Num of move batches: 1
UnityEngine.DebugLogHandler:Internal_Log(LogType, LogOption, String, Object)
UnityEngine.DebugLogHandler:LogFormat(LogType, Object, String, Object[])
UnityEngine.Logger:Log(LogType, Object)
UnityEngine.Debug:Log(Object)
HighPrecisionStepperJuggler.SerialInterface:ProcessReceiveBuffer()
HighPrecisionStepperJuggler.SerialInterface:Update()
 
(Filename: C:\build\output\unity\unity\Runtime/Export/Debug/Debug.bindings.h Line: 35)

[SerialInterface] Received: Batch 0 marker value: 11.00000
UnityEngine.DebugLogHandler:Internal_Log(LogType, LogOption, String, Object)
UnityEngine.DebugLogHandler:LogFormat(LogType, Object, String, Object[])
UnityEngine.Logger:Log(LogType, Object)
UnityEngine.Debug:Log(Object)
HighPrecisionStepperJuggler.SerialInterface:ProcessReceiveBuffer()
HighPrecisionStepperJuggler.SerialInterface:Update()
 
(Filename: C:\build\output\unity\unity\Runtime/Export/Debug/Debug.bindings.h Line: 35)

[SerialInterface] Received: Marker matches expected value.
UnityEngine.DebugLogHandler:Internal_Log(LogType, LogOption, String, Object)
UnityEngine.DebugLogHandler:LogFormat(LogType, Object, String, Object[])
UnityEngine.Logger:Log(LogType, Object)
UnityEngine.Debug:Log(Object)
HighPrecisionStepperJuggler.SerialInterface:ProcessReceiveBuffer()
HighPrecisionStepperJuggler.SerialInterface:Update()
 
(Filename: C:\build\output\unity\unity\Runtime/Export/Debug/Debug.bindings.h Line: 35)

[SerialInterface] Received: Motor0 pulses: 1731
UnityEngine.DebugLogHandler:Internal_Log(LogType, LogOption, String, Object)
UnityEngine.DebugLogHandler:LogFormat(LogType, Object, String, Object[])
UnityEngine.Logger:Log(LogType, Object)
UnityEngine.Debug:Log(Object)
HighPrecisionStepperJuggler.SerialInterface:ProcessReceiveBuffer()
HighPrecisionStepperJuggler.SerialInterface:Update()
 
(Filename: C:\build\output\unity\unity\Runtime/Export/Debug/Debug.bindings.h Line: 35)

[SerialInterface] Received: Motor1 pulses: 1731
UnityEngine.DebugLogHandler:Internal_Log(LogType, LogOption, String, Object)
UnityEngine.DebugLogHandler:LogFormat(LogType, Object, String, Object[])
UnityEngine.Logger:Log(LogType, Object)
UnityEngine.Debug:Log(Object)
HighPrecisionStepperJuggler.SerialInterface:ProcessReceiveBuffer()
HighPrecisionStepperJuggler.SerialInterface:Update()
 
(Filename: C:\build\output\unity\unity\Runtime/Export/Debug/Debug.bindings.h Line: 35)

[SerialInterface] Received: Motor2 pulses: 1689
UnityEngine.DebugLogHandler:Internal_Log(LogType, LogOption, String, Object)
UnityEngine.DebugLogHandler:LogFormat(LogType, Object, String, Object[])
UnityEngine.Logger:Log(LogType, Object)
UnityEngine.Debug:Log(Object)
HighPrecisionStepperJuggler.SerialInterface:ProcessReceiveBuffer()
HighPrecisionStepperJuggler.SerialInterface:Update()
 
(Filename: C:\build\output\unity\unity\Runtime/Export/Debug/Debug.bindings.h Line: 35)

[SerialInterface] Received: Motor3 pulses: 1773
UnityEngine.DebugLogHandler:Internal_Log(LogType, LogOption, String, Object)
UnityEngine.DebugLogHandler:LogFormat(LogType, Object, String, Object[])
UnityEngine.Logger:Log(LogType, Object)
UnityEngine.Debug:Log(Object)
HighPrecisionStepperJuggler.SerialInterface:ProcessReceiveBuffer()
HighPrecisionStepperJuggler.SerialInterface:Update()
 
(Filename: C:\build\output\unity\unity\Runtime/Export/Debug/Debug.bindings.h Line: 35)

[SerialInterface] Received: Move duration: 0.10000
UnityEngine.DebugLogHandler:Internal_Log(LogType, LogOption, String, Object)
UnityEngine.DebugLogHandler:LogFormat(LogType, Object, String, Object[])
UnityEngine.Logger:Log(LogType, Object)
UnityEngine.Debug:Log(Object)
HighPrecisionStepperJuggler.SerialInterface:ProcessReceiveBuffer()
HighPrecisionStepperJuggler.SerialInterface:Update()
 
(Filename: C:\build\output\unity\unity\Runtime/Export/Debug/Debug.bindings.h Line: 35)

Ball r, x, y :48.1, 103, -30
UnityEngine.DebugLogHandler:Internal_Log(LogType, LogOption, String, Object)
UnityEngine.DebugLogHandler:LogFormat(LogType, Object, String, Object[])
UnityEngine.Logger:Log(LogType, Object)
UnityEngine.Debug:Log(Object)
HighPrecisionStepperJuggler.ImageProcessingInstructionSender:Update()
 
(Filename: C:\build\output\unity\unity\Runtime/Export/Debug/Debug.bindings.h Line: 35)

Ball r, x, y :52.04, 110, -60
UnityEngine.DebugLogHandler:Internal_Log(LogType, LogOption, String, Object)
UnityEngine.DebugLogHandler:LogFormat(LogType, Object, String, Object[])
UnityEngine.Logger:Log(LogType, Object)
UnityEngine.Debug:Log(Object)
HighPrecisionStepperJuggler.ImageProcessingInstructionSender:Update()
 
(Filename: C:\build\output\unity\unity\Runtime/Export/Debug/Debug.bindings.h Line: 35)

[SerialInterface] Sending: 11.00000:0.48656:0.64722:0.56571:0.56571:0.10000

UnityEngine.DebugLogHandler:Internal_Log(LogType, LogOption, String, Object)
UnityEngine.DebugLogHandler:LogFormat(LogType, Object, String, Object[])
UnityEngine.Logger:Log(LogType, Object)
UnityEngine.Debug:Log(Object)
HighPrecisionStepperJuggler.SerialInterface:Send(String)
HighPrecisionStepperJuggler.RealMachine:SendInstructions(List`1)
HighPrecisionStepperJuggler.InstructableMachine:Instruct(List`1)
HighPrecisionStepperJuggler.MachineController:SendInstructions(List`1)
HighPrecisionStepperJuggler.BallControlling:MoveToHeightWithAlternatingXYTiltCorrection(MachineController, ITiltController, BallData, Single, Single, Int32, Nullable`1)
HighPrecisionStepperJuggler.<>c__DisplayClass4_0:<TwoStepBouncing>b__0(BallData, MachineController, Int32)
HighPrecisionStepperJuggler.BallControlStrategy:Execute(BallData, MachineController)
HighPrecisionStepperJuggler.ImageProcessingInstructionSender:Update()
 
(Filename: C:\build\output\unity\unity\Runtime/Export/Debug/Debug.bindings.h Line: 35)

[SerialInterface] Received: RECEIVED MSG: 11.00000:0.48656:0.64722:0.56571:0.56571:0.10000
UnityEngine.DebugLogHandler:Internal_Log(LogType, LogOption, String, Object)
UnityEngine.DebugLogHandler:LogFormat(LogType, Object, String, Object[])
UnityEngine.Logger:Log(LogType, Object)
UnityEngine.Debug:Log(Object)
HighPrecisionStepperJuggler.SerialInterface:ProcessReceiveBuffer()
HighPrecisionStepperJuggler.SerialInterface:Update()
 
(Filename: C:\build\output\unity\unity\Runtime/Export/Debug/Debug.bindings.h Line: 35)

[SerialInterface] Received: Parsed tokens (count=6): 11.00000 |0.48656 |0.64722 |0.56571 |0.56571 |0.10000
UnityEngine.DebugLogHandler:Internal_Log(LogType, LogOption, String, Object)
UnityEngine.DebugLogHandler:LogFormat(LogType, Object, String, Object[])
UnityEngine.Logger:Log(LogType, Object)
UnityEngine.Debug:Log(Object)
HighPrecisionStepperJuggler.SerialInterface:ProcessReceiveBuffer()
HighPrecisionStepperJuggler.SerialInterface:Update()
 
(Filename: C:\build\output\unity\unity\Runtime/Export/Debug/Debug.bindings.h Line: 35)

[SerialInterface] Received: Num of move batches: 1
UnityEngine.DebugLogHandler:Internal_Log(LogType, LogOption, String, Object)
UnityEngine.DebugLogHandler:LogFormat(LogType, Object, String, Object[])
UnityEngine.Logger:Log(LogType, Object)
UnityEngine.Debug:Log(Object)
HighPrecisionStepperJuggler.SerialInterface:ProcessReceiveBuffer()
HighPrecisionStepperJuggler.SerialInterface:Update()
 
(Filename: C:\build\output\unity\unity\Runtime/Export/Debug/Debug.bindings.h Line: 35)

[SerialInterface] Received: Batch 0 marker value: 11.00000
UnityEngine.DebugLogHandler:Internal_Log(LogType, LogOption, String, Object)
UnityEngine.DebugLogHandler:LogFormat(LogType, Object, String, Object[])
UnityEngine.Logger:Log(LogType, Object)
UnityEngine.Debug:Log(Object)
HighPrecisionStepperJuggler.SerialInterface:ProcessReceiveBuffer()
HighPrecisionStepperJuggler.SerialInterface:Update()
 
(Filename: C:\build\output\unity\unity\Runtime/Export/Debug/Debug.bindings.h Line: 35)

[SerialInterface] Received: Marker matches expected value.
UnityEngine.DebugLogHandler:Internal_Log(LogType, LogOption, String, Object)
UnityEngine.DebugLogHandler:LogFormat(LogType, Object, String, Object[])
UnityEngine.Logger:Log(LogType, Object)
UnityEngine.Debug:Log(Object)
HighPrecisionStepperJuggler.SerialInterface:ProcessReceiveBuffer()
HighPrecisionStepperJuggler.SerialInterface:Update()
 
(Filename: C:\build\output\unity\unity\Runtime/Export/Debug/Debug.bindings.h Line: 35)

[SerialInterface] Received: Motor0 pulses: 1283
UnityEngine.DebugLogHandler:Internal_Log(LogType, LogOption, String, Object)
UnityEngine.DebugLogHandler:LogFormat(LogType, Object, String, Object[])
UnityEngine.Logger:Log(LogType, Object)
UnityEngine.Debug:Log(Object)
HighPrecisionStepperJuggler.SerialInterface:ProcessReceiveBuffer()
HighPrecisionStepperJuggler.SerialInterface:Update()
 
(Filename: C:\build\output\unity\unity\Runtime/Export/Debug/Debug.bindings.h Line: 35)

[SerialInterface] Received: Motor1 pulses: 1707
UnityEngine.DebugLogHandler:Internal_Log(LogType, LogOption, String, Object)
UnityEngine.DebugLogHandler:LogFormat(LogType, Object, String, Object[])
UnityEngine.Logger:Log(LogType, Object)
UnityEngine.Debug:Log(Object)
HighPrecisionStepperJuggler.SerialInterface:ProcessReceiveBuffer()
HighPrecisionStepperJuggler.SerialInterface:Update()
 
(Filename: C:\build\output\unity\unity\Runtime/Export/Debug/Debug.bindings.h Line: 35)

[SerialInterface] Received: Motor2 pulses: 1492
UnityEngine.DebugLogHandler:Internal_Log(LogType, LogOption, String, Object)
UnityEngine.DebugLogHandler:LogFormat(LogType, Object, String, Object[])
UnityEngine.Logger:Log(LogType, Object)
UnityEngine.Debug:Log(Object)
HighPrecisionStepperJuggler.SerialInterface:ProcessReceiveBuffer()
HighPrecisionStepperJuggler.SerialInterface:Update()
 
(Filename: C:\build\output\unity\unity\Runtime/Export/Debug/Debug.bindings.h Line: 35)

[SerialInterface] Received: Motor3 pulses: 1492
UnityEngine.DebugLogHandler:Internal_Log(LogType, LogOption, String, Object)
UnityEngine.DebugLogHandler:LogFormat(LogType, Object, String, Object[])
UnityEngine.Logger:Log(LogType, Object)
UnityEngine.Debug:Log(Object)
HighPrecisionStepperJuggler.SerialInterface:ProcessReceiveBuffer()
HighPrecisionStepperJuggler.SerialInterface:Update()
 
(Filename: C:\build\output\unity\unity\Runtime/Export/Debug/Debug.bindings.h Line: 35)

[SerialInterface] Received: Move duration: 0.10000
UnityEngine.DebugLogHandler:Internal_Log(LogType, LogOption, String, Object)
UnityEngine.DebugLogHandler:LogFormat(LogType, Object, String, Object[])
UnityEngine.Logger:Log(LogType, Object)
UnityEngine.Debug:Log(Object)
HighPrecisionStepperJuggler.SerialInterface:ProcessReceiveBuffer()
HighPrecisionStepperJuggler.SerialInterface:Update()
 
(Filename: C:\build\output\unity\unity\Runtime/Export/Debug/Debug.bindings.h Line: 35)

Ball r, x, y :62.06, 141, -120
UnityEngine.DebugLogHandler:Internal_Log(LogType, LogOption, String, Object)
UnityEngine.DebugLogHandler:LogFormat(LogType, Object, String, Object[])
UnityEngine.Logger:Log(LogType, Object)
UnityEngine.Debug:Log(Object)
HighPrecisionStepperJuggler.ImageProcessingInstructionSender:Update()
 
(Filename: C:\build\output\unity\unity\Runtime/Export/Debug/Debug.bindings.h Line: 35)

Ball r, x, y :59.5, 139, -60
UnityEngine.DebugLogHandler:Internal_Log(LogType, LogOption, String, Object)
UnityEngine.DebugLogHandler:LogFormat(LogType, Object, String, Object[])
UnityEngine.Logger:Log(LogType, Object)
UnityEngine.Debug:Log(Object)
HighPrecisionStepperJuggler.ImageProcessingInstructionSender:Update()
 
(Filename: C:\build\output\unity\unity\Runtime/Export/Debug/Debug.bindings.h Line: 35)

[SerialInterface] Sending: 11.00000:0.65624:0.65624:0.59590:0.71863:0.10000

UnityEngine.DebugLogHandler:Internal_Log(LogType, LogOption, String, Object)
UnityEngine.DebugLogHandler:LogFormat(LogType, Object, String, Object[])
UnityEngine.Logger:Log(LogType, Object)
UnityEngine.Debug:Log(Object)
HighPrecisionStepperJuggler.SerialInterface:Send(String)
HighPrecisionStepperJuggler.RealMachine:SendInstructions(List`1)
HighPrecisionStepperJuggler.InstructableMachine:Instruct(List`1)
HighPrecisionStepperJuggler.MachineController:SendInstructions(List`1)
HighPrecisionStepperJuggler.BallControlling:MoveToHeightWithAlternatingXYTiltCorrection(MachineController, ITiltController, BallData, Single, Single, Int32, Nullable`1)
HighPrecisionStepperJuggler.<>c__DisplayClass4_0:<TwoStepBouncing>b__0(BallData, MachineController, Int32)
HighPrecisionStepperJuggler.BallControlStrategy:Execute(BallData, MachineController)
HighPrecisionStepperJuggler.ImageProcessingInstructionSender:Update()
 
(Filename: C:\build\output\unity\unity\Runtime/Export/Debug/Debug.bindings.h Line: 35)

[SerialInterface] Received: RECEIVED MSG: 11.00000:0.65624:0.65624:0.59590:0.71863:0.10000
UnityEngine.DebugLogHandler:Internal_Log(LogType, LogOption, String, Object)
UnityEngine.DebugLogHandler:LogFormat(LogType, Object, String, Object[])
UnityEngine.Logger:Log(LogType, Object)
UnityEngine.Debug:Log(Object)
HighPrecisionStepperJuggler.SerialInterface:ProcessReceiveBuffer()
HighPrecisionStepperJuggler.SerialInterface:Update()
 
(Filename: C:\build\output\unity\unity\Runtime/Export/Debug/Debug.bindings.h Line: 35)

[SerialInterface] Received: Parsed tokens (count=6): 11.00000 |0.65624 |0.65624 |0.59590 |0.71863 |0.10000
UnityEngine.DebugLogHandler:Internal_Log(LogType, LogOption, String, Object)
UnityEngine.DebugLogHandler:LogFormat(LogType, Object, String, Object[])
UnityEngine.Logger:Log(LogType, Object)
UnityEngine.Debug:Log(Object)
HighPrecisionStepperJuggler.SerialInterface:ProcessReceiveBuffer()
HighPrecisionStepperJuggler.SerialInterface:Update()
 
(Filename: C:\build\output\unity\unity\Runtime/Export/Debug/Debug.bindings.h Line: 35)

[SerialInterface] Received: Num of move batches: 1
UnityEngine.DebugLogHandler:Internal_Log(LogType, LogOption, String, Object)
UnityEngine.DebugLogHandler:LogFormat(LogType, Object, String, Object[])
UnityEngine.Logger:Log(LogType, Object)
UnityEngine.Debug:Log(Object)
HighPrecisionStepperJuggler.SerialInterface:ProcessReceiveBuffer()
HighPrecisionStepperJuggler.SerialInterface:Update()
 
(Filename: C:\build\output\unity\unity\Runtime/Export/Debug/Debug.bindings.h Line: 35)

[SerialInterface] Received: Batch 0 marker value: 11.00000
UnityEngine.DebugLogHandler:Internal_Log(LogType, LogOption, String, Object)
UnityEngine.DebugLogHandler:LogFormat(LogType, Object, String, Object[])
UnityEngine.Logger:Log(LogType, Object)
UnityEngine.Debug:Log(Object)
HighPrecisionStepperJuggler.SerialInterface:ProcessReceiveBuffer()
HighPrecisionStepperJuggler.SerialInterface:Update()
 
(Filename: C:\build\output\unity\unity\Runtime/Export/Debug/Debug.bindings.h Line: 35)

[SerialInterface] Received: Marker matches expected value.
UnityEngine.DebugLogHandler:Internal_Log(LogType, LogOption, String, Object)
UnityEngine.DebugLogHandler:LogFormat(LogType, Object, String, Object[])
UnityEngine.Logger:Log(LogType, Object)
UnityEngine.Debug:Log(Object)
HighPrecisionStepperJuggler.SerialInterface:ProcessReceiveBuffer()
HighPrecisionStepperJuggler.SerialInterface:Update()
 
(Filename: C:\build\output\unity\unity\Runtime/Export/Debug/Debug.bindings.h Line: 35)

[SerialInterface] Received: Motor0 pulses: 1731
UnityEngine.DebugLogHandler:Internal_Log(LogType, LogOption, String, Object)
UnityEngine.DebugLogHandler:LogFormat(LogType, Object, String, Object[])
UnityEngine.Logger:Log(LogType, Object)
UnityEngine.Debug:Log(Object)
HighPrecisionStepperJuggler.SerialInterface:ProcessReceiveBuffer()
HighPrecisionStepperJuggler.SerialInterface:Update()
 
(Filename: C:\build\output\unity\unity\Runtime/Export/Debug/Debug.bindings.h Line: 35)

[SerialInterface] Received: Motor1 pulses: 1731
UnityEngine.DebugLogHandler:Internal_Log(LogType, LogOption, String, Object)
UnityEngine.DebugLogHandler:LogFormat(LogType, Object, String, Object[])
UnityEngine.Logger:Log(LogType, Object)
UnityEngine.Debug:Log(Object)
HighPrecisionStepperJuggler.SerialInterface:ProcessReceiveBuffer()
HighPrecisionStepperJuggler.SerialInterface:Update()
 
(Filename: C:\build\output\unity\unity\Runtime/Export/Debug/Debug.bindings.h Line: 35)

[SerialInterface] Received: Motor2 pulses: 1572
UnityEngine.DebugLogHandler:Internal_Log(LogType, LogOption, String, Object)
UnityEngine.DebugLogHandler:LogFormat(LogType, Object, String, Object[])
UnityEngine.Logger:Log(LogType, Object)
UnityEngine.Debug:Log(Object)
HighPrecisionStepperJuggler.SerialInterface:ProcessReceiveBuffer()
HighPrecisionStepperJuggler.SerialInterface:Update()
 
(Filename: C:\build\output\unity\unity\Runtime/Export/Debug/Debug.bindings.h Line: 35)

[SerialInterface] Received: Motor3 pulses: 1895
UnityEngine.DebugLogHandler:Internal_Log(LogType, LogOption, String, Object)
UnityEngine.DebugLogHandler:LogFormat(LogType, Object, String, Object[])
UnityEngine.Logger:Log(LogType, Object)
UnityEngine.Debug:Log(Object)
HighPrecisionStepperJuggler.SerialInterface:ProcessReceiveBuffer()
HighPrecisionStepperJuggler.SerialInterface:Update()
 
(Filename: C:\build\output\unity\unity\Runtime/Export/Debug/Debug.bindings.h Line: 35)

[SerialInterface] Received: Move duration: 0.10000
UnityEngine.DebugLogHandler:Internal_Log(LogType, LogOption, String, Object)
UnityEngine.DebugLogHandler:LogFormat(LogType, Object, String, Object[])
UnityEngine.Logger:Log(LogType, Object)
UnityEngine.Debug:Log(Object)
HighPrecisionStepperJuggler.SerialInterface:ProcessReceiveBuffer()
HighPrecisionStepperJuggler.SerialInterface:Update()
 
(Filename: C:\build\output\unity\unity\Runtime/Export/Debug/Debug.bindings.h Line: 35)

Ball r, x, y :58.58, 130, -90
UnityEngine.DebugLogHandler:Internal_Log(LogType, LogOption, String, Object)
UnityEngine.DebugLogHandler:LogFormat(LogType, Object, String, Object[])
UnityEngine.Logger:Log(LogType, Object)
UnityEngine.Debug:Log(Object)
HighPrecisionStepperJuggler.ImageProcessingInstructionSender:Update()
 
(Filename: C:\build\output\unity\unity\Runtime/Export/Debug/Debug.bindings.h Line: 35)

Ball r, x, y :140.0223, -92, -91
UnityEngine.DebugLogHandler:Internal_Log(LogType, LogOption, String, Object)
UnityEngine.DebugLogHandler:LogFormat(LogType, Object, String, Object[])
UnityEngine.Logger:Log(LogType, Object)
UnityEngine.Debug:Log(Object)
HighPrecisionStepperJuggler.ImageProcessingInstructionSender:Update()
 
(Filename: C:\build\output\unity\unity\Runtime/Export/Debug/Debug.bindings.h Line: 35)

Ball r, x, y :279.4054, 4, -122
UnityEngine.DebugLogHandler:Internal_Log(LogType, LogOption, String, Object)
UnityEngine.DebugLogHandler:LogFormat(LogType, Object, String, Object[])
UnityEngine.Logger:Log(LogType, Object)
UnityEngine.Debug:Log(Object)
HighPrecisionStepperJuggler.ImageProcessingInstructionSender:Update()
 
(Filename: C:\build\output\unity\unity\Runtime/Export/Debug/Debug.bindings.h Line: 35)

Ball r, x, y :60, 130, -90
UnityEngine.DebugLogHandler:Internal_Log(LogType, LogOption, String, Object)
UnityEngine.DebugLogHandler:LogFormat(LogType, Object, String, Object[])
UnityEngine.Logger:Log(LogType, Object)
UnityEngine.Debug:Log(Object)
HighPrecisionStepperJuggler.ImageProcessingInstructionSender:Update()
 
(Filename: C:\build\output\unity\unity\Runtime/Export/Debug/Debug.bindings.h Line: 35)

[SerialInterface] Sending: 11.00000:0.57569:0.55577:0.56571:0.56571:0.10000

UnityEngine.DebugLogHandler:Internal_Log(LogType, LogOption, String, Object)
UnityEngine.DebugLogHandler:LogFormat(LogType, Object, String, Object[])
UnityEngine.Logger:Log(LogType, Object)
UnityEngine.Debug:Log(Object)
HighPrecisionStepperJuggler.SerialInterface:Send(String)
HighPrecisionStepperJuggler.RealMachine:SendInstructions(List`1)
HighPrecisionStepperJuggler.InstructableMachine:Instruct(List`1)
HighPrecisionStepperJuggler.MachineController:SendInstructions(List`1)
HighPrecisionStepperJuggler.BallControlling:MoveToHeightWithAlternatingXYTiltCorrection(MachineController, ITiltController, BallData, Single, Single, Int32, Nullable`1)
HighPrecisionStepperJuggler.<>c__DisplayClass4_0:<TwoStepBouncing>b__0(BallData, MachineController, Int32)
HighPrecisionStepperJuggler.BallControlStrategy:Execute(BallData, MachineController)
HighPrecisionStepperJuggler.ImageProcessingInstructionSender:Update()
 
(Filename: C:\build\output\unity\unity\Runtime/Export/Debug/Debug.bindings.h Line: 35)

[SerialInterface] Received: RECEIVED MSG: 11.00000:0.57569:0.55577:0.56571:0.56571:0.10000
UnityEngine.DebugLogHandler:Internal_Log(LogType, LogOption, String, Object)
UnityEngine.DebugLogHandler:LogFormat(LogType, Object, String, Object[])
UnityEngine.Logger:Log(LogType, Object)
UnityEngine.Debug:Log(Object)
HighPrecisionStepperJuggler.SerialInterface:ProcessReceiveBuffer()
HighPrecisionStepperJuggler.SerialInterface:Update()
 
(Filename: C:\build\output\unity\unity\Runtime/Export/Debug/Debug.bindings.h Line: 35)

[SerialInterface] Received: Parsed tokens (count=6): 11.00000 |0.57569 |0.55577 |0.56571 |0.56571 |0.10000
UnityEngine.DebugLogHandler:Internal_Log(LogType, LogOption, String, Object)
UnityEngine.DebugLogHandler:LogFormat(LogType, Object, String, Object[])
UnityEngine.Logger:Log(LogType, Object)
UnityEngine.Debug:Log(Object)
HighPrecisionStepperJuggler.SerialInterface:ProcessReceiveBuffer()
HighPrecisionStepperJuggler.SerialInterface:Update()
 
(Filename: C:\build\output\unity\unity\Runtime/Export/Debug/Debug.bindings.h Line: 35)

[SerialInterface] Received: Num of move batches: 1
UnityEngine.DebugLogHandler:Internal_Log(LogType, LogOption, String, Object)
UnityEngine.DebugLogHandler:LogFormat(LogType, Object, String, Object[])
UnityEngine.Logger:Log(LogType, Object)
UnityEngine.Debug:Log(Object)
HighPrecisionStepperJuggler.SerialInterface:ProcessReceiveBuffer()
HighPrecisionStepperJuggler.SerialInterface:Update()
 
(Filename: C:\build\output\unity\unity\Runtime/Export/Debug/Debug.bindings.h Line: 35)

[SerialInterface] Received: Batch 0 marker value: 11.00000
UnityEngine.DebugLogHandler:Internal_Log(LogType, LogOption, String, Object)
UnityEngine.DebugLogHandler:LogFormat(LogType, Object, String, Object[])
UnityEngine.Logger:Log(LogType, Object)
UnityEngine.Debug:Log(Object)
HighPrecisionStepperJuggler.SerialInterface:ProcessReceiveBuffer()
HighPrecisionStepperJuggler.SerialInterface:Update()
 
(Filename: C:\build\output\unity\unity\Runtime/Export/Debug/Debug.bindings.h Line: 35)

[SerialInterface] Received: Marker matches expected value.
UnityEngine.DebugLogHandler:Internal_Log(LogType, LogOption, String, Object)
UnityEngine.DebugLogHandler:LogFormat(LogType, Object, String, Object[])
UnityEngine.Logger:Log(LogType, Object)
UnityEngine.Debug:Log(Object)
HighPrecisionStepperJuggler.SerialInterface:ProcessReceiveBuffer()
HighPrecisionStepperJuggler.SerialInterface:Update()
 
(Filename: C:\build\output\unity\unity\Runtime/Export/Debug/Debug.bindings.h Line: 35)

[SerialInterface] Received: Motor0 pulses: 1518
UnityEngine.DebugLogHandler:Internal_Log(LogType, LogOption, String, Object)
UnityEngine.DebugLogHandler:LogFormat(LogType, Object, String, Object[])
UnityEngine.Logger:Log(LogType, Object)
UnityEngine.Debug:Log(Object)
HighPrecisionStepperJuggler.SerialInterface:ProcessReceiveBuffer()
HighPrecisionStepperJuggler.SerialInterface:Update()
 
(Filename: C:\build\output\unity\unity\Runtime/Export/Debug/Debug.bindings.h Line: 35)

[SerialInterface] Received: Motor1 pulses: 1466
UnityEngine.DebugLogHandler:Internal_Log(LogType, LogOption, String, Object)
UnityEngine.DebugLogHandler:LogFormat(LogType, Object, String, Object[])
UnityEngine.Logger:Log(LogType, Object)
UnityEngine.Debug:Log(Object)
HighPrecisionStepperJuggler.SerialInterface:ProcessReceiveBuffer()
HighPrecisionStepperJuggler.SerialInterface:Update()
 
(Filename: C:\build\output\unity\unity\Runtime/Export/Debug/Debug.bindings.h Line: 35)

[SerialInterface] Received: Motor2 pulses: 1492
UnityEngine.DebugLogHandler:Internal_Log(LogType, LogOption, String, Object)
UnityEngine.DebugLogHandler:LogFormat(LogType, Object, String, Object[])
UnityEngine.Logger:Log(LogType, Object)
UnityEngine.Debug:Log(Object)
HighPrecisionStepperJuggler.SerialInterface:ProcessReceiveBuffer()
HighPrecisionStepperJuggler.SerialInterface:Update()
 
(Filename: C:\build\output\unity\unity\Runtime/Export/Debug/Debug.bindings.h Line: 35)

[SerialInterface] Received: Motor3 pulses: 1492
UnityEngine.DebugLogHandler:Internal_Log(LogType, LogOption, String, Object)
UnityEngine.DebugLogHandler:LogFormat(LogType, Object, String, Object[])
UnityEngine.Logger:Log(LogType, Object)
UnityEngine.Debug:Log(Object)
HighPrecisionStepperJuggler.SerialInterface:ProcessReceiveBuffer()
HighPrecisionStepperJuggler.SerialInterface:Update()
 
(Filename: C:\build\output\unity\unity\Runtime/Export/Debug/Debug.bindings.h Line: 35)

[SerialInterface] Received: Move duration: 0.10000
UnityEngine.DebugLogHandler:Internal_Log(LogType, LogOption, String, Object)
UnityEngine.DebugLogHandler:LogFormat(LogType, Object, String, Object[])
UnityEngine.Logger:Log(LogType, Object)
UnityEngine.Debug:Log(Object)
HighPrecisionStepperJuggler.SerialInterface:ProcessReceiveBuffer()
HighPrecisionStepperJuggler.SerialInterface:Update()
 
(Filename: C:\build\output\unity\unity\Runtime/Export/Debug/Debug.bindings.h Line: 35)

Ball r, x, y :53.4, 110, -60
UnityEngine.DebugLogHandler:Internal_Log(LogType, LogOption, String, Object)
UnityEngine.DebugLogHandler:LogFormat(LogType, Object, String, Object[])
UnityEngine.Logger:Log(LogType, Object)
UnityEngine.Debug:Log(Object)
HighPrecisionStepperJuggler.ImageProcessingInstructionSender:Update()
 
(Filename: C:\build\output\unity\unity\Runtime/Export/Debug/Debug.bindings.h Line: 35)

Ball r, x, y :58.22, 144, -120
UnityEngine.DebugLogHandler:Internal_Log(LogType, LogOption, String, Object)
UnityEngine.DebugLogHandler:LogFormat(LogType, Object, String, Object[])
UnityEngine.Logger:Log(LogType, Object)
UnityEngine.Debug:Log(Object)
HighPrecisionStepperJuggler.ImageProcessingInstructionSender:Update()
 
(Filename: C:\build\output\unity\unity\Runtime/Export/Debug/Debug.bindings.h Line: 35)

Ball r, x, y :66.38, 135, -90
UnityEngine.DebugLogHandler:Internal_Log(LogType, LogOption, String, Object)
UnityEngine.DebugLogHandler:LogFormat(LogType, Object, String, Object[])
UnityEngine.Logger:Log(LogType, Object)
UnityEngine.Debug:Log(Object)
HighPrecisionStepperJuggler.ImageProcessingInstructionSender:Update()
 
(Filename: C:\build\output\unity\unity\Runtime/Export/Debug/Debug.bindings.h Line: 35)

[SerialInterface] Sending: 11.00000:0.65624:0.65624:0.56069:0.75706:0.10000

UnityEngine.DebugLogHandler:Internal_Log(LogType, LogOption, String, Object)
UnityEngine.DebugLogHandler:LogFormat(LogType, Object, String, Object[])
UnityEngine.Logger:Log(LogType, Object)
UnityEngine.Debug:Log(Object)
HighPrecisionStepperJuggler.SerialInterface:Send(String)
HighPrecisionStepperJuggler.RealMachine:SendInstructions(List`1)
HighPrecisionStepperJuggler.InstructableMachine:Instruct(List`1)
HighPrecisionStepperJuggler.MachineController:SendInstructions(List`1)
HighPrecisionStepperJuggler.BallControlling:MoveToHeightWithAlternatingXYTiltCorrection(MachineController, ITiltController, BallData, Single, Single, Int32, Nullable`1)
HighPrecisionStepperJuggler.<>c__DisplayClass4_0:<TwoStepBouncing>b__0(BallData, MachineController, Int32)
HighPrecisionStepperJuggler.BallControlStrategy:Execute(BallData, MachineController)
HighPrecisionStepperJuggler.ImageProcessingInstructionSender:Update()
 
(Filename: C:\build\output\unity\unity\Runtime/Export/Debug/Debug.bindings.h Line: 35)

[SerialInterface] Received: RECEIVED MSG: 11.00000:0.65624:0.65624:0.56069:0.75706:0.10000
UnityEngine.DebugLogHandler:Internal_Log(LogType, LogOption, String, Object)
UnityEngine.DebugLogHandler:LogFormat(LogType, Object, String, Object[])
UnityEngine.Logger:Log(LogType, Object)
UnityEngine.Debug:Log(Object)
HighPrecisionStepperJuggler.SerialInterface:ProcessReceiveBuffer()
HighPrecisionStepperJuggler.SerialInterface:Update()
 
(Filename: C:\build\output\unity\unity\Runtime/Export/Debug/Debug.bindings.h Line: 35)

[SerialInterface] Received: Parsed tokens (count=6): 11.00000 |0.65624 |0.65624 |0.56069 |0.75706 |0.10000
UnityEngine.DebugLogHandler:Internal_Log(LogType, LogOption, String, Object)
UnityEngine.DebugLogHandler:LogFormat(LogType, Object, String, Object[])
UnityEngine.Logger:Log(LogType, Object)
UnityEngine.Debug:Log(Object)
HighPrecisionStepperJuggler.SerialInterface:ProcessReceiveBuffer()
HighPrecisionStepperJuggler.SerialInterface:Update()
 
(Filename: C:\build\output\unity\unity\Runtime/Export/Debug/Debug.bindings.h Line: 35)

[SerialInterface] Received: Num of move batches: 1
UnityEngine.DebugLogHandler:Internal_Log(LogType, LogOption, String, Object)
UnityEngine.DebugLogHandler:LogFormat(LogType, Object, String, Object[])
UnityEngine.Logger:Log(LogType, Object)
UnityEngine.Debug:Log(Object)
HighPrecisionStepperJuggler.SerialInterface:ProcessReceiveBuffer()
HighPrecisionStepperJuggler.SerialInterface:Update()
 
(Filename: C:\build\output\unity\unity\Runtime/Export/Debug/Debug.bindings.h Line: 35)

[SerialInterface] Received: Batch 0 marker value: 11.00000
UnityEngine.DebugLogHandler:Internal_Log(LogType, LogOption, String, Object)
UnityEngine.DebugLogHandler:LogFormat(LogType, Object, String, Object[])
UnityEngine.Logger:Log(LogType, Object)
UnityEngine.Debug:Log(Object)
HighPrecisionStepperJuggler.SerialInterface:ProcessReceiveBuffer()
HighPrecisionStepperJuggler.SerialInterface:Update()
 
(Filename: C:\build\output\unity\unity\Runtime/Export/Debug/Debug.bindings.h Line: 35)

[SerialInterface] Received: Marker matches expected value.
UnityEngine.DebugLogHandler:Internal_Log(LogType, LogOption, String, Object)
UnityEngine.DebugLogHandler:LogFormat(LogType, Object, String, Object[])
UnityEngine.Logger:Log(LogType, Object)
UnityEngine.Debug:Log(Object)
HighPrecisionStepperJuggler.SerialInterface:ProcessReceiveBuffer()
HighPrecisionStepperJuggler.SerialInterface:Update()
 
(Filename: C:\build\output\unity\unity\Runtime/Export/Debug/Debug.bindings.h Line: 35)

[SerialInterface] Received: Motor0 pulses: 1731
UnityEngine.DebugLogHandler:Internal_Log(LogType, LogOption, String, Object)
UnityEngine.DebugLogHandler:LogFormat(LogType, Object, String, Object[])
UnityEngine.Logger:Log(LogType, Object)
UnityEngine.Debug:Log(Object)
HighPrecisionStepperJuggler.SerialInterface:ProcessReceiveBuffer()
HighPrecisionStepperJuggler.SerialInterface:Update()
 
(Filename: C:\build\output\unity\unity\Runtime/Export/Debug/Debug.bindings.h Line: 35)

[SerialInterface] Received: Motor1 pulses: 1731
UnityEngine.DebugLogHandler:Internal_Log(LogType, LogOption, String, Object)
UnityEngine.DebugLogHandler:LogFormat(LogType, Object, String, Object[])
UnityEngine.Logger:Log(LogType, Object)
UnityEngine.Debug:Log(Object)
HighPrecisionStepperJuggler.SerialInterface:ProcessReceiveBuffer()
HighPrecisionStepperJuggler.SerialInterface:Update()
 
(Filename: C:\build\output\unity\unity\Runtime/Export/Debug/Debug.bindings.h Line: 35)

[SerialInterface] Received: Motor2 pulses: 1479
UnityEngine.DebugLogHandler:Internal_Log(LogType, LogOption, String, Object)
UnityEngine.DebugLogHandler:LogFormat(LogType, Object, String, Object[])
UnityEngine.Logger:Log(LogType, Object)
UnityEngine.Debug:Log(Object)
HighPrecisionStepperJuggler.SerialInterface:ProcessReceiveBuffer()
HighPrecisionStepperJuggler.SerialInterface:Update()
 
(Filename: C:\build\output\unity\unity\Runtime/Export/Debug/Debug.bindings.h Line: 35)

[SerialInterface] Received: Motor3 pulses: 1997
UnityEngine.DebugLogHandler:Internal_Log(LogType, LogOption, String, Object)
UnityEngine.DebugLogHandler:LogFormat(LogType, Object, String, Object[])
UnityEngine.Logger:Log(LogType, Object)
UnityEngine.Debug:Log(Object)
HighPrecisionStepperJuggler.SerialInterface:ProcessReceiveBuffer()
HighPrecisionStepperJuggler.SerialInterface:Update()
 
(Filename: C:\build\output\unity\unity\Runtime/Export/Debug/Debug.bindings.h Line: 35)

[SerialInterface] Received: Move duration: 0.10000
UnityEngine.DebugLogHandler:Internal_Log(LogType, LogOption, String, Object)
UnityEngine.DebugLogHandler:LogFormat(LogType, Object, String, Object[])
UnityEngine.Logger:Log(LogType, Object)
UnityEngine.Debug:Log(Object)
HighPrecisionStepperJuggler.SerialInterface:ProcessReceiveBuffer()
HighPrecisionStepperJuggler.SerialInterface:Update()
 
(Filename: C:\build\output\unity\unity\Runtime/Export/Debug/Debug.bindings.h Line: 35)

Ball r, x, y :48.56, 104, -60
UnityEngine.DebugLogHandler:Internal_Log(LogType, LogOption, String, Object)
UnityEngine.DebugLogHandler:LogFormat(LogType, Object, String, Object[])
UnityEngine.Logger:Log(LogType, Object)
UnityEngine.Debug:Log(Object)
HighPrecisionStepperJuggler.ImageProcessingInstructionSender:Update()
 
(Filename: C:\build\output\unity\unity\Runtime/Export/Debug/Debug.bindings.h Line: 35)

Ball r, x, y :55.44, 118, -90
UnityEngine.DebugLogHandler:Internal_Log(LogType, LogOption, String, Object)
UnityEngine.DebugLogHandler:LogFormat(LogType, Object, String, Object[])
UnityEngine.Logger:Log(LogType, Object)
UnityEngine.Debug:Log(Object)
HighPrecisionStepperJuggler.ImageProcessingInstructionSender:Update()
 
(Filename: C:\build\output\unity\unity\Runtime/Export/Debug/Debug.bindings.h Line: 35)

[SerialInterface] Sending: 11.00000:0.52090:0.61126:0.56571:0.56571:0.10000

UnityEngine.DebugLogHandler:Internal_Log(LogType, LogOption, String, Object)
UnityEngine.DebugLogHandler:LogFormat(LogType, Object, String, Object[])
UnityEngine.Logger:Log(LogType, Object)
UnityEngine.Debug:Log(Object)
HighPrecisionStepperJuggler.SerialInterface:Send(String)
HighPrecisionStepperJuggler.RealMachine:SendInstructions(List`1)
HighPrecisionStepperJuggler.InstructableMachine:Instruct(List`1)
HighPrecisionStepperJuggler.MachineController:SendInstructions(List`1)
HighPrecisionStepperJuggler.BallControlling:MoveToHeightWithAlternatingXYTiltCorrection(MachineController, ITiltController, BallData, Single, Single, Int32, Nullable`1)
HighPrecisionStepperJuggler.<>c__DisplayClass4_0:<TwoStepBouncing>b__0(BallData, MachineController, Int32)
HighPrecisionStepperJuggler.BallControlStrategy:Execute(BallData, MachineController)
HighPrecisionStepperJuggler.ImageProcessingInstructionSender:Update()
 
(Filename: C:\build\output\unity\unity\Runtime/Export/Debug/Debug.bindings.h Line: 35)

[SerialInterface] Received: RECEIVED MSG: 11.00000:0.52090:0.61126:0.56571:0.56571:0.10000
UnityEngine.DebugLogHandler:Internal_Log(LogType, LogOption, String, Object)
UnityEngine.DebugLogHandler:LogFormat(LogType, Object, String, Object[])
UnityEngine.Logger:Log(LogType, Object)
UnityEngine.Debug:Log(Object)
HighPrecisionStepperJuggler.SerialInterface:ProcessReceiveBuffer()
HighPrecisionStepperJuggler.SerialInterface:Update()
 
(Filename: C:\build\output\unity\unity\Runtime/Export/Debug/Debug.bindings.h Line: 35)

[SerialInterface] Received: Parsed tokens (count=6): 11.00000 |0.52090 |0.61126 |0.56571 |0.56571 |0.10000
UnityEngine.DebugLogHandler:Internal_Log(LogType, LogOption, String, Object)
UnityEngine.DebugLogHandler:LogFormat(LogType, Object, String, Object[])
UnityEngine.Logger:Log(LogType, Object)
UnityEngine.Debug:Log(Object)
HighPrecisionStepperJuggler.SerialInterface:ProcessReceiveBuffer()
HighPrecisionStepperJuggler.SerialInterface:Update()
 
(Filename: C:\build\output\unity\unity\Runtime/Export/Debug/Debug.bindings.h Line: 35)

[SerialInterface] Received: Num of move batches: 1
UnityEngine.DebugLogHandler:Internal_Log(LogType, LogOption, String, Object)
UnityEngine.DebugLogHandler:LogFormat(LogType, Object, String, Object[])
UnityEngine.Logger:Log(LogType, Object)
UnityEngine.Debug:Log(Object)
HighPrecisionStepperJuggler.SerialInterface:ProcessReceiveBuffer()
HighPrecisionStepperJuggler.SerialInterface:Update()
 
(Filename: C:\build\output\unity\unity\Runtime/Export/Debug/Debug.bindings.h Line: 35)

[SerialInterface] Received: Batch 0 marker value: 11.00000
UnityEngine.DebugLogHandler:Internal_Log(LogType, LogOption, String, Object)
UnityEngine.DebugLogHandler:LogFormat(LogType, Object, String, Object[])
UnityEngine.Logger:Log(LogType, Object)
UnityEngine.Debug:Log(Object)
HighPrecisionStepperJuggler.SerialInterface:ProcessReceiveBuffer()
HighPrecisionStepperJuggler.SerialInterface:Update()
 
(Filename: C:\build\output\unity\unity\Runtime/Export/Debug/Debug.bindings.h Line: 35)

[SerialInterface] Received: Marker matches expected value.
UnityEngine.DebugLogHandler:Internal_Log(LogType, LogOption, String, Object)
UnityEngine.DebugLogHandler:LogFormat(LogType, Object, String, Object[])
UnityEngine.Logger:Log(LogType, Object)
UnityEngine.Debug:Log(Object)
HighPrecisionStepperJuggler.SerialInterface:ProcessReceiveBuffer()
HighPrecisionStepperJuggler.SerialInterface:Update()
 
(Filename: C:\build\output\unity\unity\Runtime/Export/Debug/Debug.bindings.h Line: 35)

[SerialInterface] Received: Motor0 pulses: 1374
UnityEngine.DebugLogHandler:Internal_Log(LogType, LogOption, String, Object)
UnityEngine.DebugLogHandler:LogFormat(LogType, Object, String, Object[])
UnityEngine.Logger:Log(LogType, Object)
UnityEngine.Debug:Log(Object)
HighPrecisionStepperJuggler.SerialInterface:ProcessReceiveBuffer()
HighPrecisionStepperJuggler.SerialInterface:Update()
 
(Filename: C:\build\output\unity\unity\Runtime/Export/Debug/Debug.bindings.h Line: 35)

[SerialInterface] Received: Motor1 pulses: 1612
UnityEngine.DebugLogHandler:Internal_Log(LogType, LogOption, String, Object)
UnityEngine.DebugLogHandler:LogFormat(LogType, Object, String, Object[])
UnityEngine.Logger:Log(LogType, Object)
UnityEngine.Debug:Log(Object)
HighPrecisionStepperJuggler.SerialInterface:ProcessReceiveBuffer()
HighPrecisionStepperJuggler.SerialInterface:Update()
 
(Filename: C:\build\output\unity\unity\Runtime/Export/Debug/Debug.bindings.h Line: 35)

[SerialInterface] Received: Motor2 pulses: 1492
UnityEngine.DebugLogHandler:Internal_Log(LogType, LogOption, String, Object)
UnityEngine.DebugLogHandler:LogFormat(LogType, Object, String, Object[])
UnityEngine.Logger:Log(LogType, Object)
UnityEngine.Debug:Log(Object)
HighPrecisionStepperJuggler.SerialInterface:ProcessReceiveBuffer()
HighPrecisionStepperJuggler.SerialInterface:Update()
 
(Filename: C:\build\output\unity\unity\Runtime/Export/Debug/Debug.bindings.h Line: 35)

[SerialInterface] Received: Motor3 pulses: 1492
UnityEngine.DebugLogHandler:Internal_Log(LogType, LogOption, String, Object)
UnityEngine.DebugLogHandler:LogFormat(LogType, Object, String, Object[])
UnityEngine.Logger:Log(LogType, Object)
UnityEngine.Debug:Log(Object)
HighPrecisionStepperJuggler.SerialInterface:ProcessReceiveBuffer()
HighPrecisionStepperJuggler.SerialInterface:Update()
 
(Filename: C:\build\output\unity\unity\Runtime/Export/Debug/Debug.bindings.h Line: 35)

[SerialInterface] Received: Move duration: 0.10000
UnityEngine.DebugLogHandler:Internal_Log(LogType, LogOption, String, Object)
UnityEngine.DebugLogHandler:LogFormat(LogType, Object, String, Object[])
UnityEngine.Logger:Log(LogType, Object)
UnityEngine.Debug:Log(Object)
HighPrecisionStepperJuggler.SerialInterface:ProcessReceiveBuffer()
HighPrecisionStepperJuggler.SerialInterface:Update()
 
(Filename: C:\build\output\unity\unity\Runtime/Export/Debug/Debug.bindings.h Line: 35)

Ball r, x, y :65.34, 158, -150
UnityEngine.DebugLogHandler:Internal_Log(LogType, LogOption, String, Object)
UnityEngine.DebugLogHandler:LogFormat(LogType, Object, String, Object[])
UnityEngine.Logger:Log(LogType, Object)
UnityEngine.Debug:Log(Object)
HighPrecisionStepperJuggler.ImageProcessingInstructionSender:Update()
 
(Filename: C:\build\output\unity\unity\Runtime/Export/Debug/Debug.bindings.h Line: 35)

Ball r, x, y :58.22, 130, -120
UnityEngine.DebugLogHandler:Internal_Log(LogType, LogOption, String, Object)
UnityEngine.DebugLogHandler:LogFormat(LogType, Object, String, Object[])
UnityEngine.Logger:Log(LogType, Object)
UnityEngine.Debug:Log(Object)
HighPrecisionStepperJuggler.ImageProcessingInstructionSender:Update()
 
(Filename: C:\build\output\unity\unity\Runtime/Export/Debug/Debug.bindings.h Line: 35)

[SerialInterface] Sending: 11.00000:0.65624:0.65624:0.60382:0.71020:0.10000

UnityEngine.DebugLogHandler:Internal_Log(LogType, LogOption, String, Object)
UnityEngine.DebugLogHandler:LogFormat(LogType, Object, String, Object[])
UnityEngine.Logger:Log(LogType, Object)
UnityEngine.Debug:Log(Object)
HighPrecisionStepperJuggler.SerialInterface:Send(String)
HighPrecisionStepperJuggler.RealMachine:SendInstructions(List`1)
HighPrecisionStepperJuggler.InstructableMachine:Instruct(List`1)
HighPrecisionStepperJuggler.MachineController:SendInstructions(List`1)
HighPrecisionStepperJuggler.BallControlling:MoveToHeightWithAlternatingXYTiltCorrection(MachineController, ITiltController, BallData, Single, Single, Int32, Nullable`1)
HighPrecisionStepperJuggler.<>c__DisplayClass4_0:<TwoStepBouncing>b__0(BallData, MachineController, Int32)
HighPrecisionStepperJuggler.BallControlStrategy:Execute(BallData, MachineController)
HighPrecisionStepperJuggler.ImageProcessingInstructionSender:Update()
 
(Filename: C:\build\output\unity\unity\Runtime/Export/Debug/Debug.bindings.h Line: 35)

[SerialInterface] Received: RECEIVED MSG: 11.00000:0.65624:0.65624:0.60382:0.71020:0.10000
UnityEngine.DebugLogHandler:Internal_Log(LogType, LogOption, String, Object)
UnityEngine.DebugLogHandler:LogFormat(LogType, Object, String, Object[])
UnityEngine.Logger:Log(LogType, Object)
UnityEngine.Debug:Log(Object)
HighPrecisionStepperJuggler.SerialInterface:ProcessReceiveBuffer()
HighPrecisionStepperJuggler.SerialInterface:Update()
 
(Filename: C:\build\output\unity\unity\Runtime/Export/Debug/Debug.bindings.h Line: 35)

[SerialInterface] Received: Parsed tokens (count=6): 11.00000 |0.65624 |0.65624 |0.60382 |0.71020 |0.10000
UnityEngine.DebugLogHandler:Internal_Log(LogType, LogOption, String, Object)
UnityEngine.DebugLogHandler:LogFormat(LogType, Object, String, Object[])
UnityEngine.Logger:Log(LogType, Object)
UnityEngine.Debug:Log(Object)
HighPrecisionStepperJuggler.SerialInterface:ProcessReceiveBuffer()
HighPrecisionStepperJuggler.SerialInterface:Update()
 
(Filename: C:\build\output\unity\unity\Runtime/Export/Debug/Debug.bindings.h Line: 35)

[SerialInterface] Received: Num of move batches: 1
UnityEngine.DebugLogHandler:Internal_Log(LogType, LogOption, String, Object)
UnityEngine.DebugLogHandler:LogFormat(LogType, Object, String, Object[])
UnityEngine.Logger:Log(LogType, Object)
UnityEngine.Debug:Log(Object)
HighPrecisionStepperJuggler.SerialInterface:ProcessReceiveBuffer()
HighPrecisionStepperJuggler.SerialInterface:Update()
 
(Filename: C:\build\output\unity\unity\Runtime/Export/Debug/Debug.bindings.h Line: 35)

[SerialInterface] Received: Batch 0 marker value: 11.00000
UnityEngine.DebugLogHandler:Internal_Log(LogType, LogOption, String, Object)
UnityEngine.DebugLogHandler:LogFormat(LogType, Object, String, Object[])
UnityEngine.Logger:Log(LogType, Object)
UnityEngine.Debug:Log(Object)
HighPrecisionStepperJuggler.SerialInterface:ProcessReceiveBuffer()
HighPrecisionStepperJuggler.SerialInterface:Update()
 
(Filename: C:\build\output\unity\unity\Runtime/Export/Debug/Debug.bindings.h Line: 35)

[SerialInterface] Received: Marker matches expected value.
UnityEngine.DebugLogHandler:Internal_Log(LogType, LogOption, String, Object)
UnityEngine.DebugLogHandler:LogFormat(LogType, Object, String, Object[])
UnityEngine.Logger:Log(LogType, Object)
UnityEngine.Debug:Log(Object)
HighPrecisionStepperJuggler.SerialInterface:ProcessReceiveBuffer()
HighPrecisionStepperJuggler.SerialInterface:Update()
 
(Filename: C:\build\output\unity\unity\Runtime/Export/Debug/Debug.bindings.h Line: 35)

[SerialInterface] Received: Motor0 pulses: 1731
UnityEngine.DebugLogHandler:Internal_Log(LogType, LogOption, String, Object)
UnityEngine.DebugLogHandler:LogFormat(LogType, Object, String, Object[])
UnityEngine.Logger:Log(LogType, Object)
UnityEngine.Debug:Log(Object)
HighPrecisionStepperJuggler.SerialInterface:ProcessReceiveBuffer()
HighPrecisionStepperJuggler.SerialInterface:Update()
 
(Filename: C:\build\output\unity\unity\Runtime/Export/Debug/Debug.bindings.h Line: 35)

[SerialInterface] Received: Motor1 pulses: 1731
UnityEngine.DebugLogHandler:Internal_Log(LogType, LogOption, String, Object)
UnityEngine.DebugLogHandler:LogFormat(LogType, Object, String, Object[])
UnityEngine.Logger:Log(LogType, Object)
UnityEngine.Debug:Log(Object)
HighPrecisionStepperJuggler.SerialInterface:ProcessReceiveBuffer()
HighPrecisionStepperJuggler.SerialInterface:Update()
 
(Filename: C:\build\output\unity\unity\Runtime/Export/Debug/Debug.bindings.h Line: 35)

[SerialInterface] Received: Motor2 pulses: 1592
UnityEngine.DebugLogHandler:Internal_Log(LogType, LogOption, String, Object)
UnityEngine.DebugLogHandler:LogFormat(LogType, Object, String, Object[])
UnityEngine.Logger:Log(LogType, Object)
UnityEngine.Debug:Log(Object)
HighPrecisionStepperJuggler.SerialInterface:ProcessReceiveBuffer()
HighPrecisionStepperJuggler.SerialInterface:Update()
 
(Filename: C:\build\output\unity\unity\Runtime/Export/Debug/Debug.bindings.h Line: 35)

[SerialInterface] Received: Motor3 pulses: 1873
UnityEngine.DebugLogHandler:Internal_Log(LogType, LogOption, String, Object)
UnityEngine.DebugLogHandler:LogFormat(LogType, Object, String, Object[])
UnityEngine.Logger:Log(LogType, Object)
UnityEngine.Debug:Log(Object)
HighPrecisionStepperJuggler.SerialInterface:ProcessReceiveBuffer()
HighPrecisionStepperJuggler.SerialInterface:Update()
 
(Filename: C:\build\output\unity\unity\Runtime/Export/Debug/Debug.bindings.h Line: 35)

[SerialInterface] Received: Move duration: 0.10000
UnityEngine.DebugLogHandler:Internal_Log(LogType, LogOption, String, Object)
UnityEngine.DebugLogHandler:LogFormat(LogType, Object, String, Object[])
UnityEngine.Logger:Log(LogType, Object)
UnityEngine.Debug:Log(Object)
HighPrecisionStepperJuggler.SerialInterface:ProcessReceiveBuffer()
HighPrecisionStepperJuggler.SerialInterface:Update()
 
(Filename: C:\build\output\unity\unity\Runtime/Export/Debug/Debug.bindings.h Line: 35)

Ball r, x, y :50.76, 92, -60
UnityEngine.DebugLogHandler:Internal_Log(LogType, LogOption, String, Object)
UnityEngine.DebugLogHandler:LogFormat(LogType, Object, String, Object[])
UnityEngine.Logger:Log(LogType, Object)
UnityEngine.Debug:Log(Object)
HighPrecisionStepperJuggler.ImageProcessingInstructionSender:Update()
 
(Filename: C:\build\output\unity\unity\Runtime/Export/Debug/Debug.bindings.h Line: 35)

Ball r, x, y :46.36, 100, -60
UnityEngine.DebugLogHandler:Internal_Log(LogType, LogOption, String, Object)
UnityEngine.DebugLogHandler:LogFormat(LogType, Object, String, Object[])
UnityEngine.Logger:Log(LogType, Object)
UnityEngine.Debug:Log(Object)
HighPrecisionStepperJuggler.ImageProcessingInstructionSender:Update()
 
(Filename: C:\build\output\unity\unity\Runtime/Export/Debug/Debug.bindings.h Line: 35)

[SerialInterface] Sending: 11.00000:0.52413:0.60793:0.56571:0.56571:0.10000

UnityEngine.DebugLogHandler:Internal_Log(LogType, LogOption, String, Object)
UnityEngine.DebugLogHandler:LogFormat(LogType, Object, String, Object[])
UnityEngine.Logger:Log(LogType, Object)
UnityEngine.Debug:Log(Object)
HighPrecisionStepperJuggler.SerialInterface:Send(String)
HighPrecisionStepperJuggler.RealMachine:SendInstructions(List`1)
HighPrecisionStepperJuggler.InstructableMachine:Instruct(List`1)
HighPrecisionStepperJuggler.MachineController:SendInstructions(List`1)
HighPrecisionStepperJuggler.BallControlling:MoveToHeightWithAlternatingXYTiltCorrection(MachineController, ITiltController, BallData, Single, Single, Int32, Nullable`1)
HighPrecisionStepperJuggler.<>c__DisplayClass4_0:<TwoStepBouncing>b__0(BallData, MachineController, Int32)
HighPrecisionStepperJuggler.BallControlStrategy:Execute(BallData, MachineController)
HighPrecisionStepperJuggler.ImageProcessingInstructionSender:Update()
 
(Filename: C:\build\output\unity\unity\Runtime/Export/Debug/Debug.bindings.h Line: 35)

[SerialInterface] Received: RECEIVED MSG: 11.00000:0.52413:0.60793:0.56571:0.56571:0.10000
UnityEngine.DebugLogHandler:Internal_Log(LogType, LogOption, String, Object)
UnityEngine.DebugLogHandler:LogFormat(LogType, Object, String, Object[])
UnityEngine.Logger:Log(LogType, Object)
UnityEngine.Debug:Log(Object)
HighPrecisionStepperJuggler.SerialInterface:ProcessReceiveBuffer()
HighPrecisionStepperJuggler.SerialInterface:Update()
 
(Filename: C:\build\output\unity\unity\Runtime/Export/Debug/Debug.bindings.h Line: 35)

[SerialInterface] Received: Parsed tokens (count=6): 11.00000 |0.52413 |0.60793 |0.56571 |0.56571 |0.10000
UnityEngine.DebugLogHandler:Internal_Log(LogType, LogOption, String, Object)
UnityEngine.DebugLogHandler:LogFormat(LogType, Object, String, Object[])
UnityEngine.Logger:Log(LogType, Object)
UnityEngine.Debug:Log(Object)
HighPrecisionStepperJuggler.SerialInterface:ProcessReceiveBuffer()
HighPrecisionStepperJuggler.SerialInterface:Update()
 
(Filename: C:\build\output\unity\unity\Runtime/Export/Debug/Debug.bindings.h Line: 35)

[SerialInterface] Received: Num of move batches: 1
UnityEngine.DebugLogHandler:Internal_Log(LogType, LogOption, String, Object)
UnityEngine.DebugLogHandler:LogFormat(LogType, Object, String, Object[])
UnityEngine.Logger:Log(LogType, Object)
UnityEngine.Debug:Log(Object)
HighPrecisionStepperJuggler.SerialInterface:ProcessReceiveBuffer()
HighPrecisionStepperJuggler.SerialInterface:Update()
 
(Filename: C:\build\output\unity\unity\Runtime/Export/Debug/Debug.bindings.h Line: 35)

[SerialInterface] Received: Batch 0 marker value: 11.00000
UnityEngine.DebugLogHandler:Internal_Log(LogType, LogOption, String, Object)
UnityEngine.DebugLogHandler:LogFormat(LogType, Object, String, Object[])
UnityEngine.Logger:Log(LogType, Object)
UnityEngine.Debug:Log(Object)
HighPrecisionStepperJuggler.SerialInterface:ProcessReceiveBuffer()
HighPrecisionStepperJuggler.SerialInterface:Update()
 
(Filename: C:\build\output\unity\unity\Runtime/Export/Debug/Debug.bindings.h Line: 35)

[SerialInterface] Received: Marker matches expected value.
UnityEngine.DebugLogHandler:Internal_Log(LogType, LogOption, String, Object)
UnityEngine.DebugLogHandler:LogFormat(LogType, Object, String, Object[])
UnityEngine.Logger:Log(LogType, Object)
UnityEngine.Debug:Log(Object)
HighPrecisionStepperJuggler.SerialInterface:ProcessReceiveBuffer()
HighPrecisionStepperJuggler.SerialInterface:Update()
 
(Filename: C:\build\output\unity\unity\Runtime/Export/Debug/Debug.bindings.h Line: 35)

[SerialInterface] Received: Motor0 pulses: 1382
UnityEngine.DebugLogHandler:Internal_Log(LogType, LogOption, String, Object)
UnityEngine.DebugLogHandler:LogFormat(LogType, Object, String, Object[])
UnityEngine.Logger:Log(LogType, Object)
UnityEngine.Debug:Log(Object)
HighPrecisionStepperJuggler.SerialInterface:ProcessReceiveBuffer()
HighPrecisionStepperJuggler.SerialInterface:Update()
 
(Filename: C:\build\output\unity\unity\Runtime/Export/Debug/Debug.bindings.h Line: 35)

[SerialInterface] Received: Motor1 pulses: 1603
UnityEngine.DebugLogHandler:Internal_Log(LogType, LogOption, String, Object)
UnityEngine.DebugLogHandler:LogFormat(LogType, Object, String, Object[])
UnityEngine.Logger:Log(LogType, Object)
UnityEngine.Debug:Log(Object)
HighPrecisionStepperJuggler.SerialInterface:ProcessReceiveBuffer()
HighPrecisionStepperJuggler.SerialInterface:Update()
 
(Filename: C:\build\output\unity\unity\Runtime/Export/Debug/Debug.bindings.h Line: 35)

[SerialInterface] Received: Motor2 pulses: 1492
UnityEngine.DebugLogHandler:Internal_Log(LogType, LogOption, String, Object)
UnityEngine.DebugLogHandler:LogFormat(LogType, Object, String, Object[])
UnityEngine.Logger:Log(LogType, Object)
UnityEngine.Debug:Log(Object)
HighPrecisionStepperJuggler.SerialInterface:ProcessReceiveBuffer()
HighPrecisionStepperJuggler.SerialInterface:Update()
 
(Filename: C:\build\output\unity\unity\Runtime/Export/Debug/Debug.bindings.h Line: 35)

[SerialInterface] Received: Motor3 pulses: 1492
UnityEngine.DebugLogHandler:Internal_Log(LogType, LogOption, String, Object)
UnityEngine.DebugLogHandler:LogFormat(LogType, Object, String, Object[])
UnityEngine.Logger:Log(LogType, Object)
UnityEngine.Debug:Log(Object)
HighPrecisionStepperJuggler.SerialInterface:ProcessReceiveBuffer()
HighPrecisionStepperJuggler.SerialInterface:Update()
 
(Filename: C:\build\output\unity\unity\Runtime/Export/Debug/Debug.bindings.h Line: 35)

[SerialInterface] Received: Move duration: 0.10000
UnityEngine.DebugLogHandler:Internal_Log(LogType, LogOption, String, Object)
UnityEngine.DebugLogHandler:LogFormat(LogType, Object, String, Object[])
UnityEngine.Logger:Log(LogType, Object)
UnityEngine.Debug:Log(Object)
HighPrecisionStepperJuggler.SerialInterface:ProcessReceiveBuffer()
HighPrecisionStepperJuggler.SerialInterface:Update()
 
(Filename: C:\build\output\unity\unity\Runtime/Export/Debug/Debug.bindings.h Line: 35)

Ball r, x, y :60.78, 127, -90
UnityEngine.DebugLogHandler:Internal_Log(LogType, LogOption, String, Object)
UnityEngine.DebugLogHandler:LogFormat(LogType, Object, String, Object[])
UnityEngine.Logger:Log(LogType, Object)
UnityEngine.Debug:Log(Object)
HighPrecisionStepperJuggler.ImageProcessingInstructionSender:Update()
 
(Filename: C:\build\output\unity\unity\Runtime/Export/Debug/Debug.bindings.h Line: 35)

Ball r, x, y :62.56, 116, -90
UnityEngine.DebugLogHandler:Internal_Log(LogType, LogOption, String, Object)
UnityEngine.DebugLogHandler:LogFormat(LogType, Object, String, Object[])
UnityEngine.Logger:Log(LogType, Object)
UnityEngine.Debug:Log(Object)
HighPrecisionStepperJuggler.ImageProcessingInstructionSender:Update()
 
(Filename: C:\build\output\unity\unity\Runtime/Export/Debug/Debug.bindings.h Line: 35)

[SerialInterface] Sending: 11.00000:0.65624:0.65624:0.64609:0.66645:0.10000

UnityEngine.DebugLogHandler:Internal_Log(LogType, LogOption, String, Object)
UnityEngine.DebugLogHandler:LogFormat(LogType, Object, String, Object[])
UnityEngine.Logger:Log(LogType, Object)
UnityEngine.Debug:Log(Object)
HighPrecisionStepperJuggler.SerialInterface:Send(String)
HighPrecisionStepperJuggler.RealMachine:SendInstructions(List`1)
HighPrecisionStepperJuggler.InstructableMachine:Instruct(List`1)
HighPrecisionStepperJuggler.MachineController:SendInstructions(List`1)
HighPrecisionStepperJuggler.BallControlling:MoveToHeightWithAlternatingXYTiltCorrection(MachineController, ITiltController, BallData, Single, Single, Int32, Nullable`1)
HighPrecisionStepperJuggler.<>c__DisplayClass4_0:<TwoStepBouncing>b__0(BallData, MachineController, Int32)
HighPrecisionStepperJuggler.BallControlStrategy:Execute(BallData, MachineController)
HighPrecisionStepperJuggler.ImageProcessingInstructionSender:Update()
 
(Filename: C:\build\output\unity\unity\Runtime/Export/Debug/Debug.bindings.h Line: 35)

[SerialInterface] Received: RECEIVED MSG: 11.00000:0.65624:0.65624:0.64609:0.66645:0.10000
UnityEngine.DebugLogHandler:Internal_Log(LogType, LogOption, String, Object)
UnityEngine.DebugLogHandler:LogFormat(LogType, Object, String, Object[])
UnityEngine.Logger:Log(LogType, Object)
UnityEngine.Debug:Log(Object)
HighPrecisionStepperJuggler.SerialInterface:ProcessReceiveBuffer()
HighPrecisionStepperJuggler.SerialInterface:Update()
 
(Filename: C:\build\output\unity\unity\Runtime/Export/Debug/Debug.bindings.h Line: 35)

[SerialInterface] Received: Parsed tokens (count=6): 11.00000 |0.65624 |0.65624 |0.64609 |0.66645 |0.10000
UnityEngine.DebugLogHandler:Internal_Log(LogType, LogOption, String, Object)
UnityEngine.DebugLogHandler:LogFormat(LogType, Object, String, Object[])
UnityEngine.Logger:Log(LogType, Object)
UnityEngine.Debug:Log(Object)
HighPrecisionStepperJuggler.SerialInterface:ProcessReceiveBuffer()
HighPrecisionStepperJuggler.SerialInterface:Update()
 
(Filename: C:\build\output\unity\unity\Runtime/Export/Debug/Debug.bindings.h Line: 35)

[SerialInterface] Received: Num of move batches: 1
UnityEngine.DebugLogHandler:Internal_Log(LogType, LogOption, String, Object)
UnityEngine.DebugLogHandler:LogFormat(LogType, Object, String, Object[])
UnityEngine.Logger:Log(LogType, Object)
UnityEngine.Debug:Log(Object)
HighPrecisionStepperJuggler.SerialInterface:ProcessReceiveBuffer()
HighPrecisionStepperJuggler.SerialInterface:Update()
 
(Filename: C:\build\output\unity\unity\Runtime/Export/Debug/Debug.bindings.h Line: 35)

[SerialInterface] Received: Batch 0 marker value: 11.00000
UnityEngine.DebugLogHandler:Internal_Log(LogType, LogOption, String, Object)
UnityEngine.DebugLogHandler:LogFormat(LogType, Object, String, Object[])
UnityEngine.Logger:Log(LogType, Object)
UnityEngine.Debug:Log(Object)
HighPrecisionStepperJuggler.SerialInterface:ProcessReceiveBuffer()
HighPrecisionStepperJuggler.SerialInterface:Update()
 
(Filename: C:\build\output\unity\unity\Runtime/Export/Debug/Debug.bindings.h Line: 35)

[SerialInterface] Received: Marker matches expected value.
UnityEngine.DebugLogHandler:Internal_Log(LogType, LogOption, String, Object)
UnityEngine.DebugLogHandler:LogFormat(LogType, Object, String, Object[])
UnityEngine.Logger:Log(LogType, Object)
UnityEngine.Debug:Log(Object)
HighPrecisionStepperJuggler.SerialInterface:ProcessReceiveBuffer()
HighPrecisionStepperJuggler.SerialInterface:Update()
 
(Filename: C:\build\output\unity\unity\Runtime/Export/Debug/Debug.bindings.h Line: 35)

[SerialInterface] Received: Motor0 pulses: 1731
UnityEngine.DebugLogHandler:Internal_Log(LogType, LogOption, String, Object)
UnityEngine.DebugLogHandler:LogFormat(LogType, Object, String, Object[])
UnityEngine.Logger:Log(LogType, Object)
UnityEngine.Debug:Log(Object)
HighPrecisionStepperJuggler.SerialInterface:ProcessReceiveBuffer()
HighPrecisionStepperJuggler.SerialInterface:Update()
 
(Filename: C:\build\output\unity\unity\Runtime/Export/Debug/Debug.bindings.h Line: 35)

[SerialInterface] Received: Motor1 pulses: 1731
UnityEngine.DebugLogHandler:Internal_Log(LogType, LogOption, String, Object)
UnityEngine.DebugLogHandler:LogFormat(LogType, Object, String, Object[])
UnityEngine.Logger:Log(LogType, Object)
UnityEngine.Debug:Log(Object)
HighPrecisionStepperJuggler.SerialInterface:ProcessReceiveBuffer()
HighPrecisionStepperJuggler.SerialInterface:Update()
 
(Filename: C:\build\output\unity\unity\Runtime/Export/Debug/Debug.bindings.h Line: 35)

[SerialInterface] Received: Motor2 pulses: 1704
UnityEngine.DebugLogHandler:Internal_Log(LogType, LogOption, String, Object)
UnityEngine.DebugLogHandler:LogFormat(LogType, Object, String, Object[])
UnityEngine.Logger:Log(LogType, Object)
UnityEngine.Debug:Log(Object)
HighPrecisionStepperJuggler.SerialInterface:ProcessReceiveBuffer()
HighPrecisionStepperJuggler.SerialInterface:Update()
 
(Filename: C:\build\output\unity\unity\Runtime/Export/Debug/Debug.bindings.h Line: 35)

[SerialInterface] Received: Motor3 pulses: 1758
UnityEngine.DebugLogHandler:Internal_Log(LogType, LogOption, String, Object)
UnityEngine.DebugLogHandler:LogFormat(LogType, Object, String, Object[])
UnityEngine.Logger:Log(LogType, Object)
UnityEngine.Debug:Log(Object)
HighPrecisionStepperJuggler.SerialInterface:ProcessReceiveBuffer()
HighPrecisionStepperJuggler.SerialInterface:Update()
 
(Filename: C:\build\output\unity\unity\Runtime/Export/Debug/Debug.bindings.h Line: 35)

[SerialInterface] Received: Move duration: 0.10000
UnityEngine.DebugLogHandler:Internal_Log(LogType, LogOption, String, Object)
UnityEngine.DebugLogHandler:LogFormat(LogType, Object, String, Object[])
UnityEngine.Logger:Log(LogType, Object)
UnityEngine.Debug:Log(Object)
HighPrecisionStepperJuggler.SerialInterface:ProcessReceiveBuffer()
HighPrecisionStepperJuggler.SerialInterface:Update()
 
(Filename: C:\build\output\unity\unity\Runtime/Export/Debug/Debug.bindings.h Line: 35)

Ball r, x, y :48.1, 82, -60
UnityEngine.DebugLogHandler:Internal_Log(LogType, LogOption, String, Object)
UnityEngine.DebugLogHandler:LogFormat(LogType, Object, String, Object[])
UnityEngine.Logger:Log(LogType, Object)
UnityEngine.Debug:Log(Object)
HighPrecisionStepperJuggler.ImageProcessingInstructionSender:Update()
 
(Filename: C:\build\output\unity\unity\Runtime/Export/Debug/Debug.bindings.h Line: 35)

Ball r, x, y :47.64, 89, -60
UnityEngine.DebugLogHandler:Internal_Log(LogType, LogOption, String, Object)
UnityEngine.DebugLogHandler:LogFormat(LogType, Object, String, Object[])
UnityEngine.Logger:Log(LogType, Object)
UnityEngine.Debug:Log(Object)
HighPrecisionStepperJuggler.ImageProcessingInstructionSender:Update()
 
(Filename: C:\build\output\unity\unity\Runtime/Export/Debug/Debug.bindings.h Line: 35)

[SerialInterface] Sending: 11.00000:0.52950:0.60241:0.56571:0.56571:0.10000

UnityEngine.DebugLogHandler:Internal_Log(LogType, LogOption, String, Object)
UnityEngine.DebugLogHandler:LogFormat(LogType, Object, String, Object[])
UnityEngine.Logger:Log(LogType, Object)
UnityEngine.Debug:Log(Object)
HighPrecisionStepperJuggler.SerialInterface:Send(String)
HighPrecisionStepperJuggler.RealMachine:SendInstructions(List`1)
HighPrecisionStepperJuggler.InstructableMachine:Instruct(List`1)
HighPrecisionStepperJuggler.MachineController:SendInstructions(List`1)
HighPrecisionStepperJuggler.BallControlling:MoveToHeightWithAlternatingXYTiltCorrection(MachineController, ITiltController, BallData, Single, Single, Int32, Nullable`1)
HighPrecisionStepperJuggler.<>c__DisplayClass4_0:<TwoStepBouncing>b__0(BallData, MachineController, Int32)
HighPrecisionStepperJuggler.BallControlStrategy:Execute(BallData, MachineController)
HighPrecisionStepperJuggler.ImageProcessingInstructionSender:Update()
 
(Filename: C:\build\output\unity\unity\Runtime/Export/Debug/Debug.bindings.h Line: 35)

[SerialInterface] Received: RECEIVED MSG: 11.00000:0.52950:0.60241:0.56571:0.56571:0.10000
UnityEngine.DebugLogHandler:Internal_Log(LogType, LogOption, String, Object)
UnityEngine.DebugLogHandler:LogFormat(LogType, Object, String, Object[])
UnityEngine.Logger:Log(LogType, Object)
UnityEngine.Debug:Log(Object)
HighPrecisionStepperJuggler.SerialInterface:ProcessReceiveBuffer()
HighPrecisionStepperJuggler.SerialInterface:Update()
 
(Filename: C:\build\output\unity\unity\Runtime/Export/Debug/Debug.bindings.h Line: 35)

[SerialInterface] Received: Parsed tokens (count=6): 11.00000 |0.52950 |0.60241 |0.56571 |0.56571 |0.10000
UnityEngine.DebugLogHandler:Internal_Log(LogType, LogOption, String, Object)
UnityEngine.DebugLogHandler:LogFormat(LogType, Object, String, Object[])
UnityEngine.Logger:Log(LogType, Object)
UnityEngine.Debug:Log(Object)
HighPrecisionStepperJuggler.SerialInterface:ProcessReceiveBuffer()
HighPrecisionStepperJuggler.SerialInterface:Update()
 
(Filename: C:\build\output\unity\unity\Runtime/Export/Debug/Debug.bindings.h Line: 35)

[SerialInterface] Received: Num of move batches: 1
UnityEngine.DebugLogHandler:Internal_Log(LogType, LogOption, String, Object)
UnityEngine.DebugLogHandler:LogFormat(LogType, Object, String, Object[])
UnityEngine.Logger:Log(LogType, Object)
UnityEngine.Debug:Log(Object)
HighPrecisionStepperJuggler.SerialInterface:ProcessReceiveBuffer()
HighPrecisionStepperJuggler.SerialInterface:Update()
 
(Filename: C:\build\output\unity\unity\Runtime/Export/Debug/Debug.bindings.h Line: 35)

[SerialInterface] Received: Batch 0 marker value: 11.00000
UnityEngine.DebugLogHandler:Internal_Log(LogType, LogOption, String, Object)
UnityEngine.DebugLogHandler:LogFormat(LogType, Object, String, Object[])
UnityEngine.Logger:Log(LogType, Object)
UnityEngine.Debug:Log(Object)
HighPrecisionStepperJuggler.SerialInterface:ProcessReceiveBuffer()
HighPrecisionStepperJuggler.SerialInterface:Update()
 
(Filename: C:\build\output\unity\unity\Runtime/Export/Debug/Debug.bindings.h Line: 35)

[SerialInterface] Received: Marker matches expected value.
UnityEngine.DebugLogHandler:Internal_Log(LogType, LogOption, String, Object)
UnityEngine.DebugLogHandler:LogFormat(LogType, Object, String, Object[])
UnityEngine.Logger:Log(LogType, Object)
UnityEngine.Debug:Log(Object)
HighPrecisionStepperJuggler.SerialInterface:ProcessReceiveBuffer()
HighPrecisionStepperJuggler.SerialInterface:Update()
 
(Filename: C:\build\output\unity\unity\Runtime/Export/Debug/Debug.bindings.h Line: 35)

[SerialInterface] Received: Motor0 pulses: 1396
UnityEngine.DebugLogHandler:Internal_Log(LogType, LogOption, String, Object)
UnityEngine.DebugLogHandler:LogFormat(LogType, Object, String, Object[])
UnityEngine.Logger:Log(LogType, Object)
UnityEngine.Debug:Log(Object)
HighPrecisionStepperJuggler.SerialInterface:ProcessReceiveBuffer()
HighPrecisionStepperJuggler.SerialInterface:Update()
 
(Filename: C:\build\output\unity\unity\Runtime/Export/Debug/Debug.bindings.h Line: 35)

[SerialInterface] Received: Motor1 pulses: 1589
UnityEngine.DebugLogHandler:Internal_Log(LogType, LogOption, String, Object)
UnityEngine.DebugLogHandler:LogFormat(LogType, Object, String, Object[])
UnityEngine.Logger:Log(LogType, Object)
UnityEngine.Debug:Log(Object)
HighPrecisionStepperJuggler.SerialInterface:ProcessReceiveBuffer()
HighPrecisionStepperJuggler.SerialInterface:Update()
 
(Filename: C:\build\output\unity\unity\Runtime/Export/Debug/Debug.bindings.h Line: 35)

[SerialInterface] Received: Motor2 pulses: 1492
UnityEngine.DebugLogHandler:Internal_Log(LogType, LogOption, String, Object)
UnityEngine.DebugLogHandler:LogFormat(LogType, Object, String, Object[])
UnityEngine.Logger:Log(LogType, Object)
UnityEngine.Debug:Log(Object)
HighPrecisionStepperJuggler.SerialInterface:ProcessReceiveBuffer()
HighPrecisionStepperJuggler.SerialInterface:Update()
 
(Filename: C:\build\output\unity\unity\Runtime/Export/Debug/Debug.bindings.h Line: 35)

[SerialInterface] Received: Motor3 pulses: 1492
UnityEngine.DebugLogHandler:Internal_Log(LogType, LogOption, String, Object)
UnityEngine.DebugLogHandler:LogFormat(LogType, Object, String, Object[])
UnityEngine.Logger:Log(LogType, Object)
UnityEngine.Debug:Log(Object)
HighPrecisionStepperJuggler.SerialInterface:ProcessReceiveBuffer()
HighPrecisionStepperJuggler.SerialInterface:Update()
 
(Filename: C:\build\output\unity\unity\Runtime/Export/Debug/Debug.bindings.h Line: 35)

[SerialInterface] Received: Move duration: 0.10000
UnityEngine.DebugLogHandler:Internal_Log(LogType, LogOption, String, Object)
UnityEngine.DebugLogHandler:LogFormat(LogType, Object, String, Object[])
UnityEngine.Logger:Log(LogType, Object)
UnityEngine.Debug:Log(Object)
HighPrecisionStepperJuggler.SerialInterface:ProcessReceiveBuffer()
HighPrecisionStepperJuggler.SerialInterface:Update()
 
(Filename: C:\build\output\unity\unity\Runtime/Export/Debug/Debug.bindings.h Line: 35)

Ball r, x, y :60.28, 117, -90
UnityEngine.DebugLogHandler:Internal_Log(LogType, LogOption, String, Object)
UnityEngine.DebugLogHandler:LogFormat(LogType, Object, String, Object[])
UnityEngine.Logger:Log(LogType, Object)
UnityEngine.Debug:Log(Object)
HighPrecisionStepperJuggler.ImageProcessingInstructionSender:Update()
 
(Filename: C:\build\output\unity\unity\Runtime/Export/Debug/Debug.bindings.h Line: 35)

Ball r, x, y :46.36, 108, -60
UnityEngine.DebugLogHandler:Internal_Log(LogType, LogOption, String, Object)
UnityEngine.DebugLogHandler:LogFormat(LogType, Object, String, Object[])
UnityEngine.Logger:Log(LogType, Object)
UnityEngine.Debug:Log(Object)
HighPrecisionStepperJuggler.ImageProcessingInstructionSender:Update()
 
(Filename: C:\build\output\unity\unity\Runtime/Export/Debug/Debug.bindings.h Line: 35)

Ball r, x, y :48.1, 93, -60
UnityEngine.DebugLogHandler:Internal_Log(LogType, LogOption, String, Object)
UnityEngine.DebugLogHandler:LogFormat(LogType, Object, String, Object[])
UnityEngine.Logger:Log(LogType, Object)
UnityEngine.Debug:Log(Object)
HighPrecisionStepperJuggler.ImageProcessingInstructionSender:Update()
 
(Filename: C:\build\output\unity\unity\Runtime/Export/Debug/Debug.bindings.h Line: 35)

Ball r, x, y :47.28, 97, -60
UnityEngine.DebugLogHandler:Internal_Log(LogType, LogOption, String, Object)
UnityEngine.DebugLogHandler:LogFormat(LogType, Object, String, Object[])
UnityEngine.Logger:Log(LogType, Object)
UnityEngine.Debug:Log(Object)
HighPrecisionStepperJuggler.ImageProcessingInstructionSender:Update()
 
(Filename: C:\build\output\unity\unity\Runtime/Export/Debug/Debug.bindings.h Line: 35)

Ball r, x, y :54.68, 107, -90
UnityEngine.DebugLogHandler:Internal_Log(LogType, LogOption, String, Object)
UnityEngine.DebugLogHandler:LogFormat(LogType, Object, String, Object[])
UnityEngine.Logger:Log(LogType, Object)
UnityEngine.Debug:Log(Object)
HighPrecisionStepperJuggler.ImageProcessingInstructionSender:Update()
 
(Filename: C:\build\output\unity\unity\Runtime/Export/Debug/Debug.bindings.h Line: 35)

[SerialInterface] Sending: 11.00000:0.65624:0.65624:0.59825:0.71612:0.10000

UnityEngine.DebugLogHandler:Internal_Log(LogType, LogOption, String, Object)
UnityEngine.DebugLogHandler:LogFormat(LogType, Object, String, Object[])
UnityEngine.Logger:Log(LogType, Object)
UnityEngine.Debug:Log(Object)
HighPrecisionStepperJuggler.SerialInterface:Send(String)
HighPrecisionStepperJuggler.RealMachine:SendInstructions(List`1)
HighPrecisionStepperJuggler.InstructableMachine:Instruct(List`1)
HighPrecisionStepperJuggler.MachineController:SendInstructions(List`1)
HighPrecisionStepperJuggler.BallControlling:MoveToHeightWithAlternatingXYTiltCorrection(MachineController, ITiltController, BallData, Single, Single, Int32, Nullable`1)
HighPrecisionStepperJuggler.<>c__DisplayClass4_0:<TwoStepBouncing>b__0(BallData, MachineController, Int32)
HighPrecisionStepperJuggler.BallControlStrategy:Execute(BallData, MachineController)
HighPrecisionStepperJuggler.ImageProcessingInstructionSender:Update()
 
(Filename: C:\build\output\unity\unity\Runtime/Export/Debug/Debug.bindings.h Line: 35)

[SerialInterface] Received: RECEIVED MSG: 11.00000:0.65624:0.65624:0.59825:0.71612:0.10000
UnityEngine.DebugLogHandler:Internal_Log(LogType, LogOption, String, Object)
UnityEngine.DebugLogHandler:LogFormat(LogType, Object, String, Object[])
UnityEngine.Logger:Log(LogType, Object)
UnityEngine.Debug:Log(Object)
HighPrecisionStepperJuggler.SerialInterface:ProcessReceiveBuffer()
HighPrecisionStepperJuggler.SerialInterface:Update()
 
(Filename: C:\build\output\unity\unity\Runtime/Export/Debug/Debug.bindings.h Line: 35)

[SerialInterface] Received: Parsed tokens (count=6): 11.00000 |0.65624 |0.65624 |0.59825 |0.71612 |0.10000
UnityEngine.DebugLogHandler:Internal_Log(LogType, LogOption, String, Object)
UnityEngine.DebugLogHandler:LogFormat(LogType, Object, String, Object[])
UnityEngine.Logger:Log(LogType, Object)
UnityEngine.Debug:Log(Object)
HighPrecisionStepperJuggler.SerialInterface:ProcessReceiveBuffer()
HighPrecisionStepperJuggler.SerialInterface:Update()
 
(Filename: C:\build\output\unity\unity\Runtime/Export/Debug/Debug.bindings.h Line: 35)

[SerialInterface] Received: Num of move batches: 1
UnityEngine.DebugLogHandler:Internal_Log(LogType, LogOption, String, Object)
UnityEngine.DebugLogHandler:LogFormat(LogType, Object, String, Object[])
UnityEngine.Logger:Log(LogType, Object)
UnityEngine.Debug:Log(Object)
HighPrecisionStepperJuggler.SerialInterface:ProcessReceiveBuffer()
HighPrecisionStepperJuggler.SerialInterface:Update()
 
(Filename: C:\build\output\unity\unity\Runtime/Export/Debug/Debug.bindings.h Line: 35)

[SerialInterface] Received: Batch 0 marker value: 11.00000
UnityEngine.DebugLogHandler:Internal_Log(LogType, LogOption, String, Object)
UnityEngine.DebugLogHandler:LogFormat(LogType, Object, String, Object[])
UnityEngine.Logger:Log(LogType, Object)
UnityEngine.Debug:Log(Object)
HighPrecisionStepperJuggler.SerialInterface:ProcessReceiveBuffer()
HighPrecisionStepperJuggler.SerialInterface:Update()
 
(Filename: C:\build\output\unity\unity\Runtime/Export/Debug/Debug.bindings.h Line: 35)

[SerialInterface] Received: Marker matches expected value.
UnityEngine.DebugLogHandler:Internal_Log(LogType, LogOption, String, Object)
UnityEngine.DebugLogHandler:LogFormat(LogType, Object, String, Object[])
UnityEngine.Logger:Log(LogType, Object)
UnityEngine.Debug:Log(Object)
HighPrecisionStepperJuggler.SerialInterface:ProcessReceiveBuffer()
HighPrecisionStepperJuggler.SerialInterface:Update()
 
(Filename: C:\build\output\unity\unity\Runtime/Export/Debug/Debug.bindings.h Line: 35)

[SerialInterface] Received: Motor0 pulses: 1731
UnityEngine.DebugLogHandler:Internal_Log(LogType, LogOption, String, Object)
UnityEngine.DebugLogHandler:LogFormat(LogType, Object, String, Object[])
UnityEngine.Logger:Log(LogType, Object)
UnityEngine.Debug:Log(Object)
HighPrecisionStepperJuggler.SerialInterface:ProcessReceiveBuffer()
HighPrecisionStepperJuggler.SerialInterface:Update()
 
(Filename: C:\build\output\unity\unity\Runtime/Export/Debug/Debug.bindings.h Line: 35)

[SerialInterface] Received: Motor1 pulses: 1731
UnityEngine.DebugLogHandler:Internal_Log(LogType, LogOption, String, Object)
UnityEngine.DebugLogHandler:LogFormat(LogType, Object, String, Object[])
UnityEngine.Logger:Log(LogType, Object)
UnityEngine.Debug:Log(Object)
HighPrecisionStepperJuggler.SerialInterface:ProcessReceiveBuffer()
HighPrecisionStepperJuggler.SerialInterface:Update()
 
(Filename: C:\build\output\unity\unity\Runtime/Export/Debug/Debug.bindings.h Line: 35)

[SerialInterface] Received: Motor2 pulses: 1578
UnityEngine.DebugLogHandler:Internal_Log(LogType, LogOption, String, Object)
UnityEngine.DebugLogHandler:LogFormat(LogType, Object, String, Object[])
UnityEngine.Logger:Log(LogType, Object)
UnityEngine.Debug:Log(Object)
HighPrecisionStepperJuggler.SerialInterface:ProcessReceiveBuffer()
HighPrecisionStepperJuggler.SerialInterface:Update()
 
(Filename: C:\build\output\unity\unity\Runtime/Export/Debug/Debug.bindings.h Line: 35)

[SerialInterface] Received: Motor3 pulses: 1889
UnityEngine.DebugLogHandler:Internal_Log(LogType, LogOption, String, Object)
UnityEngine.DebugLogHandler:LogFormat(LogType, Object, String, Object[])
UnityEngine.Logger:Log(LogType, Object)
UnityEngine.Debug:Log(Object)
HighPrecisionStepperJuggler.SerialInterface:ProcessReceiveBuffer()
HighPrecisionStepperJuggler.SerialInterface:Update()
 
(Filename: C:\build\output\unity\unity\Runtime/Export/Debug/Debug.bindings.h Line: 35)

[SerialInterface] Received: Move duration: 0.10000
UnityEngine.DebugLogHandler:Internal_Log(LogType, LogOption, String, Object)
UnityEngine.DebugLogHandler:LogFormat(LogType, Object, String, Object[])
UnityEngine.Logger:Log(LogType, Object)
UnityEngine.Debug:Log(Object)
HighPrecisionStepperJuggler.SerialInterface:ProcessReceiveBuffer()
HighPrecisionStepperJuggler.SerialInterface:Update()
 
(Filename: C:\build\output\unity\unity\Runtime/Export/Debug/Debug.bindings.h Line: 35)

Ball r, x, y :42.96, 126, -120
UnityEngine.DebugLogHandler:Internal_Log(LogType, LogOption, String, Object)
UnityEngine.DebugLogHandler:LogFormat(LogType, Object, String, Object[])
UnityEngine.Logger:Log(LogType, Object)
UnityEngine.Debug:Log(Object)
HighPrecisionStepperJuggler.ImageProcessingInstructionSender:Update()
 
(Filename: C:\build\output\unity\unity\Runtime/Export/Debug/Debug.bindings.h Line: 35)

Ball r, x, y :60.28, 136, -90
UnityEngine.DebugLogHandler:Internal_Log(LogType, LogOption, String, Object)
UnityEngine.DebugLogHandler:LogFormat(LogType, Object, String, Object[])
UnityEngine.Logger:Log(LogType, Object)
UnityEngine.Debug:Log(Object)
HighPrecisionStepperJuggler.ImageProcessingInstructionSender:Update()
 
(Filename: C:\build\output\unity\unity\Runtime/Export/Debug/Debug.bindings.h Line: 35)

Ball r, x, y :64.34, 143, -90
UnityEngine.DebugLogHandler:Internal_Log(LogType, LogOption, String, Object)
UnityEngine.DebugLogHandler:LogFormat(LogType, Object, String, Object[])
UnityEngine.Logger:Log(LogType, Object)
UnityEngine.Debug:Log(Object)
HighPrecisionStepperJuggler.ImageProcessingInstructionSender:Update()
 
(Filename: C:\build\output\unity\unity\Runtime/Export/Debug/Debug.bindings.h Line: 35)

Ball r, x, y :58.22, 144, -120
UnityEngine.DebugLogHandler:Internal_Log(LogType, LogOption, String, Object)
UnityEngine.DebugLogHandler:LogFormat(LogType, Object, String, Object[])
UnityEngine.Logger:Log(LogType, Object)
UnityEngine.Debug:Log(Object)
HighPrecisionStepperJuggler.ImageProcessingInstructionSender:Update()
 
(Filename: C:\build\output\unity\unity\Runtime/Export/Debug/Debug.bindings.h Line: 35)

[SerialInterface] Sending: 11.00000:0.46771:0.66735:0.56571:0.56571:0.10000

UnityEngine.DebugLogHandler:Internal_Log(LogType, LogOption, String, Object)
UnityEngine.DebugLogHandler:LogFormat(LogType, Object, String, Object[])
UnityEngine.Logger:Log(LogType, Object)
UnityEngine.Debug:Log(Object)
HighPrecisionStepperJuggler.SerialInterface:Send(String)
HighPrecisionStepperJuggler.RealMachine:SendInstructions(List`1)
HighPrecisionStepperJuggler.InstructableMachine:Instruct(List`1)
HighPrecisionStepperJuggler.MachineController:SendInstructions(List`1)
HighPrecisionStepperJuggler.BallControlling:MoveToHeightWithAlternatingXYTiltCorrection(MachineController, ITiltController, BallData, Single, Single, Int32, Nullable`1)
HighPrecisionStepperJuggler.<>c__DisplayClass4_0:<TwoStepBouncing>b__0(BallData, MachineController, Int32)
HighPrecisionStepperJuggler.BallControlStrategy:Execute(BallData, MachineController)
HighPrecisionStepperJuggler.ImageProcessingInstructionSender:Update()
 
(Filename: C:\build\output\unity\unity\Runtime/Export/Debug/Debug.bindings.h Line: 35)

[SerialInterface] Received: RECEIVED MSG: 11.00000:0.46771:0.66735:0.56571:0.56571:0.10000
UnityEngine.DebugLogHandler:Internal_Log(LogType, LogOption, String, Object)
UnityEngine.DebugLogHandler:LogFormat(LogType, Object, String, Object[])
UnityEngine.Logger:Log(LogType, Object)
UnityEngine.Debug:Log(Object)
HighPrecisionStepperJuggler.SerialInterface:ProcessReceiveBuffer()
HighPrecisionStepperJuggler.SerialInterface:Update()
 
(Filename: C:\build\output\unity\unity\Runtime/Export/Debug/Debug.bindings.h Line: 35)

[SerialInterface] Received: Parsed tokens (count=6): 11.00000 |0.46771 |0.66735 |0.56571 |0.56571 |0.10000
UnityEngine.DebugLogHandler:Internal_Log(LogType, LogOption, String, Object)
UnityEngine.DebugLogHandler:LogFormat(LogType, Object, String, Object[])
UnityEngine.Logger:Log(LogType, Object)
UnityEngine.Debug:Log(Object)
HighPrecisionStepperJuggler.SerialInterface:ProcessReceiveBuffer()
HighPrecisionStepperJuggler.SerialInterface:Update()
 
(Filename: C:\build\output\unity\unity\Runtime/Export/Debug/Debug.bindings.h Line: 35)

[SerialInterface] Received: Num of move batches: 1
UnityEngine.DebugLogHandler:Internal_Log(LogType, LogOption, String, Object)
UnityEngine.DebugLogHandler:LogFormat(LogType, Object, String, Object[])
UnityEngine.Logger:Log(LogType, Object)
UnityEngine.Debug:Log(Object)
HighPrecisionStepperJuggler.SerialInterface:ProcessReceiveBuffer()
HighPrecisionStepperJuggler.SerialInterface:Update()
 
(Filename: C:\build\output\unity\unity\Runtime/Export/Debug/Debug.bindings.h Line: 35)

[SerialInterface] Received: Batch 0 marker value: 11.00000
UnityEngine.DebugLogHandler:Internal_Log(LogType, LogOption, String, Object)
UnityEngine.DebugLogHandler:LogFormat(LogType, Object, String, Object[])
UnityEngine.Logger:Log(LogType, Object)
UnityEngine.Debug:Log(Object)
HighPrecisionStepperJuggler.SerialInterface:ProcessReceiveBuffer()
HighPrecisionStepperJuggler.SerialInterface:Update()
 
(Filename: C:\build\output\unity\unity\Runtime/Export/Debug/Debug.bindings.h Line: 35)

[SerialInterface] Received: Marker matches expected value.
UnityEngine.DebugLogHandler:Internal_Log(LogType, LogOption, String, Object)
UnityEngine.DebugLogHandler:LogFormat(LogType, Object, String, Object[])
UnityEngine.Logger:Log(LogType, Object)
UnityEngine.Debug:Log(Object)
HighPrecisionStepperJuggler.SerialInterface:ProcessReceiveBuffer()
HighPrecisionStepperJuggler.SerialInterface:Update()
 
(Filename: C:\build\output\unity\unity\Runtime/Export/Debug/Debug.bindings.h Line: 35)

[SerialInterface] Received: Motor0 pulses: 1233
UnityEngine.DebugLogHandler:Internal_Log(LogType, LogOption, String, Object)
UnityEngine.DebugLogHandler:LogFormat(LogType, Object, String, Object[])
UnityEngine.Logger:Log(LogType, Object)
UnityEngine.Debug:Log(Object)
HighPrecisionStepperJuggler.SerialInterface:ProcessReceiveBuffer()
HighPrecisionStepperJuggler.SerialInterface:Update()
 
(Filename: C:\build\output\unity\unity\Runtime/Export/Debug/Debug.bindings.h Line: 35)

[SerialInterface] Received: Motor1 pulses: 1760
UnityEngine.DebugLogHandler:Internal_Log(LogType, LogOption, String, Object)
UnityEngine.DebugLogHandler:LogFormat(LogType, Object, String, Object[])
UnityEngine.Logger:Log(LogType, Object)
UnityEngine.Debug:Log(Object)
HighPrecisionStepperJuggler.SerialInterface:ProcessReceiveBuffer()
HighPrecisionStepperJuggler.SerialInterface:Update()
 
(Filename: C:\build\output\unity\unity\Runtime/Export/Debug/Debug.bindings.h Line: 35)

[SerialInterface] Received: Motor2 pulses: 1492
UnityEngine.DebugLogHandler:Internal_Log(LogType, LogOption, String, Object)
UnityEngine.DebugLogHandler:LogFormat(LogType, Object, String, Object[])
UnityEngine.Logger:Log(LogType, Object)
UnityEngine.Debug:Log(Object)
HighPrecisionStepperJuggler.SerialInterface:ProcessReceiveBuffer()
HighPrecisionStepperJuggler.SerialInterface:Update()
 
(Filename: C:\build\output\unity\unity\Runtime/Export/Debug/Debug.bindings.h Line: 35)

[SerialInterface] Received: Motor3 pulses: 1492
UnityEngine.DebugLogHandler:Internal_Log(LogType, LogOption, String, Object)
UnityEngine.DebugLogHandler:LogFormat(LogType, Object, String, Object[])
UnityEngine.Logger:Log(LogType, Object)
UnityEngine.Debug:Log(Object)
HighPrecisionStepperJuggler.SerialInterface:ProcessReceiveBuffer()
HighPrecisionStepperJuggler.SerialInterface:Update()
 
(Filename: C:\build\output\unity\unity\Runtime/Export/Debug/Debug.bindings.h Line: 35)

[SerialInterface] Received: Move duration: 0.10000
UnityEngine.DebugLogHandler:Internal_Log(LogType, LogOption, String, Object)
UnityEngine.DebugLogHandler:LogFormat(LogType, Object, String, Object[])
UnityEngine.Logger:Log(LogType, Object)
UnityEngine.Debug:Log(Object)
HighPrecisionStepperJuggler.SerialInterface:ProcessReceiveBuffer()
HighPrecisionStepperJuggler.SerialInterface:Update()
 
(Filename: C:\build\output\unity\unity\Runtime/Export/Debug/Debug.bindings.h Line: 35)

Ball r, x, y :56.44, 136, -60
UnityEngine.DebugLogHandler:Internal_Log(LogType, LogOption, String, Object)
UnityEngine.DebugLogHandler:LogFormat(LogType, Object, String, Object[])
UnityEngine.Logger:Log(LogType, Object)
UnityEngine.Debug:Log(Object)
HighPrecisionStepperJuggler.ImageProcessingInstructionSender:Update()
 
(Filename: C:\build\output\unity\unity\Runtime/Export/Debug/Debug.bindings.h Line: 35)

Ball r, x, y :56.84, 136, -60
UnityEngine.DebugLogHandler:Internal_Log(LogType, LogOption, String, Object)
UnityEngine.DebugLogHandler:LogFormat(LogType, Object, String, Object[])
UnityEngine.Logger:Log(LogType, Object)
UnityEngine.Debug:Log(Object)
HighPrecisionStepperJuggler.ImageProcessingInstructionSender:Update()
 
(Filename: C:\build\output\unity\unity\Runtime/Export/Debug/Debug.bindings.h Line: 35)

[SerialInterface] Sending: 11.00000:0.54144:0.59020:0.56073:0.57070:0.10000

UnityEngine.DebugLogHandler:Internal_Log(LogType, LogOption, String, Object)
UnityEngine.DebugLogHandler:LogFormat(LogType, Object, String, Object[])
UnityEngine.Logger:Log(LogType, Object)
UnityEngine.Debug:Log(Object)
HighPrecisionStepperJuggler.SerialInterface:Send(String)
HighPrecisionStepperJuggler.RealMachine:SendInstructions(List`1)
HighPrecisionStepperJuggler.InstructableMachine:Instruct(List`1)
HighPrecisionStepperJuggler.MachineController:SendInstructions(List`1)
HighPrecisionStepperJuggler.BallControlling:MoveToHeightWithXYTiltCorrection(MachineController, ITiltController, BallData, Single, Single, Nullable`1)
HighPrecisionStepperJuggler.<>c__DisplayClass3_0:<StepBouncing_Down>b__0(BallData, MachineController, Int32)
HighPrecisionStepperJuggler.BallControlStrategy:Execute(BallData, MachineController)
HighPrecisionStepperJuggler.ImageProcessingInstructionSender:Update()
 
(Filename: C:\build\output\unity\unity\Runtime/Export/Debug/Debug.bindings.h Line: 35)

[SerialInterface] Received: RECEIVED MSG: 11.00000:0.54144:0.59020:0.56073:0.57070:0.10000
UnityEngine.DebugLogHandler:Internal_Log(LogType, LogOption, String, Object)
UnityEngine.DebugLogHandler:LogFormat(LogType, Object, String, Object[])
UnityEngine.Logger:Log(LogType, Object)
UnityEngine.Debug:Log(Object)
HighPrecisionStepperJuggler.SerialInterface:ProcessReceiveBuffer()
HighPrecisionStepperJuggler.SerialInterface:Update()
 
(Filename: C:\build\output\unity\unity\Runtime/Export/Debug/Debug.bindings.h Line: 35)

[SerialInterface] Received: Parsed tokens (count=6): 11.00000 |0.54144 |0.59020 |0.56073 |0.57070 |0.10000
UnityEngine.DebugLogHandler:Internal_Log(LogType, LogOption, String, Object)
UnityEngine.DebugLogHandler:LogFormat(LogType, Object, String, Object[])
UnityEngine.Logger:Log(LogType, Object)
UnityEngine.Debug:Log(Object)
HighPrecisionStepperJuggler.SerialInterface:ProcessReceiveBuffer()
HighPrecisionStepperJuggler.SerialInterface:Update()
 
(Filename: C:\build\output\unity\unity\Runtime/Export/Debug/Debug.bindings.h Line: 35)

[SerialInterface] Received: Num of move batches: 1
UnityEngine.DebugLogHandler:Internal_Log(LogType, LogOption, String, Object)
UnityEngine.DebugLogHandler:LogFormat(LogType, Object, String, Object[])
UnityEngine.Logger:Log(LogType, Object)
UnityEngine.Debug:Log(Object)
HighPrecisionStepperJuggler.SerialInterface:ProcessReceiveBuffer()
HighPrecisionStepperJuggler.SerialInterface:Update()
 
(Filename: C:\build\output\unity\unity\Runtime/Export/Debug/Debug.bindings.h Line: 35)

[SerialInterface] Received: Batch 0 marker value: 11.00000
UnityEngine.DebugLogHandler:Internal_Log(LogType, LogOption, String, Object)
UnityEngine.DebugLogHandler:LogFormat(LogType, Object, String, Object[])
UnityEngine.Logger:Log(LogType, Object)
UnityEngine.Debug:Log(Object)
HighPrecisionStepperJuggler.SerialInterface:ProcessReceiveBuffer()
HighPrecisionStepperJuggler.SerialInterface:Update()
 
(Filename: C:\build\output\unity\unity\Runtime/Export/Debug/Debug.bindings.h Line: 35)

[SerialInterface] Received: Marker matches expected value.
UnityEngine.DebugLogHandler:Internal_Log(LogType, LogOption, String, Object)
UnityEngine.DebugLogHandler:LogFormat(LogType, Object, String, Object[])
UnityEngine.Logger:Log(LogType, Object)
UnityEngine.Debug:Log(Object)
HighPrecisionStepperJuggler.SerialInterface:ProcessReceiveBuffer()
HighPrecisionStepperJuggler.SerialInterface:Update()
 
(Filename: C:\build\output\unity\unity\Runtime/Export/Debug/Debug.bindings.h Line: 35)

[SerialInterface] Received: Motor0 pulses: 1428
UnityEngine.DebugLogHandler:Internal_Log(LogType, LogOption, String, Object)
UnityEngine.DebugLogHandler:LogFormat(LogType, Object, String, Object[])
UnityEngine.Logger:Log(LogType, Object)
UnityEngine.Debug:Log(Object)
HighPrecisionStepperJuggler.SerialInterface:ProcessReceiveBuffer()
HighPrecisionStepperJuggler.SerialInterface:Update()
 
(Filename: C:\build\output\unity\unity\Runtime/Export/Debug/Debug.bindings.h Line: 35)

[SerialInterface] Received: Motor1 pulses: 1557
UnityEngine.DebugLogHandler:Internal_Log(LogType, LogOption, String, Object)
UnityEngine.DebugLogHandler:LogFormat(LogType, Object, String, Object[])
UnityEngine.Logger:Log(LogType, Object)
UnityEngine.Debug:Log(Object)
HighPrecisionStepperJuggler.SerialInterface:ProcessReceiveBuffer()
HighPrecisionStepperJuggler.SerialInterface:Update()
 
(Filename: C:\build\output\unity\unity\Runtime/Export/Debug/Debug.bindings.h Line: 35)

[SerialInterface] Received: Motor2 pulses: 1479
UnityEngine.DebugLogHandler:Internal_Log(LogType, LogOption, String, Object)
UnityEngine.DebugLogHandler:LogFormat(LogType, Object, String, Object[])
UnityEngine.Logger:Log(LogType, Object)
UnityEngine.Debug:Log(Object)
HighPrecisionStepperJuggler.SerialInterface:ProcessReceiveBuffer()
HighPrecisionStepperJuggler.SerialInterface:Update()
 
(Filename: C:\build\output\unity\unity\Runtime/Export/Debug/Debug.bindings.h Line: 35)

[SerialInterface] Received: Motor3 pulses: 1505
UnityEngine.DebugLogHandler:Internal_Log(LogType, LogOption, String, Object)
UnityEngine.DebugLogHandler:LogFormat(LogType, Object, String, Object[])
UnityEngine.Logger:Log(LogType, Object)
UnityEngine.Debug:Log(Object)
HighPrecisionStepperJuggler.SerialInterface:ProcessReceiveBuffer()
HighPrecisionStepperJuggler.SerialInterface:Update()
 
(Filename: C:\build\output\unity\unity\Runtime/Export/Debug/Debug.bindings.h Line: 35)

[SerialInterface] Received: Move duration: 0.10000
UnityEngine.DebugLogHandler:Internal_Log(LogType, LogOption, String, Object)
UnityEngine.DebugLogHandler:LogFormat(LogType, Object, String, Object[])
UnityEngine.Logger:Log(LogType, Object)
UnityEngine.Debug:Log(Object)
HighPrecisionStepperJuggler.SerialInterface:ProcessReceiveBuffer()
HighPrecisionStepperJuggler.SerialInterface:Update()
 
(Filename: C:\build\output\unity\unity\Runtime/Export/Debug/Debug.bindings.h Line: 35)

Ball r, x, y :56.84, 134, -60
UnityEngine.DebugLogHandler:Internal_Log(LogType, LogOption, String, Object)
UnityEngine.DebugLogHandler:LogFormat(LogType, Object, String, Object[])
UnityEngine.Logger:Log(LogType, Object)
UnityEngine.Debug:Log(Object)
HighPrecisionStepperJuggler.ImageProcessingInstructionSender:Update()
 
(Filename: C:\build\output\unity\unity\Runtime/Export/Debug/Debug.bindings.h Line: 35)

Ball r, x, y :56.44, 133, -60
UnityEngine.DebugLogHandler:Internal_Log(LogType, LogOption, String, Object)
UnityEngine.DebugLogHandler:LogFormat(LogType, Object, String, Object[])
UnityEngine.Logger:Log(LogType, Object)
UnityEngine.Debug:Log(Object)
HighPrecisionStepperJuggler.ImageProcessingInstructionSender:Update()
 
(Filename: C:\build\output\unity\unity\Runtime/Export/Debug/Debug.bindings.h Line: 35)

Ball r, x, y :56.44, 133, -60
UnityEngine.DebugLogHandler:Internal_Log(LogType, LogOption, String, Object)
UnityEngine.DebugLogHandler:LogFormat(LogType, Object, String, Object[])
UnityEngine.Logger:Log(LogType, Object)
UnityEngine.Debug:Log(Object)
HighPrecisionStepperJuggler.ImageProcessingInstructionSender:Update()
 
(Filename: C:\build\output\unity\unity\Runtime/Export/Debug/Debug.bindings.h Line: 35)

Ball r, x, y :55.44, 133, -60
UnityEngine.DebugLogHandler:Internal_Log(LogType, LogOption, String, Object)
UnityEngine.DebugLogHandler:LogFormat(LogType, Object, String, Object[])
UnityEngine.Logger:Log(LogType, Object)
UnityEngine.Debug:Log(Object)
HighPrecisionStepperJuggler.ImageProcessingInstructionSender:Update()
 
(Filename: C:\build\output\unity\unity\Runtime/Export/Debug/Debug.bindings.h Line: 35)

Ball r, x, y :54.68, 132, -60
UnityEngine.DebugLogHandler:Internal_Log(LogType, LogOption, String, Object)
UnityEngine.DebugLogHandler:LogFormat(LogType, Object, String, Object[])
UnityEngine.Logger:Log(LogType, Object)
UnityEngine.Debug:Log(Object)
HighPrecisionStepperJuggler.ImageProcessingInstructionSender:Update()
 
(Filename: C:\build\output\unity\unity\Runtime/Export/Debug/Debug.bindings.h Line: 35)

Ball r, x, y :63.44, 130, -90
UnityEngine.DebugLogHandler:Internal_Log(LogType, LogOption, String, Object)
UnityEngine.DebugLogHandler:LogFormat(LogType, Object, String, Object[])
UnityEngine.Logger:Log(LogType, Object)
UnityEngine.Debug:Log(Object)
HighPrecisionStepperJuggler.ImageProcessingInstructionSender:Update()
 
(Filename: C:\build\output\unity\unity\Runtime/Export/Debug/Debug.bindings.h Line: 35)

[SerialInterface] Sending: 11.00000:0.64384:0.66873:0.62484:0.68818:0.10000

UnityEngine.DebugLogHandler:Internal_Log(LogType, LogOption, String, Object)
UnityEngine.DebugLogHandler:LogFormat(LogType, Object, String, Object[])
UnityEngine.Logger:Log(LogType, Object)
UnityEngine.Debug:Log(Object)
HighPrecisionStepperJuggler.SerialInterface:Send(String)
HighPrecisionStepperJuggler.RealMachine:SendInstructions(List`1)
HighPrecisionStepperJuggler.InstructableMachine:Instruct(List`1)
HighPrecisionStepperJuggler.MachineController:SendInstructions(List`1)
HighPrecisionStepperJuggler.BallControlling:MoveToHeightWithXYTiltCorrection(MachineController, ITiltController, BallData, Single, Single, Nullable`1)
HighPrecisionStepperJuggler.<>c__DisplayClass2_0:<StepBouncing_Up>b__0(BallData, MachineController, Int32)
HighPrecisionStepperJuggler.BallControlStrategy:Execute(BallData, MachineController)
HighPrecisionStepperJuggler.ImageProcessingInstructionSender:Update()
 
(Filename: C:\build\output\unity\unity\Runtime/Export/Debug/Debug.bindings.h Line: 35)

[SerialInterface] Received: RECEIVED MSG: 11.00000:0.64384:0.66873:0.62484:0.68818:0.10000
UnityEngine.DebugLogHandler:Internal_Log(LogType, LogOption, String, Object)
UnityEngine.DebugLogHandler:LogFormat(LogType, Object, String, Object[])
UnityEngine.Logger:Log(LogType, Object)
UnityEngine.Debug:Log(Object)
HighPrecisionStepperJuggler.SerialInterface:ProcessReceiveBuffer()
HighPrecisionStepperJuggler.SerialInterface:Update()
 
(Filename: C:\build\output\unity\unity\Runtime/Export/Debug/Debug.bindings.h Line: 35)

[SerialInterface] Received: Parsed tokens (count=6): 11.00000 |0.64384 |0.66873 |0.62484 |0.68818 |0.10000
UnityEngine.DebugLogHandler:Internal_Log(LogType, LogOption, String, Object)
UnityEngine.DebugLogHandler:LogFormat(LogType, Object, String, Object[])
UnityEngine.Logger:Log(LogType, Object)
UnityEngine.Debug:Log(Object)
HighPrecisionStepperJuggler.SerialInterface:ProcessReceiveBuffer()
HighPrecisionStepperJuggler.SerialInterface:Update()
 
(Filename: C:\build\output\unity\unity\Runtime/Export/Debug/Debug.bindings.h Line: 35)

[SerialInterface] Received: Num of move batches: 1
UnityEngine.DebugLogHandler:Internal_Log(LogType, LogOption, String, Object)
UnityEngine.DebugLogHandler:LogFormat(LogType, Object, String, Object[])
UnityEngine.Logger:Log(LogType, Object)
UnityEngine.Debug:Log(Object)
HighPrecisionStepperJuggler.SerialInterface:ProcessReceiveBuffer()
HighPrecisionStepperJuggler.SerialInterface:Update()
 
(Filename: C:\build\output\unity\unity\Runtime/Export/Debug/Debug.bindings.h Line: 35)

[SerialInterface] Received: Batch 0 marker value: 11.00000
UnityEngine.DebugLogHandler:Internal_Log(LogType, LogOption, String, Object)
UnityEngine.DebugLogHandler:LogFormat(LogType, Object, String, Object[])
UnityEngine.Logger:Log(LogType, Object)
UnityEngine.Debug:Log(Object)
HighPrecisionStepperJuggler.SerialInterface:ProcessReceiveBuffer()
HighPrecisionStepperJuggler.SerialInterface:Update()
 
(Filename: C:\build\output\unity\unity\Runtime/Export/Debug/Debug.bindings.h Line: 35)

[SerialInterface] Received: Marker matches expected value.
UnityEngine.DebugLogHandler:Internal_Log(LogType, LogOption, String, Object)
UnityEngine.DebugLogHandler:LogFormat(LogType, Object, String, Object[])
UnityEngine.Logger:Log(LogType, Object)
UnityEngine.Debug:Log(Object)
HighPrecisionStepperJuggler.SerialInterface:ProcessReceiveBuffer()
HighPrecisionStepperJuggler.SerialInterface:Update()
 
(Filename: C:\build\output\unity\unity\Runtime/Export/Debug/Debug.bindings.h Line: 35)

[SerialInterface] Received: Motor0 pulses: 1698
UnityEngine.DebugLogHandler:Internal_Log(LogType, LogOption, String, Object)
UnityEngine.DebugLogHandler:LogFormat(LogType, Object, String, Object[])
UnityEngine.Logger:Log(LogType, Object)
UnityEngine.Debug:Log(Object)
HighPrecisionStepperJuggler.SerialInterface:ProcessReceiveBuffer()
HighPrecisionStepperJuggler.SerialInterface:Update()
 
(Filename: C:\build\output\unity\unity\Runtime/Export/Debug/Debug.bindings.h Line: 35)

[SerialInterface] Received: Motor1 pulses: 1764
UnityEngine.DebugLogHandler:Internal_Log(LogType, LogOption, String, Object)
UnityEngine.DebugLogHandler:LogFormat(LogType, Object, String, Object[])
UnityEngine.Logger:Log(LogType, Object)
UnityEngine.Debug:Log(Object)
HighPrecisionStepperJuggler.SerialInterface:ProcessReceiveBuffer()
HighPrecisionStepperJuggler.SerialInterface:Update()
 
(Filename: C:\build\output\unity\unity\Runtime/Export/Debug/Debug.bindings.h Line: 35)

[SerialInterface] Received: Motor2 pulses: 1648
UnityEngine.DebugLogHandler:Internal_Log(LogType, LogOption, String, Object)
UnityEngine.DebugLogHandler:LogFormat(LogType, Object, String, Object[])
UnityEngine.Logger:Log(LogType, Object)
UnityEngine.Debug:Log(Object)
HighPrecisionStepperJuggler.SerialInterface:ProcessReceiveBuffer()
HighPrecisionStepperJuggler.SerialInterface:Update()
 
(Filename: C:\build\output\unity\unity\Runtime/Export/Debug/Debug.bindings.h Line: 35)

[SerialInterface] Received: Motor3 pulses: 1815
UnityEngine.DebugLogHandler:Internal_Log(LogType, LogOption, String, Object)
UnityEngine.DebugLogHandler:LogFormat(LogType, Object, String, Object[])
UnityEngine.Logger:Log(LogType, Object)
UnityEngine.Debug:Log(Object)
HighPrecisionStepperJuggler.SerialInterface:ProcessReceiveBuffer()
HighPrecisionStepperJuggler.SerialInterface:Update()
 
(Filename: C:\build\output\unity\unity\Runtime/Export/Debug/Debug.bindings.h Line: 35)

[SerialInterface] Received: Move duration: 0.10000
UnityEngine.DebugLogHandler:Internal_Log(LogType, LogOption, String, Object)
UnityEngine.DebugLogHandler:LogFormat(LogType, Object, String, Object[])
UnityEngine.Logger:Log(LogType, Object)
UnityEngine.Debug:Log(Object)
HighPrecisionStepperJuggler.SerialInterface:ProcessReceiveBuffer()
HighPrecisionStepperJuggler.SerialInterface:Update()
 
(Filename: C:\build\output\unity\unity\Runtime/Export/Debug/Debug.bindings.h Line: 35)

Ball r, x, y :62.98, 129, -90
UnityEngine.DebugLogHandler:Internal_Log(LogType, LogOption, String, Object)
UnityEngine.DebugLogHandler:LogFormat(LogType, Object, String, Object[])
UnityEngine.Logger:Log(LogType, Object)
UnityEngine.Debug:Log(Object)
HighPrecisionStepperJuggler.ImageProcessingInstructionSender:Update()
 
(Filename: C:\build\output\unity\unity\Runtime/Export/Debug/Debug.bindings.h Line: 35)

Ball r, x, y :60.78, 126, -90
UnityEngine.DebugLogHandler:Internal_Log(LogType, LogOption, String, Object)
UnityEngine.DebugLogHandler:LogFormat(LogType, Object, String, Object[])
UnityEngine.Logger:Log(LogType, Object)
UnityEngine.Debug:Log(Object)
HighPrecisionStepperJuggler.ImageProcessingInstructionSender:Update()
 
(Filename: C:\build\output\unity\unity\Runtime/Export/Debug/Debug.bindings.h Line: 35)

[SerialInterface] Sending: 11.00000:0.56431:0.56711:0.54098:0.59067:0.10000

UnityEngine.DebugLogHandler:Internal_Log(LogType, LogOption, String, Object)
UnityEngine.DebugLogHandler:LogFormat(LogType, Object, String, Object[])
UnityEngine.Logger:Log(LogType, Object)
UnityEngine.Debug:Log(Object)
HighPrecisionStepperJuggler.SerialInterface:Send(String)
HighPrecisionStepperJuggler.RealMachine:SendInstructions(List`1)
HighPrecisionStepperJuggler.InstructableMachine:Instruct(List`1)
HighPrecisionStepperJuggler.MachineController:SendInstructions(List`1)
HighPrecisionStepperJuggler.BallControlling:MoveToHeightWithXYTiltCorrection(MachineController, ITiltController, BallData, Single, Single, Nullable`1)
HighPrecisionStepperJuggler.<>c__DisplayClass3_0:<StepBouncing_Down>b__0(BallData, MachineController, Int32)
HighPrecisionStepperJuggler.BallControlStrategy:Execute(BallData, MachineController)
HighPrecisionStepperJuggler.ImageProcessingInstructionSender:Update()
 
(Filename: C:\build\output\unity\unity\Runtime/Export/Debug/Debug.bindings.h Line: 35)

[SerialInterface] Received: RECEIVED MSG: 11.00000:0.56431:0.56711:0.54098:0.59067:0.10000
UnityEngine.DebugLogHandler:Internal_Log(LogType, LogOption, String, Object)
UnityEngine.DebugLogHandler:LogFormat(LogType, Object, String, Object[])
UnityEngine.Logger:Log(LogType, Object)
UnityEngine.Debug:Log(Object)
HighPrecisionStepperJuggler.SerialInterface:ProcessReceiveBuffer()
HighPrecisionStepperJuggler.SerialInterface:Update()
 
(Filename: C:\build\output\unity\unity\Runtime/Export/Debug/Debug.bindings.h Line: 35)

[SerialInterface] Received: Parsed tokens (count=6): 11.00000 |0.56431 |0.56711 |0.54098 |0.59067 |0.10000
UnityEngine.DebugLogHandler:Internal_Log(LogType, LogOption, String, Object)
UnityEngine.DebugLogHandler:LogFormat(LogType, Object, String, Object[])
UnityEngine.Logger:Log(LogType, Object)
UnityEngine.Debug:Log(Object)
HighPrecisionStepperJuggler.SerialInterface:ProcessReceiveBuffer()
HighPrecisionStepperJuggler.SerialInterface:Update()
 
(Filename: C:\build\output\unity\unity\Runtime/Export/Debug/Debug.bindings.h Line: 35)

[SerialInterface] Received: Num of move batches: 1
UnityEngine.DebugLogHandler:Internal_Log(LogType, LogOption, String, Object)
UnityEngine.DebugLogHandler:LogFormat(LogType, Object, String, Object[])
UnityEngine.Logger:Log(LogType, Object)
UnityEngine.Debug:Log(Object)
HighPrecisionStepperJuggler.SerialInterface:ProcessReceiveBuffer()
HighPrecisionStepperJuggler.SerialInterface:Update()
 
(Filename: C:\build\output\unity\unity\Runtime/Export/Debug/Debug.bindings.h Line: 35)

[SerialInterface] Received: Batch 0 marker value: 11.00000
UnityEngine.DebugLogHandler:Internal_Log(LogType, LogOption, String, Object)
UnityEngine.DebugLogHandler:LogFormat(LogType, Object, String, Object[])
UnityEngine.Logger:Log(LogType, Object)
UnityEngine.Debug:Log(Object)
HighPrecisionStepperJuggler.SerialInterface:ProcessReceiveBuffer()
HighPrecisionStepperJuggler.SerialInterface:Update()
 
(Filename: C:\build\output\unity\unity\Runtime/Export/Debug/Debug.bindings.h Line: 35)

[SerialInterface] Received: Marker matches expected value.
UnityEngine.DebugLogHandler:Internal_Log(LogType, LogOption, String, Object)
UnityEngine.DebugLogHandler:LogFormat(LogType, Object, String, Object[])
UnityEngine.Logger:Log(LogType, Object)
UnityEngine.Debug:Log(Object)
HighPrecisionStepperJuggler.SerialInterface:ProcessReceiveBuffer()
HighPrecisionStepperJuggler.SerialInterface:Update()
 
(Filename: C:\build\output\unity\unity\Runtime/Export/Debug/Debug.bindings.h Line: 35)

[SerialInterface] Received: Motor0 pulses: 1488
UnityEngine.DebugLogHandler:Internal_Log(LogType, LogOption, String, Object)
UnityEngine.DebugLogHandler:LogFormat(LogType, Object, String, Object[])
UnityEngine.Logger:Log(LogType, Object)
UnityEngine.Debug:Log(Object)
HighPrecisionStepperJuggler.SerialInterface:ProcessReceiveBuffer()
HighPrecisionStepperJuggler.SerialInterface:Update()
 
(Filename: C:\build\output\unity\unity\Runtime/Export/Debug/Debug.bindings.h Line: 35)

[SerialInterface] Received: Motor1 pulses: 1496
UnityEngine.DebugLogHandler:Internal_Log(LogType, LogOption, String, Object)
UnityEngine.DebugLogHandler:LogFormat(LogType, Object, String, Object[])
UnityEngine.Logger:Log(LogType, Object)
UnityEngine.Debug:Log(Object)
HighPrecisionStepperJuggler.SerialInterface:ProcessReceiveBuffer()
HighPrecisionStepperJuggler.SerialInterface:Update()
 
(Filename: C:\build\output\unity\unity\Runtime/Export/Debug/Debug.bindings.h Line: 35)

[SerialInterface] Received: Motor2 pulses: 1427
UnityEngine.DebugLogHandler:Internal_Log(LogType, LogOption, String, Object)
UnityEngine.DebugLogHandler:LogFormat(LogType, Object, String, Object[])
UnityEngine.Logger:Log(LogType, Object)
UnityEngine.Debug:Log(Object)
HighPrecisionStepperJuggler.SerialInterface:ProcessReceiveBuffer()
HighPrecisionStepperJuggler.SerialInterface:Update()
 
(Filename: C:\build\output\unity\unity\Runtime/Export/Debug/Debug.bindings.h Line: 35)

[SerialInterface] Received: Motor3 pulses: 1558
UnityEngine.DebugLogHandler:Internal_Log(LogType, LogOption, String, Object)
UnityEngine.DebugLogHandler:LogFormat(LogType, Object, String, Object[])
UnityEngine.Logger:Log(LogType, Object)
UnityEngine.Debug:Log(Object)
HighPrecisionStepperJuggler.SerialInterface:ProcessReceiveBuffer()
HighPrecisionStepperJuggler.SerialInterface:Update()
 
(Filename: C:\build\output\unity\unity\Runtime/Export/Debug/Debug.bindings.h Line: 35)

[SerialInterface] Received: Move duration: 0.10000
UnityEngine.DebugLogHandler:Internal_Log(LogType, LogOption, String, Object)
UnityEngine.DebugLogHandler:LogFormat(LogType, Object, String, Object[])
UnityEngine.Logger:Log(LogType, Object)
UnityEngine.Debug:Log(Object)
HighPrecisionStepperJuggler.SerialInterface:ProcessReceiveBuffer()
HighPrecisionStepperJuggler.SerialInterface:Update()
 
(Filename: C:\build\output\unity\unity\Runtime/Export/Debug/Debug.bindings.h Line: 35)

Ball r, x, y :59.5, 125, -90
UnityEngine.DebugLogHandler:Internal_Log(LogType, LogOption, String, Object)
UnityEngine.DebugLogHandler:LogFormat(LogType, Object, String, Object[])
UnityEngine.Logger:Log(LogType, Object)
UnityEngine.Debug:Log(Object)
HighPrecisionStepperJuggler.ImageProcessingInstructionSender:Update()
 
(Filename: C:\build\output\unity\unity\Runtime/Export/Debug/Debug.bindings.h Line: 35)

Ball r, x, y :57.72, 125, -90
UnityEngine.DebugLogHandler:Internal_Log(LogType, LogOption, String, Object)
UnityEngine.DebugLogHandler:LogFormat(LogType, Object, String, Object[])
UnityEngine.Logger:Log(LogType, Object)
UnityEngine.Debug:Log(Object)
HighPrecisionStepperJuggler.ImageProcessingInstructionSender:Update()
 
(Filename: C:\build\output\unity\unity\Runtime/Export/Debug/Debug.bindings.h Line: 35)

Ball r, x, y :57.72, 125, -90
UnityEngine.DebugLogHandler:Internal_Log(LogType, LogOption, String, Object)
UnityEngine.DebugLogHandler:LogFormat(LogType, Object, String, Object[])
UnityEngine.Logger:Log(LogType, Object)
UnityEngine.Debug:Log(Object)
HighPrecisionStepperJuggler.ImageProcessingInstructionSender:Update()
 
(Filename: C:\build\output\unity\unity\Runtime/Export/Debug/Debug.bindings.h Line: 35)

Ball r, x, y :57.72, 125, -90
UnityEngine.DebugLogHandler:Internal_Log(LogType, LogOption, String, Object)
UnityEngine.DebugLogHandler:LogFormat(LogType, Object, String, Object[])
UnityEngine.Logger:Log(LogType, Object)
UnityEngine.Debug:Log(Object)
HighPrecisionStepperJuggler.ImageProcessingInstructionSender:Update()
 
(Filename: C:\build\output\unity\unity\Runtime/Export/Debug/Debug.bindings.h Line: 35)

Ball r, x, y :57.3, 124, -90
UnityEngine.DebugLogHandler:Internal_Log(LogType, LogOption, String, Object)
UnityEngine.DebugLogHandler:LogFormat(LogType, Object, String, Object[])
UnityEngine.Logger:Log(LogType, Object)
UnityEngine.Debug:Log(Object)
HighPrecisionStepperJuggler.ImageProcessingInstructionSender:Update()
 
(Filename: C:\build\output\unity\unity\Runtime/Export/Debug/Debug.bindings.h Line: 35)

Ball r, x, y :55.94, 123, -90
UnityEngine.DebugLogHandler:Internal_Log(LogType, LogOption, String, Object)
UnityEngine.DebugLogHandler:LogFormat(LogType, Object, String, Object[])
UnityEngine.Logger:Log(LogType, Object)
UnityEngine.Debug:Log(Object)
HighPrecisionStepperJuggler.ImageProcessingInstructionSender:Update()
 
(Filename: C:\build\output\unity\unity\Runtime/Export/Debug/Debug.bindings.h Line: 35)

Ball r, x, y :51.62, 121, -90
UnityEngine.DebugLogHandler:Internal_Log(LogType, LogOption, String, Object)
UnityEngine.DebugLogHandler:LogFormat(LogType, Object, String, Object[])
UnityEngine.Logger:Log(LogType, Object)
UnityEngine.Debug:Log(Object)
HighPrecisionStepperJuggler.ImageProcessingInstructionSender:Update()
 
(Filename: C:\build\output\unity\unity\Runtime/Export/Debug/Debug.bindings.h Line: 35)

Ball r, x, y :55.94, 128, -150
UnityEngine.DebugLogHandler:Internal_Log(LogType, LogOption, String, Object)
UnityEngine.DebugLogHandler:LogFormat(LogType, Object, String, Object[])
UnityEngine.Logger:Log(LogType, Object)
UnityEngine.Debug:Log(Object)
HighPrecisionStepperJuggler.ImageProcessingInstructionSender:Update()
 
(Filename: C:\build\output\unity\unity\Runtime/Export/Debug/Debug.bindings.h Line: 35)

[SerialInterface] Sending: 11.00000:0.64524:0.66731:0.61876:0.69450:0.10000

UnityEngine.DebugLogHandler:Internal_Log(LogType, LogOption, String, Object)
UnityEngine.DebugLogHandler:LogFormat(LogType, Object, String, Object[])
UnityEngine.Logger:Log(LogType, Object)
UnityEngine.Debug:Log(Object)
HighPrecisionStepperJuggler.SerialInterface:Send(String)
HighPrecisionStepperJuggler.RealMachine:SendInstructions(List`1)
HighPrecisionStepperJuggler.InstructableMachine:Instruct(List`1)
HighPrecisionStepperJuggler.MachineController:SendInstructions(List`1)
HighPrecisionStepperJuggler.BallControlling:MoveToHeightWithXYTiltCorrection(MachineController, ITiltController, BallData, Single, Single, Nullable`1)
HighPrecisionStepperJuggler.<>c__DisplayClass2_0:<StepBouncing_Up>b__0(BallData, MachineController, Int32)
HighPrecisionStepperJuggler.BallControlStrategy:Execute(BallData, MachineController)
HighPrecisionStepperJuggler.ImageProcessingInstructionSender:Update()
 
(Filename: C:\build\output\unity\unity\Runtime/Export/Debug/Debug.bindings.h Line: 35)

[SerialInterface] Received: RECEIVED MSG: 11.00000:0.64524:0.66731:0.61876:0.69450:0.10000
UnityEngine.DebugLogHandler:Internal_Log(LogType, LogOption, String, Object)
UnityEngine.DebugLogHandler:LogFormat(LogType, Object, String, Object[])
UnityEngine.Logger:Log(LogType, Object)
UnityEngine.Debug:Log(Object)
HighPrecisionStepperJuggler.SerialInterface:ProcessReceiveBuffer()
HighPrecisionStepperJuggler.SerialInterface:Update()
 
(Filename: C:\build\output\unity\unity\Runtime/Export/Debug/Debug.bindings.h Line: 35)

[SerialInterface] Received: Parsed tokens (count=6): 11.00000 |0.64524 |0.66731 |0.61876 |0.69450 |0.10000
UnityEngine.DebugLogHandler:Internal_Log(LogType, LogOption, String, Object)
UnityEngine.DebugLogHandler:LogFormat(LogType, Object, String, Object[])
UnityEngine.Logger:Log(LogType, Object)
UnityEngine.Debug:Log(Object)
HighPrecisionStepperJuggler.SerialInterface:ProcessReceiveBuffer()
HighPrecisionStepperJuggler.SerialInterface:Update()
 
(Filename: C:\build\output\unity\unity\Runtime/Export/Debug/Debug.bindings.h Line: 35)

[SerialInterface] Received: Num of move batches: 1
UnityEngine.DebugLogHandler:Internal_Log(LogType, LogOption, String, Object)
UnityEngine.DebugLogHandler:LogFormat(LogType, Object, String, Object[])
UnityEngine.Logger:Log(LogType, Object)
UnityEngine.Debug:Log(Object)
HighPrecisionStepperJuggler.SerialInterface:ProcessReceiveBuffer()
HighPrecisionStepperJuggler.SerialInterface:Update()
 
(Filename: C:\build\output\unity\unity\Runtime/Export/Debug/Debug.bindings.h Line: 35)

[SerialInterface] Received: Batch 0 marker value: 11.00000
UnityEngine.DebugLogHandler:Internal_Log(LogType, LogOption, String, Object)
UnityEngine.DebugLogHandler:LogFormat(LogType, Object, String, Object[])
UnityEngine.Logger:Log(LogType, Object)
UnityEngine.Debug:Log(Object)
HighPrecisionStepperJuggler.SerialInterface:ProcessReceiveBuffer()
HighPrecisionStepperJuggler.SerialInterface:Update()
 
(Filename: C:\build\output\unity\unity\Runtime/Export/Debug/Debug.bindings.h Line: 35)

[SerialInterface] Received: Marker matches expected value.
UnityEngine.DebugLogHandler:Internal_Log(LogType, LogOption, String, Object)
UnityEngine.DebugLogHandler:LogFormat(LogType, Object, String, Object[])
UnityEngine.Logger:Log(LogType, Object)
UnityEngine.Debug:Log(Object)
HighPrecisionStepperJuggler.SerialInterface:ProcessReceiveBuffer()
HighPrecisionStepperJuggler.SerialInterface:Update()
 
(Filename: C:\build\output\unity\unity\Runtime/Export/Debug/Debug.bindings.h Line: 35)

[SerialInterface] Received: Motor0 pulses: 1702
UnityEngine.DebugLogHandler:Internal_Log(LogType, LogOption, String, Object)
UnityEngine.DebugLogHandler:LogFormat(LogType, Object, String, Object[])
UnityEngine.Logger:Log(LogType, Object)
UnityEngine.Debug:Log(Object)
HighPrecisionStepperJuggler.SerialInterface:ProcessReceiveBuffer()
HighPrecisionStepperJuggler.SerialInterface:Update()
 
(Filename: C:\build\output\unity\unity\Runtime/Export/Debug/Debug.bindings.h Line: 35)

[SerialInterface] Received: Motor1 pulses: 1760
UnityEngine.DebugLogHandler:Internal_Log(LogType, LogOption, String, Object)
UnityEngine.DebugLogHandler:LogFormat(LogType, Object, String, Object[])
UnityEngine.Logger:Log(LogType, Object)
UnityEngine.Debug:Log(Object)
HighPrecisionStepperJuggler.SerialInterface:ProcessReceiveBuffer()
HighPrecisionStepperJuggler.SerialInterface:Update()
 
(Filename: C:\build\output\unity\unity\Runtime/Export/Debug/Debug.bindings.h Line: 35)

[SerialInterface] Received: Motor2 pulses: 1632
UnityEngine.DebugLogHandler:Internal_Log(LogType, LogOption, String, Object)
UnityEngine.DebugLogHandler:LogFormat(LogType, Object, String, Object[])
UnityEngine.Logger:Log(LogType, Object)
UnityEngine.Debug:Log(Object)
HighPrecisionStepperJuggler.SerialInterface:ProcessReceiveBuffer()
HighPrecisionStepperJuggler.SerialInterface:Update()
 
(Filename: C:\build\output\unity\unity\Runtime/Export/Debug/Debug.bindings.h Line: 35)

[SerialInterface] Received: Motor3 pulses: 1832
UnityEngine.DebugLogHandler:Internal_Log(LogType, LogOption, String, Object)
UnityEngine.DebugLogHandler:LogFormat(LogType, Object, String, Object[])
UnityEngine.Logger:Log(LogType, Object)
UnityEngine.Debug:Log(Object)
HighPrecisionStepperJuggler.SerialInterface:ProcessReceiveBuffer()
HighPrecisionStepperJuggler.SerialInterface:Update()
 
(Filename: C:\build\output\unity\unity\Runtime/Export/Debug/Debug.bindings.h Line: 35)

[SerialInterface] Received: Move duration: 0.10000
UnityEngine.DebugLogHandler:Internal_Log(LogType, LogOption, String, Object)
UnityEngine.DebugLogHandler:LogFormat(LogType, Object, String, Object[])
UnityEngine.Logger:Log(LogType, Object)
UnityEngine.Debug:Log(Object)
HighPrecisionStepperJuggler.SerialInterface:ProcessReceiveBuffer()
HighPrecisionStepperJuggler.SerialInterface:Update()
 
(Filename: C:\build\output\unity\unity\Runtime/Export/Debug/Debug.bindings.h Line: 35)

Ball r, x, y :56.44, 129, -120
UnityEngine.DebugLogHandler:Internal_Log(LogType, LogOption, String, Object)
UnityEngine.DebugLogHandler:LogFormat(LogType, Object, String, Object[])
UnityEngine.Logger:Log(LogType, Object)
UnityEngine.Debug:Log(Object)
HighPrecisionStepperJuggler.ImageProcessingInstructionSender:Update()
 
(Filename: C:\build\output\unity\unity\Runtime/Export/Debug/Debug.bindings.h Line: 35)

Ball r, x, y :59.04, 134, -150
UnityEngine.DebugLogHandler:Internal_Log(LogType, LogOption, String, Object)
UnityEngine.DebugLogHandler:LogFormat(LogType, Object, String, Object[])
UnityEngine.Logger:Log(LogType, Object)
UnityEngine.Debug:Log(Object)
HighPrecisionStepperJuggler.ImageProcessingInstructionSender:Update()
 
(Filename: C:\build\output\unity\unity\Runtime/Export/Debug/Debug.bindings.h Line: 35)

Ball r, x, y :59.5, 142, -180
UnityEngine.DebugLogHandler:Internal_Log(LogType, LogOption, String, Object)
UnityEngine.DebugLogHandler:LogFormat(LogType, Object, String, Object[])
UnityEngine.Logger:Log(LogType, Object)
UnityEngine.Debug:Log(Object)
HighPrecisionStepperJuggler.ImageProcessingInstructionSender:Update()
 
(Filename: C:\build\output\unity\unity\Runtime/Export/Debug/Debug.bindings.h Line: 35)

Ball r, x, y :56.84, 142, -180
UnityEngine.DebugLogHandler:Internal_Log(LogType, LogOption, String, Object)
UnityEngine.DebugLogHandler:LogFormat(LogType, Object, String, Object[])
UnityEngine.Logger:Log(LogType, Object)
UnityEngine.Debug:Log(Object)
HighPrecisionStepperJuggler.ImageProcessingInstructionSender:Update()
 
(Filename: C:\build\output\unity\unity\Runtime/Export/Debug/Debug.bindings.h Line: 35)

[SerialInterface] Sending: 11.00000:0.56129:0.57014:0.54776:0.58378:0.10000

UnityEngine.DebugLogHandler:Internal_Log(LogType, LogOption, String, Object)
UnityEngine.DebugLogHandler:LogFormat(LogType, Object, String, Object[])
UnityEngine.Logger:Log(LogType, Object)
UnityEngine.Debug:Log(Object)
HighPrecisionStepperJuggler.SerialInterface:Send(String)
HighPrecisionStepperJuggler.RealMachine:SendInstructions(List`1)
HighPrecisionStepperJuggler.InstructableMachine:Instruct(List`1)
HighPrecisionStepperJuggler.MachineController:SendInstructions(List`1)
HighPrecisionStepperJuggler.BallControlling:MoveToHeightWithXYTiltCorrection(MachineController, ITiltController, BallData, Single, Single, Nullable`1)
HighPrecisionStepperJuggler.<>c__DisplayClass3_0:<StepBouncing_Down>b__0(BallData, MachineController, Int32)
HighPrecisionStepperJuggler.BallControlStrategy:Execute(BallData, MachineController)
HighPrecisionStepperJuggler.ImageProcessingInstructionSender:Update()
 
(Filename: C:\build\output\unity\unity\Runtime/Export/Debug/Debug.bindings.h Line: 35)

[SerialInterface] Received: RECEIVED MSG: 11.00000:0.56129:0.57014:0.54776:0.58378:0.10000
UnityEngine.DebugLogHandler:Internal_Log(LogType, LogOption, String, Object)
UnityEngine.DebugLogHandler:LogFormat(LogType, Object, String, Object[])
UnityEngine.Logger:Log(LogType, Object)
UnityEngine.Debug:Log(Object)
HighPrecisionStepperJuggler.SerialInterface:ProcessReceiveBuffer()
HighPrecisionStepperJuggler.SerialInterface:Update()
 
(Filename: C:\build\output\unity\unity\Runtime/Export/Debug/Debug.bindings.h Line: 35)

[SerialInterface] Received: Parsed tokens (count=6): 11.00000 |0.56129 |0.57014 |0.54776 |0.58378 |0.10000
UnityEngine.DebugLogHandler:Internal_Log(LogType, LogOption, String, Object)
UnityEngine.DebugLogHandler:LogFormat(LogType, Object, String, Object[])
UnityEngine.Logger:Log(LogType, Object)
UnityEngine.Debug:Log(Object)
HighPrecisionStepperJuggler.SerialInterface:ProcessReceiveBuffer()
HighPrecisionStepperJuggler.SerialInterface:Update()
 
(Filename: C:\build\output\unity\unity\Runtime/Export/Debug/Debug.bindings.h Line: 35)

[SerialInterface] Received: Num of move batches: 1
UnityEngine.DebugLogHandler:Internal_Log(LogType, LogOption, String, Object)
UnityEngine.DebugLogHandler:LogFormat(LogType, Object, String, Object[])
UnityEngine.Logger:Log(LogType, Object)
UnityEngine.Debug:Log(Object)
HighPrecisionStepperJuggler.SerialInterface:ProcessReceiveBuffer()
HighPrecisionStepperJuggler.SerialInterface:Update()
 
(Filename: C:\build\output\unity\unity\Runtime/Export/Debug/Debug.bindings.h Line: 35)

[SerialInterface] Received: Batch 0 marker value: 11.00000
UnityEngine.DebugLogHandler:Internal_Log(LogType, LogOption, String, Object)
UnityEngine.DebugLogHandler:LogFormat(LogType, Object, String, Object[])
UnityEngine.Logger:Log(LogType, Object)
UnityEngine.Debug:Log(Object)
HighPrecisionStepperJuggler.SerialInterface:ProcessReceiveBuffer()
HighPrecisionStepperJuggler.SerialInterface:Update()
 
(Filename: C:\build\output\unity\unity\Runtime/Export/Debug/Debug.bindings.h Line: 35)

[SerialInterface] Received: Marker matches expected value.
UnityEngine.DebugLogHandler:Internal_Log(LogType, LogOption, String, Object)
UnityEngine.DebugLogHandler:LogFormat(LogType, Object, String, Object[])
UnityEngine.Logger:Log(LogType, Object)
UnityEngine.Debug:Log(Object)
HighPrecisionStepperJuggler.SerialInterface:ProcessReceiveBuffer()
HighPrecisionStepperJuggler.SerialInterface:Update()
 
(Filename: C:\build\output\unity\unity\Runtime/Export/Debug/Debug.bindings.h Line: 35)

[SerialInterface] Received: Motor0 pulses: 1480
UnityEngine.DebugLogHandler:Internal_Log(LogType, LogOption, String, Object)
UnityEngine.DebugLogHandler:LogFormat(LogType, Object, String, Object[])
UnityEngine.Logger:Log(LogType, Object)
UnityEngine.Debug:Log(Object)
HighPrecisionStepperJuggler.SerialInterface:ProcessReceiveBuffer()
HighPrecisionStepperJuggler.SerialInterface:Update()
 
(Filename: C:\build\output\unity\unity\Runtime/Export/Debug/Debug.bindings.h Line: 35)

[SerialInterface] Received: Motor1 pulses: 1504
UnityEngine.DebugLogHandler:Internal_Log(LogType, LogOption, String, Object)
UnityEngine.DebugLogHandler:LogFormat(LogType, Object, String, Object[])
UnityEngine.Logger:Log(LogType, Object)
UnityEngine.Debug:Log(Object)
HighPrecisionStepperJuggler.SerialInterface:ProcessReceiveBuffer()
HighPrecisionStepperJuggler.SerialInterface:Update()
 
(Filename: C:\build\output\unity\unity\Runtime/Export/Debug/Debug.bindings.h Line: 35)

[SerialInterface] Received: Motor2 pulses: 1445
UnityEngine.DebugLogHandler:Internal_Log(LogType, LogOption, String, Object)
UnityEngine.DebugLogHandler:LogFormat(LogType, Object, String, Object[])
UnityEngine.Logger:Log(LogType, Object)
UnityEngine.Debug:Log(Object)
HighPrecisionStepperJuggler.SerialInterface:ProcessReceiveBuffer()
HighPrecisionStepperJuggler.SerialInterface:Update()
 
(Filename: C:\build\output\unity\unity\Runtime/Export/Debug/Debug.bindings.h Line: 35)

[SerialInterface] Received: Motor3 pulses: 1540
UnityEngine.DebugLogHandler:Internal_Log(LogType, LogOption, String, Object)
UnityEngine.DebugLogHandler:LogFormat(LogType, Object, String, Object[])
UnityEngine.Logger:Log(LogType, Object)
UnityEngine.Debug:Log(Object)
HighPrecisionStepperJuggler.SerialInterface:ProcessReceiveBuffer()
HighPrecisionStepperJuggler.SerialInterface:Update()
 
(Filename: C:\build\output\unity\unity\Runtime/Export/Debug/Debug.bindings.h Line: 35)

[SerialInterface] Received: Move duration: 0.10000
UnityEngine.DebugLogHandler:Internal_Log(LogType, LogOption, String, Object)
UnityEngine.DebugLogHandler:LogFormat(LogType, Object, String, Object[])
UnityEngine.Logger:Log(LogType, Object)
UnityEngine.Debug:Log(Object)
HighPrecisionStepperJuggler.SerialInterface:ProcessReceiveBuffer()
HighPrecisionStepperJuggler.SerialInterface:Update()
 
(Filename: C:\build\output\unity\unity\Runtime/Export/Debug/Debug.bindings.h Line: 35)

Ball r, x, y :56.44, 141, -180
UnityEngine.DebugLogHandler:Internal_Log(LogType, LogOption, String, Object)
UnityEngine.DebugLogHandler:LogFormat(LogType, Object, String, Object[])
UnityEngine.Logger:Log(LogType, Object)
UnityEngine.Debug:Log(Object)
HighPrecisionStepperJuggler.ImageProcessingInstructionSender:Update()
 
(Filename: C:\build\output\unity\unity\Runtime/Export/Debug/Debug.bindings.h Line: 35)

Ball r, x, y :58.22, 143, -180
UnityEngine.DebugLogHandler:Internal_Log(LogType, LogOption, String, Object)
UnityEngine.DebugLogHandler:LogFormat(LogType, Object, String, Object[])
UnityEngine.Logger:Log(LogType, Object)
UnityEngine.Debug:Log(Object)
HighPrecisionStepperJuggler.ImageProcessingInstructionSender:Update()
 
(Filename: C:\build\output\unity\unity\Runtime/Export/Debug/Debug.bindings.h Line: 35)

[SerialInterface] Sending: 11.00000:0.65092:0.66158:0.63872:0.67393:0.10000

UnityEngine.DebugLogHandler:Internal_Log(LogType, LogOption, String, Object)
UnityEngine.DebugLogHandler:LogFormat(LogType, Object, String, Object[])
UnityEngine.Logger:Log(LogType, Object)
UnityEngine.Debug:Log(Object)
HighPrecisionStepperJuggler.SerialInterface:Send(String)
HighPrecisionStepperJuggler.RealMachine:SendInstructions(List`1)
HighPrecisionStepperJuggler.InstructableMachine:Instruct(List`1)
HighPrecisionStepperJuggler.MachineController:SendInstructions(List`1)
HighPrecisionStepperJuggler.BallControlling:MoveToHeightWithXYTiltCorrection(MachineController, ITiltController, BallData, Single, Single, Nullable`1)
HighPrecisionStepperJuggler.<>c__DisplayClass2_0:<StepBouncing_Up>b__0(BallData, MachineController, Int32)
HighPrecisionStepperJuggler.BallControlStrategy:Execute(BallData, MachineController)
HighPrecisionStepperJuggler.ImageProcessingInstructionSender:Update()
 
(Filename: C:\build\output\unity\unity\Runtime/Export/Debug/Debug.bindings.h Line: 35)

[SerialInterface] Received: RECEIVED MSG: 11.00000:0.65092:0.66158:0.63872:0.67393:0.10000
UnityEngine.DebugLogHandler:Internal_Log(LogType, LogOption, String, Object)
UnityEngine.DebugLogHandler:LogFormat(LogType, Object, String, Object[])
UnityEngine.Logger:Log(LogType, Object)
UnityEngine.Debug:Log(Object)
HighPrecisionStepperJuggler.SerialInterface:ProcessReceiveBuffer()
HighPrecisionStepperJuggler.SerialInterface:Update()
 
(Filename: C:\build\output\unity\unity\Runtime/Export/Debug/Debug.bindings.h Line: 35)

[SerialInterface] Received: Parsed tokens (count=6): 11.00000 |0.65092 |0.66158 |0.63872 |0.67393 |0.10000
UnityEngine.DebugLogHandler:Internal_Log(LogType, LogOption, String, Object)
UnityEngine.DebugLogHandler:LogFormat(LogType, Object, String, Object[])
UnityEngine.Logger:Log(LogType, Object)
UnityEngine.Debug:Log(Object)
HighPrecisionStepperJuggler.SerialInterface:ProcessReceiveBuffer()
HighPrecisionStepperJuggler.SerialInterface:Update()
 
(Filename: C:\build\output\unity\unity\Runtime/Export/Debug/Debug.bindings.h Line: 35)

[SerialInterface] Received: Num of move batches: 1
UnityEngine.DebugLogHandler:Internal_Log(LogType, LogOption, String, Object)
UnityEngine.DebugLogHandler:LogFormat(LogType, Object, String, Object[])
UnityEngine.Logger:Log(LogType, Object)
UnityEngine.Debug:Log(Object)
HighPrecisionStepperJuggler.SerialInterface:ProcessReceiveBuffer()
HighPrecisionStepperJuggler.SerialInterface:Update()
 
(Filename: C:\build\output\unity\unity\Runtime/Export/Debug/Debug.bindings.h Line: 35)

[SerialInterface] Received: Batch 0 marker value: 11.00000
UnityEngine.DebugLogHandler:Internal_Log(LogType, LogOption, String, Object)
UnityEngine.DebugLogHandler:LogFormat(LogType, Object, String, Object[])
UnityEngine.Logger:Log(LogType, Object)
UnityEngine.Debug:Log(Object)
HighPrecisionStepperJuggler.SerialInterface:ProcessReceiveBuffer()
HighPrecisionStepperJuggler.SerialInterface:Update()
 
(Filename: C:\build\output\unity\unity\Runtime/Export/Debug/Debug.bindings.h Line: 35)

[SerialInterface] Received: Marker matches expected value.
UnityEngine.DebugLogHandler:Internal_Log(LogType, LogOption, String, Object)
UnityEngine.DebugLogHandler:LogFormat(LogType, Object, String, Object[])
UnityEngine.Logger:Log(LogType, Object)
UnityEngine.Debug:Log(Object)
HighPrecisionStepperJuggler.SerialInterface:ProcessReceiveBuffer()
HighPrecisionStepperJuggler.SerialInterface:Update()
 
(Filename: C:\build\output\unity\unity\Runtime/Export/Debug/Debug.bindings.h Line: 35)

[SerialInterface] Received: Motor0 pulses: 1717
UnityEngine.DebugLogHandler:Internal_Log(LogType, LogOption, String, Object)
UnityEngine.DebugLogHandler:LogFormat(LogType, Object, String, Object[])
UnityEngine.Logger:Log(LogType, Object)
UnityEngine.Debug:Log(Object)
HighPrecisionStepperJuggler.SerialInterface:ProcessReceiveBuffer()
HighPrecisionStepperJuggler.SerialInterface:Update()
 
(Filename: C:\build\output\unity\unity\Runtime/Export/Debug/Debug.bindings.h Line: 35)

[SerialInterface] Received: Motor1 pulses: 1745
UnityEngine.DebugLogHandler:Internal_Log(LogType, LogOption, String, Object)
UnityEngine.DebugLogHandler:LogFormat(LogType, Object, String, Object[])
UnityEngine.Logger:Log(LogType, Object)
UnityEngine.Debug:Log(Object)
HighPrecisionStepperJuggler.SerialInterface:ProcessReceiveBuffer()
HighPrecisionStepperJuggler.SerialInterface:Update()
 
(Filename: C:\build\output\unity\unity\Runtime/Export/Debug/Debug.bindings.h Line: 35)

[SerialInterface] Received: Motor2 pulses: 1685
UnityEngine.DebugLogHandler:Internal_Log(LogType, LogOption, String, Object)
UnityEngine.DebugLogHandler:LogFormat(LogType, Object, String, Object[])
UnityEngine.Logger:Log(LogType, Object)
UnityEngine.Debug:Log(Object)
HighPrecisionStepperJuggler.SerialInterface:ProcessReceiveBuffer()
HighPrecisionStepperJuggler.SerialInterface:Update()
 
(Filename: C:\build\output\unity\unity\Runtime/Export/Debug/Debug.bindings.h Line: 35)

[SerialInterface] Received: Motor3 pulses: 1777
UnityEngine.DebugLogHandler:Internal_Log(LogType, LogOption, String, Object)
UnityEngine.DebugLogHandler:LogFormat(LogType, Object, String, Object[])
UnityEngine.Logger:Log(LogType, Object)
UnityEngine.Debug:Log(Object)
HighPrecisionStepperJuggler.SerialInterface:ProcessReceiveBuffer()
HighPrecisionStepperJuggler.SerialInterface:Update()
 
(Filename: C:\build\output\unity\unity\Runtime/Export/Debug/Debug.bindings.h Line: 35)

[SerialInterface] Received: Move duration: 0.10000
UnityEngine.DebugLogHandler:Internal_Log(LogType, LogOption, String, Object)
UnityEngine.DebugLogHandler:LogFormat(LogType, Object, String, Object[])
UnityEngine.Logger:Log(LogType, Object)
UnityEngine.Debug:Log(Object)
HighPrecisionStepperJuggler.SerialInterface:ProcessReceiveBuffer()
HighPrecisionStepperJuggler.SerialInterface:Update()
 
(Filename: C:\build\output\unity\unity\Runtime/Export/Debug/Debug.bindings.h Line: 35)

Ball r, x, y :59.5, 145, -180
UnityEngine.DebugLogHandler:Internal_Log(LogType, LogOption, String, Object)
UnityEngine.DebugLogHandler:LogFormat(LogType, Object, String, Object[])
UnityEngine.Logger:Log(LogType, Object)
UnityEngine.Debug:Log(Object)
HighPrecisionStepperJuggler.ImageProcessingInstructionSender:Update()
 
(Filename: C:\build\output\unity\unity\Runtime/Export/Debug/Debug.bindings.h Line: 35)

Ball r, x, y :55.94, 157, -210
UnityEngine.DebugLogHandler:Internal_Log(LogType, LogOption, String, Object)
UnityEngine.DebugLogHandler:LogFormat(LogType, Object, String, Object[])
UnityEngine.Logger:Log(LogType, Object)
UnityEngine.Debug:Log(Object)
HighPrecisionStepperJuggler.ImageProcessingInstructionSender:Update()
 
(Filename: C:\build\output\unity\unity\Runtime/Export/Debug/Debug.bindings.h Line: 35)

[SerialInterface] Sending: 11.00000:0.51134:0.62118:0.44834:0.68836:0.10000

UnityEngine.DebugLogHandler:Internal_Log(LogType, LogOption, String, Object)
UnityEngine.DebugLogHandler:LogFormat(LogType, Object, String, Object[])
UnityEngine.Logger:Log(LogType, Object)
UnityEngine.Debug:Log(Object)
HighPrecisionStepperJuggler.SerialInterface:Send(String)
HighPrecisionStepperJuggler.RealMachine:SendInstructions(List`1)
HighPrecisionStepperJuggler.InstructableMachine:Instruct(List`1)
HighPrecisionStepperJuggler.MachineController:SendInstructions(List`1)
HighPrecisionStepperJuggler.BallControlling:MoveToHeightWithXYTiltCorrection(MachineController, ITiltController, BallData, Single, Single, Nullable`1)
HighPrecisionStepperJuggler.<>c__DisplayClass3_0:<StepBouncing_Down>b__0(BallData, MachineController, Int32)
HighPrecisionStepperJuggler.BallControlStrategy:Execute(BallData, MachineController)
HighPrecisionStepperJuggler.ImageProcessingInstructionSender:Update()
 
(Filename: C:\build\output\unity\unity\Runtime/Export/Debug/Debug.bindings.h Line: 35)

[SerialInterface] Received: RECEIVED MSG: 11.00000:0.51134:0.62118:0.44834:0.68836:0.10000
UnityEngine.DebugLogHandler:Internal_Log(LogType, LogOption, String, Object)
UnityEngine.DebugLogHandler:LogFormat(LogType, Object, String, Object[])
UnityEngine.Logger:Log(LogType, Object)
UnityEngine.Debug:Log(Object)
HighPrecisionStepperJuggler.SerialInterface:ProcessReceiveBuffer()
HighPrecisionStepperJuggler.SerialInterface:Update()
 
(Filename: C:\build\output\unity\unity\Runtime/Export/Debug/Debug.bindings.h Line: 35)

[SerialInterface] Received: Parsed tokens (count=6): 11.00000 |0.51134 |0.62118 |0.44834 |0.68836 |0.10000
UnityEngine.DebugLogHandler:Internal_Log(LogType, LogOption, String, Object)
UnityEngine.DebugLogHandler:LogFormat(LogType, Object, String, Object[])
UnityEngine.Logger:Log(LogType, Object)
UnityEngine.Debug:Log(Object)
HighPrecisionStepperJuggler.SerialInterface:ProcessReceiveBuffer()
HighPrecisionStepperJuggler.SerialInterface:Update()
 
(Filename: C:\build\output\unity\unity\Runtime/Export/Debug/Debug.bindings.h Line: 35)

[SerialInterface] Received: Num of move batches: 1
UnityEngine.DebugLogHandler:Internal_Log(LogType, LogOption, String, Object)
UnityEngine.DebugLogHandler:LogFormat(LogType, Object, String, Object[])
UnityEngine.Logger:Log(LogType, Object)
UnityEngine.Debug:Log(Object)
HighPrecisionStepperJuggler.SerialInterface:ProcessReceiveBuffer()
HighPrecisionStepperJuggler.SerialInterface:Update()
 
(Filename: C:\build\output\unity\unity\Runtime/Export/Debug/Debug.bindings.h Line: 35)

[SerialInterface] Received: Batch 0 marker value: 11.00000
UnityEngine.DebugLogHandler:Internal_Log(LogType, LogOption, String, Object)
UnityEngine.DebugLogHandler:LogFormat(LogType, Object, String, Object[])
UnityEngine.Logger:Log(LogType, Object)
UnityEngine.Debug:Log(Object)
HighPrecisionStepperJuggler.SerialInterface:ProcessReceiveBuffer()
HighPrecisionStepperJuggler.SerialInterface:Update()
 
(Filename: C:\build\output\unity\unity\Runtime/Export/Debug/Debug.bindings.h Line: 35)

[SerialInterface] Received: Marker matches expected value.
UnityEngine.DebugLogHandler:Internal_Log(LogType, LogOption, String, Object)
UnityEngine.DebugLogHandler:LogFormat(LogType, Object, String, Object[])
UnityEngine.Logger:Log(LogType, Object)
UnityEngine.Debug:Log(Object)
HighPrecisionStepperJuggler.SerialInterface:ProcessReceiveBuffer()
HighPrecisionStepperJuggler.SerialInterface:Update()
 
(Filename: C:\build\output\unity\unity\Runtime/Export/Debug/Debug.bindings.h Line: 35)

[SerialInterface] Received: Motor0 pulses: 1348
UnityEngine.DebugLogHandler:Internal_Log(LogType, LogOption, String, Object)
UnityEngine.DebugLogHandler:LogFormat(LogType, Object, String, Object[])
UnityEngine.Logger:Log(LogType, Object)
UnityEngine.Debug:Log(Object)
HighPrecisionStepperJuggler.SerialInterface:ProcessReceiveBuffer()
HighPrecisionStepperJuggler.SerialInterface:Update()
 
(Filename: C:\build\output\unity\unity\Runtime/Export/Debug/Debug.bindings.h Line: 35)

[SerialInterface] Received: Motor1 pulses: 1638
UnityEngine.DebugLogHandler:Internal_Log(LogType, LogOption, String, Object)
UnityEngine.DebugLogHandler:LogFormat(LogType, Object, String, Object[])
UnityEngine.Logger:Log(LogType, Object)
UnityEngine.Debug:Log(Object)
HighPrecisionStepperJuggler.SerialInterface:ProcessReceiveBuffer()
HighPrecisionStepperJuggler.SerialInterface:Update()
 
(Filename: C:\build\output\unity\unity\Runtime/Export/Debug/Debug.bindings.h Line: 35)

[SerialInterface] Received: Motor2 pulses: 1182
UnityEngine.DebugLogHandler:Internal_Log(LogType, LogOption, String, Object)
UnityEngine.DebugLogHandler:LogFormat(LogType, Object, String, Object[])
UnityEngine.Logger:Log(LogType, Object)
UnityEngine.Debug:Log(Object)
HighPrecisionStepperJuggler.SerialInterface:ProcessReceiveBuffer()
HighPrecisionStepperJuggler.SerialInterface:Update()
 
(Filename: C:\build\output\unity\unity\Runtime/Export/Debug/Debug.bindings.h Line: 35)

[SerialInterface] Received: Motor3 pulses: 1815
UnityEngine.DebugLogHandler:Internal_Log(LogType, LogOption, String, Object)
UnityEngine.DebugLogHandler:LogFormat(LogType, Object, String, Object[])
UnityEngine.Logger:Log(LogType, Object)
UnityEngine.Debug:Log(Object)
HighPrecisionStepperJuggler.SerialInterface:ProcessReceiveBuffer()
HighPrecisionStepperJuggler.SerialInterface:Update()
 
(Filename: C:\build\output\unity\unity\Runtime/Export/Debug/Debug.bindings.h Line: 35)

[SerialInterface] Received: Move duration: 0.10000
UnityEngine.DebugLogHandler:Internal_Log(LogType, LogOption, String, Object)
UnityEngine.DebugLogHandler:LogFormat(LogType, Object, String, Object[])
UnityEngine.Logger:Log(LogType, Object)
UnityEngine.Debug:Log(Object)
HighPrecisionStepperJuggler.SerialInterface:ProcessReceiveBuffer()
HighPrecisionStepperJuggler.SerialInterface:Update()
 
(Filename: C:\build\output\unity\unity\Runtime/Export/Debug/Debug.bindings.h Line: 35)

Ball r, x, y :54.94, 136, -150
UnityEngine.DebugLogHandler:Internal_Log(LogType, LogOption, String, Object)
UnityEngine.DebugLogHandler:LogFormat(LogType, Object, String, Object[])
UnityEngine.Logger:Log(LogType, Object)
UnityEngine.Debug:Log(Object)
HighPrecisionStepperJuggler.ImageProcessingInstructionSender:Update()
 
(Filename: C:\build\output\unity\unity\Runtime/Export/Debug/Debug.bindings.h Line: 35)

Ball r, x, y :55.94, 144, -180
UnityEngine.DebugLogHandler:Internal_Log(LogType, LogOption, String, Object)
UnityEngine.DebugLogHandler:LogFormat(LogType, Object, String, Object[])
UnityEngine.Logger:Log(LogType, Object)
UnityEngine.Debug:Log(Object)
HighPrecisionStepperJuggler.ImageProcessingInstructionSender:Update()
 
(Filename: C:\build\output\unity\unity\Runtime/Export/Debug/Debug.bindings.h Line: 35)

Ball r, x, y :54.68, 95, -120
UnityEngine.DebugLogHandler:Internal_Log(LogType, LogOption, String, Object)
UnityEngine.DebugLogHandler:LogFormat(LogType, Object, String, Object[])
UnityEngine.Logger:Log(LogType, Object)
UnityEngine.Debug:Log(Object)
HighPrecisionStepperJuggler.ImageProcessingInstructionSender:Update()
 
(Filename: C:\build\output\unity\unity\Runtime/Export/Debug/Debug.bindings.h Line: 35)

Ball r, x, y :48.56, 16, -90
UnityEngine.DebugLogHandler:Internal_Log(LogType, LogOption, String, Object)
UnityEngine.DebugLogHandler:LogFormat(LogType, Object, String, Object[])
UnityEngine.Logger:Log(LogType, Object)
UnityEngine.Debug:Log(Object)
HighPrecisionStepperJuggler.ImageProcessingInstructionSender:Update()
 
(Filename: C:\build\output\unity\unity\Runtime/Export/Debug/Debug.bindings.h Line: 35)

Ball r, x, y :37.16, -94, -30
UnityEngine.DebugLogHandler:Internal_Log(LogType, LogOption, String, Object)
UnityEngine.DebugLogHandler:LogFormat(LogType, Object, String, Object[])
UnityEngine.Logger:Log(LogType, Object)
UnityEngine.Debug:Log(Object)
HighPrecisionStepperJuggler.ImageProcessingInstructionSender:Update()
 
(Filename: C:\build\output\unity\unity\Runtime/Export/Debug/Debug.bindings.h Line: 35)

Ball r, x, y :7, 312, 90
UnityEngine.DebugLogHandler:Internal_Log(LogType, LogOption, String, Object)
UnityEngine.DebugLogHandler:LogFormat(LogType, Object, String, Object[])
UnityEngine.Logger:Log(LogType, Object)
UnityEngine.Debug:Log(Object)
HighPrecisionStepperJuggler.ImageProcessingInstructionSender:Update()
 
(Filename: C:\build\output\unity\unity\Runtime/Export/Debug/Debug.bindings.h Line: 35)

Ball r, x, y :7, -168, 90
UnityEngine.DebugLogHandler:Internal_Log(LogType, LogOption, String, Object)
UnityEngine.DebugLogHandler:LogFormat(LogType, Object, String, Object[])
UnityEngine.Logger:Log(LogType, Object)
UnityEngine.Debug:Log(Object)
HighPrecisionStepperJuggler.ImageProcessingInstructionSender:Update()
 
(Filename: C:\build\output\unity\unity\Runtime/Export/Debug/Debug.bindings.h Line: 35)

Ball r, x, y :7.86, -169, 60
UnityEngine.DebugLogHandler:Internal_Log(LogType, LogOption, String, Object)
UnityEngine.DebugLogHandler:LogFormat(LogType, Object, String, Object[])
UnityEngine.Logger:Log(LogType, Object)
UnityEngine.Debug:Log(Object)
HighPrecisionStepperJuggler.ImageProcessingInstructionSender:Update()
 
(Filename: C:\build\output\unity\unity\Runtime/Export/Debug/Debug.bindings.h Line: 35)

Ball r, x, y :6.1, 313, 120
UnityEngine.DebugLogHandler:Internal_Log(LogType, LogOption, String, Object)
UnityEngine.DebugLogHandler:LogFormat(LogType, Object, String, Object[])
UnityEngine.Logger:Log(LogType, Object)
UnityEngine.Debug:Log(Object)
HighPrecisionStepperJuggler.ImageProcessingInstructionSender:Update()
 
(Filename: C:\build\output\unity\unity\Runtime/Export/Debug/Debug.bindings.h Line: 35)

Ball r, x, y :6.1, 313, 120
UnityEngine.DebugLogHandler:Internal_Log(LogType, LogOption, String, Object)
UnityEngine.DebugLogHandler:LogFormat(LogType, Object, String, Object[])
UnityEngine.Logger:Log(LogType, Object)
UnityEngine.Debug:Log(Object)
HighPrecisionStepperJuggler.ImageProcessingInstructionSender:Update()
 
(Filename: C:\build\output\unity\unity\Runtime/Export/Debug/Debug.bindings.h Line: 35)

Ball r, x, y :4.38, 315, 120
UnityEngine.DebugLogHandler:Internal_Log(LogType, LogOption, String, Object)
UnityEngine.DebugLogHandler:LogFormat(LogType, Object, String, Object[])
UnityEngine.Logger:Log(LogType, Object)
UnityEngine.Debug:Log(Object)
HighPrecisionStepperJuggler.ImageProcessingInstructionSender:Update()
 
(Filename: C:\build\output\unity\unity\Runtime/Export/Debug/Debug.bindings.h Line: 35)

Ball r, x, y :7.86, 311, 60
UnityEngine.DebugLogHandler:Internal_Log(LogType, LogOption, String, Object)
UnityEngine.DebugLogHandler:LogFormat(LogType, Object, String, Object[])
UnityEngine.Logger:Log(LogType, Object)
UnityEngine.Debug:Log(Object)
HighPrecisionStepperJuggler.ImageProcessingInstructionSender:Update()
 
(Filename: C:\build\output\unity\unity\Runtime/Export/Debug/Debug.bindings.h Line: 35)

Ball r, x, y :6.1, 313, 120
UnityEngine.DebugLogHandler:Internal_Log(LogType, LogOption, String, Object)
UnityEngine.DebugLogHandler:LogFormat(LogType, Object, String, Object[])
UnityEngine.Logger:Log(LogType, Object)
UnityEngine.Debug:Log(Object)
HighPrecisionStepperJuggler.ImageProcessingInstructionSender:Update()
 
(Filename: C:\build\output\unity\unity\Runtime/Export/Debug/Debug.bindings.h Line: 35)

Ball r, x, y :7.86, -169, 60
UnityEngine.DebugLogHandler:Internal_Log(LogType, LogOption, String, Object)
UnityEngine.DebugLogHandler:LogFormat(LogType, Object, String, Object[])
UnityEngine.Logger:Log(LogType, Object)
UnityEngine.Debug:Log(Object)
HighPrecisionStepperJuggler.ImageProcessingInstructionSender:Update()
 
(Filename: C:\build\output\unity\unity\Runtime/Export/Debug/Debug.bindings.h Line: 35)

Ball r, x, y :7.86, 311, 60
UnityEngine.DebugLogHandler:Internal_Log(LogType, LogOption, String, Object)
UnityEngine.DebugLogHandler:LogFormat(LogType, Object, String, Object[])
UnityEngine.Logger:Log(LogType, Object)
UnityEngine.Debug:Log(Object)
HighPrecisionStepperJuggler.ImageProcessingInstructionSender:Update()
 
(Filename: C:\build\output\unity\unity\Runtime/Export/Debug/Debug.bindings.h Line: 35)

Ball r, x, y :6.54, -167, 120
UnityEngine.DebugLogHandler:Internal_Log(LogType, LogOption, String, Object)
UnityEngine.DebugLogHandler:LogFormat(LogType, Object, String, Object[])
UnityEngine.Logger:Log(LogType, Object)
UnityEngine.Debug:Log(Object)
HighPrecisionStepperJuggler.ImageProcessingInstructionSender:Update()
 
(Filename: C:\build\output\unity\unity\Runtime/Export/Debug/Debug.bindings.h Line: 35)

Ball r, x, y :7.86, 311, 60
UnityEngine.DebugLogHandler:Internal_Log(LogType, LogOption, String, Object)
UnityEngine.DebugLogHandler:LogFormat(LogType, Object, String, Object[])
UnityEngine.Logger:Log(LogType, Object)
UnityEngine.Debug:Log(Object)
HighPrecisionStepperJuggler.ImageProcessingInstructionSender:Update()
 
(Filename: C:\build\output\unity\unity\Runtime/Export/Debug/Debug.bindings.h Line: 35)

Ball r, x, y :7.38, 312, 60
UnityEngine.DebugLogHandler:Internal_Log(LogType, LogOption, String, Object)
UnityEngine.DebugLogHandler:LogFormat(LogType, Object, String, Object[])
UnityEngine.Logger:Log(LogType, Object)
UnityEngine.Debug:Log(Object)
HighPrecisionStepperJuggler.ImageProcessingInstructionSender:Update()
 
(Filename: C:\build\output\unity\unity\Runtime/Export/Debug/Debug.bindings.h Line: 35)

Ball r, x, y :7.38, -168, 60
UnityEngine.DebugLogHandler:Internal_Log(LogType, LogOption, String, Object)
UnityEngine.DebugLogHandler:LogFormat(LogType, Object, String, Object[])
UnityEngine.Logger:Log(LogType, Object)
UnityEngine.Debug:Log(Object)
HighPrecisionStepperJuggler.ImageProcessingInstructionSender:Update()
 
(Filename: C:\build\output\unity\unity\Runtime/Export/Debug/Debug.bindings.h Line: 35)

Ball r, x, y :7.86, 311, 60
UnityEngine.DebugLogHandler:Internal_Log(LogType, LogOption, String, Object)
UnityEngine.DebugLogHandler:LogFormat(LogType, Object, String, Object[])
UnityEngine.Logger:Log(LogType, Object)
UnityEngine.Debug:Log(Object)
HighPrecisionStepperJuggler.ImageProcessingInstructionSender:Update()
 
(Filename: C:\build\output\unity\unity\Runtime/Export/Debug/Debug.bindings.h Line: 35)

Ball r, x, y :7.38, 312, 60
UnityEngine.DebugLogHandler:Internal_Log(LogType, LogOption, String, Object)
UnityEngine.DebugLogHandler:LogFormat(LogType, Object, String, Object[])
UnityEngine.Logger:Log(LogType, Object)
UnityEngine.Debug:Log(Object)
HighPrecisionStepperJuggler.ImageProcessingInstructionSender:Update()
 
(Filename: C:\build\output\unity\unity\Runtime/Export/Debug/Debug.bindings.h Line: 35)

Ball r, x, y :7.38, 312, 60
UnityEngine.DebugLogHandler:Internal_Log(LogType, LogOption, String, Object)
UnityEngine.DebugLogHandler:LogFormat(LogType, Object, String, Object[])
UnityEngine.Logger:Log(LogType, Object)
UnityEngine.Debug:Log(Object)
HighPrecisionStepperJuggler.ImageProcessingInstructionSender:Update()
 
(Filename: C:\build\output\unity\unity\Runtime/Export/Debug/Debug.bindings.h Line: 35)

Ball r, x, y :7.86, 311, 60
UnityEngine.DebugLogHandler:Internal_Log(LogType, LogOption, String, Object)
UnityEngine.DebugLogHandler:LogFormat(LogType, Object, String, Object[])
UnityEngine.Logger:Log(LogType, Object)
UnityEngine.Debug:Log(Object)
HighPrecisionStepperJuggler.ImageProcessingInstructionSender:Update()
 
(Filename: C:\build\output\unity\unity\Runtime/Export/Debug/Debug.bindings.h Line: 35)

Ball r, x, y :7.38, 312, 60
UnityEngine.DebugLogHandler:Internal_Log(LogType, LogOption, String, Object)
UnityEngine.DebugLogHandler:LogFormat(LogType, Object, String, Object[])
UnityEngine.Logger:Log(LogType, Object)
UnityEngine.Debug:Log(Object)
HighPrecisionStepperJuggler.ImageProcessingInstructionSender:Update()
 
(Filename: C:\build\output\unity\unity\Runtime/Export/Debug/Debug.bindings.h Line: 35)

Ball r, x, y :7.86, -169, 60
UnityEngine.DebugLogHandler:Internal_Log(LogType, LogOption, String, Object)
UnityEngine.DebugLogHandler:LogFormat(LogType, Object, String, Object[])
UnityEngine.Logger:Log(LogType, Object)
UnityEngine.Debug:Log(Object)
HighPrecisionStepperJuggler.ImageProcessingInstructionSender:Update()
 
(Filename: C:\build\output\unity\unity\Runtime/Export/Debug/Debug.bindings.h Line: 35)

Ball r, x, y :6.54, 313, 120
UnityEngine.DebugLogHandler:Internal_Log(LogType, LogOption, String, Object)
UnityEngine.DebugLogHandler:LogFormat(LogType, Object, String, Object[])
UnityEngine.Logger:Log(LogType, Object)
UnityEngine.Debug:Log(Object)
HighPrecisionStepperJuggler.ImageProcessingInstructionSender:Update()
 
(Filename: C:\build\output\unity\unity\Runtime/Export/Debug/Debug.bindings.h Line: 35)

Ball r, x, y :7.86, -169, 60
UnityEngine.DebugLogHandler:Internal_Log(LogType, LogOption, String, Object)
UnityEngine.DebugLogHandler:LogFormat(LogType, Object, String, Object[])
UnityEngine.Logger:Log(LogType, Object)
UnityEngine.Debug:Log(Object)
HighPrecisionStepperJuggler.ImageProcessingInstructionSender:Update()
 
(Filename: C:\build\output\unity\unity\Runtime/Export/Debug/Debug.bindings.h Line: 35)

Ball r, x, y :7.86, -169, 60
UnityEngine.DebugLogHandler:Internal_Log(LogType, LogOption, String, Object)
UnityEngine.DebugLogHandler:LogFormat(LogType, Object, String, Object[])
UnityEngine.Logger:Log(LogType, Object)
UnityEngine.Debug:Log(Object)
HighPrecisionStepperJuggler.ImageProcessingInstructionSender:Update()
 
(Filename: C:\build\output\unity\unity\Runtime/Export/Debug/Debug.bindings.h Line: 35)

Ball r, x, y :7.86, -169, 60
UnityEngine.DebugLogHandler:Internal_Log(LogType, LogOption, String, Object)
UnityEngine.DebugLogHandler:LogFormat(LogType, Object, String, Object[])
UnityEngine.Logger:Log(LogType, Object)
UnityEngine.Debug:Log(Object)
HighPrecisionStepperJuggler.ImageProcessingInstructionSender:Update()
 
(Filename: C:\build\output\unity\unity\Runtime/Export/Debug/Debug.bindings.h Line: 35)

Ball r, x, y :6.1, -167, 120
UnityEngine.DebugLogHandler:Internal_Log(LogType, LogOption, String, Object)
UnityEngine.DebugLogHandler:LogFormat(LogType, Object, String, Object[])
UnityEngine.Logger:Log(LogType, Object)
UnityEngine.Debug:Log(Object)
HighPrecisionStepperJuggler.ImageProcessingInstructionSender:Update()
 
(Filename: C:\build\output\unity\unity\Runtime/Export/Debug/Debug.bindings.h Line: 35)

Ball r, x, y :6.54, 313, 120
UnityEngine.DebugLogHandler:Internal_Log(LogType, LogOption, String, Object)
UnityEngine.DebugLogHandler:LogFormat(LogType, Object, String, Object[])
UnityEngine.Logger:Log(LogType, Object)
UnityEngine.Debug:Log(Object)
HighPrecisionStepperJuggler.ImageProcessingInstructionSender:Update()
 
(Filename: C:\build\output\unity\unity\Runtime/Export/Debug/Debug.bindings.h Line: 35)

Ball r, x, y :6.1, 313, 120
UnityEngine.DebugLogHandler:Internal_Log(LogType, LogOption, String, Object)
UnityEngine.DebugLogHandler:LogFormat(LogType, Object, String, Object[])
UnityEngine.Logger:Log(LogType, Object)
UnityEngine.Debug:Log(Object)
HighPrecisionStepperJuggler.ImageProcessingInstructionSender:Update()
 
(Filename: C:\build\output\unity\unity\Runtime/Export/Debug/Debug.bindings.h Line: 35)

Ball r, x, y :7, 312, 90
UnityEngine.DebugLogHandler:Internal_Log(LogType, LogOption, String, Object)
UnityEngine.DebugLogHandler:LogFormat(LogType, Object, String, Object[])
UnityEngine.Logger:Log(LogType, Object)
UnityEngine.Debug:Log(Object)
HighPrecisionStepperJuggler.ImageProcessingInstructionSender:Update()
 
(Filename: C:\build\output\unity\unity\Runtime/Export/Debug/Debug.bindings.h Line: 35)

Ball r, x, y :7.86, 311, 60
UnityEngine.DebugLogHandler:Internal_Log(LogType, LogOption, String, Object)
UnityEngine.DebugLogHandler:LogFormat(LogType, Object, String, Object[])
UnityEngine.Logger:Log(LogType, Object)
UnityEngine.Debug:Log(Object)
HighPrecisionStepperJuggler.ImageProcessingInstructionSender:Update()
 
(Filename: C:\build\output\unity\unity\Runtime/Export/Debug/Debug.bindings.h Line: 35)

Ball r, x, y :7.86, -169, 60
UnityEngine.DebugLogHandler:Internal_Log(LogType, LogOption, String, Object)
UnityEngine.DebugLogHandler:LogFormat(LogType, Object, String, Object[])
UnityEngine.Logger:Log(LogType, Object)
UnityEngine.Debug:Log(Object)
HighPrecisionStepperJuggler.ImageProcessingInstructionSender:Update()
 
(Filename: C:\build\output\unity\unity\Runtime/Export/Debug/Debug.bindings.h Line: 35)

Ball r, x, y :7.86, 311, 60
UnityEngine.DebugLogHandler:Internal_Log(LogType, LogOption, String, Object)
UnityEngine.DebugLogHandler:LogFormat(LogType, Object, String, Object[])
UnityEngine.Logger:Log(LogType, Object)
UnityEngine.Debug:Log(Object)
HighPrecisionStepperJuggler.ImageProcessingInstructionSender:Update()
 
(Filename: C:\build\output\unity\unity\Runtime/Export/Debug/Debug.bindings.h Line: 35)

Ball r, x, y :6.1, 313, 120
UnityEngine.DebugLogHandler:Internal_Log(LogType, LogOption, String, Object)
UnityEngine.DebugLogHandler:LogFormat(LogType, Object, String, Object[])
UnityEngine.Logger:Log(LogType, Object)
UnityEngine.Debug:Log(Object)
HighPrecisionStepperJuggler.ImageProcessingInstructionSender:Update()
 
(Filename: C:\build\output\unity\unity\Runtime/Export/Debug/Debug.bindings.h Line: 35)

Ball r, x, y :7.86, 311, 60
UnityEngine.DebugLogHandler:Internal_Log(LogType, LogOption, String, Object)
UnityEngine.DebugLogHandler:LogFormat(LogType, Object, String, Object[])
UnityEngine.Logger:Log(LogType, Object)
UnityEngine.Debug:Log(Object)
HighPrecisionStepperJuggler.ImageProcessingInstructionSender:Update()
 
(Filename: C:\build\output\unity\unity\Runtime/Export/Debug/Debug.bindings.h Line: 35)

Ball r, x, y :7, -168, 90
UnityEngine.DebugLogHandler:Internal_Log(LogType, LogOption, String, Object)
UnityEngine.DebugLogHandler:LogFormat(LogType, Object, String, Object[])
UnityEngine.Logger:Log(LogType, Object)
UnityEngine.Debug:Log(Object)
HighPrecisionStepperJuggler.ImageProcessingInstructionSender:Update()
 
(Filename: C:\build\output\unity\unity\Runtime/Export/Debug/Debug.bindings.h Line: 35)

Ball r, x, y :7.86, 311, 60
UnityEngine.DebugLogHandler:Internal_Log(LogType, LogOption, String, Object)
UnityEngine.DebugLogHandler:LogFormat(LogType, Object, String, Object[])
UnityEngine.Logger:Log(LogType, Object)
UnityEngine.Debug:Log(Object)
HighPrecisionStepperJuggler.ImageProcessingInstructionSender:Update()
 
(Filename: C:\build\output\unity\unity\Runtime/Export/Debug/Debug.bindings.h Line: 35)

Ball r, x, y :7, -168, 90
UnityEngine.DebugLogHandler:Internal_Log(LogType, LogOption, String, Object)
UnityEngine.DebugLogHandler:LogFormat(LogType, Object, String, Object[])
UnityEngine.Logger:Log(LogType, Object)
UnityEngine.Debug:Log(Object)
HighPrecisionStepperJuggler.ImageProcessingInstructionSender:Update()
 
(Filename: C:\build\output\unity\unity\Runtime/Export/Debug/Debug.bindings.h Line: 35)

Ball r, x, y :7.86, 311, 60
UnityEngine.DebugLogHandler:Internal_Log(LogType, LogOption, String, Object)
UnityEngine.DebugLogHandler:LogFormat(LogType, Object, String, Object[])
UnityEngine.Logger:Log(LogType, Object)
UnityEngine.Debug:Log(Object)
HighPrecisionStepperJuggler.ImageProcessingInstructionSender:Update()
 
(Filename: C:\build\output\unity\unity\Runtime/Export/Debug/Debug.bindings.h Line: 35)

Ball r, x, y :5.6, 314, 150
UnityEngine.DebugLogHandler:Internal_Log(LogType, LogOption, String, Object)
UnityEngine.DebugLogHandler:LogFormat(LogType, Object, String, Object[])
UnityEngine.Logger:Log(LogType, Object)
UnityEngine.Debug:Log(Object)
HighPrecisionStepperJuggler.ImageProcessingInstructionSender:Update()
 
(Filename: C:\build\output\unity\unity\Runtime/Export/Debug/Debug.bindings.h Line: 35)

Ball r, x, y :6.1, 313, 120
UnityEngine.DebugLogHandler:Internal_Log(LogType, LogOption, String, Object)
UnityEngine.DebugLogHandler:LogFormat(LogType, Object, String, Object[])
UnityEngine.Logger:Log(LogType, Object)
UnityEngine.Debug:Log(Object)
HighPrecisionStepperJuggler.ImageProcessingInstructionSender:Update()
 
(Filename: C:\build\output\unity\unity\Runtime/Export/Debug/Debug.bindings.h Line: 35)

Ball r, x, y :7.86, 311, 60
UnityEngine.DebugLogHandler:Internal_Log(LogType, LogOption, String, Object)
UnityEngine.DebugLogHandler:LogFormat(LogType, Object, String, Object[])
UnityEngine.Logger:Log(LogType, Object)
UnityEngine.Debug:Log(Object)
HighPrecisionStepperJuggler.ImageProcessingInstructionSender:Update()
 
(Filename: C:\build\output\unity\unity\Runtime/Export/Debug/Debug.bindings.h Line: 35)

Ball r, x, y :7.38, 312, 60
UnityEngine.DebugLogHandler:Internal_Log(LogType, LogOption, String, Object)
UnityEngine.DebugLogHandler:LogFormat(LogType, Object, String, Object[])
UnityEngine.Logger:Log(LogType, Object)
UnityEngine.Debug:Log(Object)
HighPrecisionStepperJuggler.ImageProcessingInstructionSender:Update()
 
(Filename: C:\build\output\unity\unity\Runtime/Export/Debug/Debug.bindings.h Line: 35)

Ball r, x, y :7.38, 312, 60
UnityEngine.DebugLogHandler:Internal_Log(LogType, LogOption, String, Object)
UnityEngine.DebugLogHandler:LogFormat(LogType, Object, String, Object[])
UnityEngine.Logger:Log(LogType, Object)
UnityEngine.Debug:Log(Object)
HighPrecisionStepperJuggler.ImageProcessingInstructionSender:Update()
 
(Filename: C:\build\output\unity\unity\Runtime/Export/Debug/Debug.bindings.h Line: 35)

Ball r, x, y :6.54, -167, 120
UnityEngine.DebugLogHandler:Internal_Log(LogType, LogOption, String, Object)
UnityEngine.DebugLogHandler:LogFormat(LogType, Object, String, Object[])
UnityEngine.Logger:Log(LogType, Object)
UnityEngine.Debug:Log(Object)
HighPrecisionStepperJuggler.ImageProcessingInstructionSender:Update()
 
(Filename: C:\build\output\unity\unity\Runtime/Export/Debug/Debug.bindings.h Line: 35)

Ball r, x, y :6.1, 313, 120
UnityEngine.DebugLogHandler:Internal_Log(LogType, LogOption, String, Object)
UnityEngine.DebugLogHandler:LogFormat(LogType, Object, String, Object[])
UnityEngine.Logger:Log(LogType, Object)
UnityEngine.Debug:Log(Object)
HighPrecisionStepperJuggler.ImageProcessingInstructionSender:Update()
 
(Filename: C:\build\output\unity\unity\Runtime/Export/Debug/Debug.bindings.h Line: 35)

Ball r, x, y :7.38, -168, 60
UnityEngine.DebugLogHandler:Internal_Log(LogType, LogOption, String, Object)
UnityEngine.DebugLogHandler:LogFormat(LogType, Object, String, Object[])
UnityEngine.Logger:Log(LogType, Object)
UnityEngine.Debug:Log(Object)
HighPrecisionStepperJuggler.ImageProcessingInstructionSender:Update()
 
(Filename: C:\build\output\unity\unity\Runtime/Export/Debug/Debug.bindings.h Line: 35)

Ball r, x, y :7.38, 312, 60
UnityEngine.DebugLogHandler:Internal_Log(LogType, LogOption, String, Object)
UnityEngine.DebugLogHandler:LogFormat(LogType, Object, String, Object[])
UnityEngine.Logger:Log(LogType, Object)
UnityEngine.Debug:Log(Object)
HighPrecisionStepperJuggler.ImageProcessingInstructionSender:Update()
 
(Filename: C:\build\output\unity\unity\Runtime/Export/Debug/Debug.bindings.h Line: 35)

Ball r, x, y :6.1, 313, 120
UnityEngine.DebugLogHandler:Internal_Log(LogType, LogOption, String, Object)
UnityEngine.DebugLogHandler:LogFormat(LogType, Object, String, Object[])
UnityEngine.Logger:Log(LogType, Object)
UnityEngine.Debug:Log(Object)
HighPrecisionStepperJuggler.ImageProcessingInstructionSender:Update()
 
(Filename: C:\build\output\unity\unity\Runtime/Export/Debug/Debug.bindings.h Line: 35)

Ball r, x, y :7.86, 311, 60
UnityEngine.DebugLogHandler:Internal_Log(LogType, LogOption, String, Object)
UnityEngine.DebugLogHandler:LogFormat(LogType, Object, String, Object[])
UnityEngine.Logger:Log(LogType, Object)
UnityEngine.Debug:Log(Object)
HighPrecisionStepperJuggler.ImageProcessingInstructionSender:Update()
 
(Filename: C:\build\output\unity\unity\Runtime/Export/Debug/Debug.bindings.h Line: 35)

Ball r, x, y :7.38, 312, 60
UnityEngine.DebugLogHandler:Internal_Log(LogType, LogOption, String, Object)
UnityEngine.DebugLogHandler:LogFormat(LogType, Object, String, Object[])
UnityEngine.Logger:Log(LogType, Object)
UnityEngine.Debug:Log(Object)
HighPrecisionStepperJuggler.ImageProcessingInstructionSender:Update()
 
(Filename: C:\build\output\unity\unity\Runtime/Export/Debug/Debug.bindings.h Line: 35)

Ball r, x, y :6.1, 313, 120
UnityEngine.DebugLogHandler:Internal_Log(LogType, LogOption, String, Object)
UnityEngine.DebugLogHandler:LogFormat(LogType, Object, String, Object[])
UnityEngine.Logger:Log(LogType, Object)
UnityEngine.Debug:Log(Object)
HighPrecisionStepperJuggler.ImageProcessingInstructionSender:Update()
 
(Filename: C:\build\output\unity\unity\Runtime/Export/Debug/Debug.bindings.h Line: 35)

Ball r, x, y :6.1, 313, 120
UnityEngine.DebugLogHandler:Internal_Log(LogType, LogOption, String, Object)
UnityEngine.DebugLogHandler:LogFormat(LogType, Object, String, Object[])
UnityEngine.Logger:Log(LogType, Object)
UnityEngine.Debug:Log(Object)
HighPrecisionStepperJuggler.ImageProcessingInstructionSender:Update()
 
(Filename: C:\build\output\unity\unity\Runtime/Export/Debug/Debug.bindings.h Line: 35)

Ball r, x, y :7.38, -168, 60
UnityEngine.DebugLogHandler:Internal_Log(LogType, LogOption, String, Object)
UnityEngine.DebugLogHandler:LogFormat(LogType, Object, String, Object[])
UnityEngine.Logger:Log(LogType, Object)
UnityEngine.Debug:Log(Object)
HighPrecisionStepperJuggler.ImageProcessingInstructionSender:Update()
 
(Filename: C:\build\output\unity\unity\Runtime/Export/Debug/Debug.bindings.h Line: 35)

Ball r, x, y :7.86, -169, 60
UnityEngine.DebugLogHandler:Internal_Log(LogType, LogOption, String, Object)
UnityEngine.DebugLogHandler:LogFormat(LogType, Object, String, Object[])
UnityEngine.Logger:Log(LogType, Object)
UnityEngine.Debug:Log(Object)
HighPrecisionStepperJuggler.ImageProcessingInstructionSender:Update()
 
(Filename: C:\build\output\unity\unity\Runtime/Export/Debug/Debug.bindings.h Line: 35)

Ball r, x, y :7.86, 311, 60
UnityEngine.DebugLogHandler:Internal_Log(LogType, LogOption, String, Object)
UnityEngine.DebugLogHandler:LogFormat(LogType, Object, String, Object[])
UnityEngine.Logger:Log(LogType, Object)
UnityEngine.Debug:Log(Object)
HighPrecisionStepperJuggler.ImageProcessingInstructionSender:Update()
 
(Filename: C:\build\output\unity\unity\Runtime/Export/Debug/Debug.bindings.h Line: 35)

Ball r, x, y :7.86, 311, 60
UnityEngine.DebugLogHandler:Internal_Log(LogType, LogOption, String, Object)
UnityEngine.DebugLogHandler:LogFormat(LogType, Object, String, Object[])
UnityEngine.Logger:Log(LogType, Object)
UnityEngine.Debug:Log(Object)
HighPrecisionStepperJuggler.ImageProcessingInstructionSender:Update()
 
(Filename: C:\build\output\unity\unity\Runtime/Export/Debug/Debug.bindings.h Line: 35)

Ball r, x, y :6.1, 313, 120
UnityEngine.DebugLogHandler:Internal_Log(LogType, LogOption, String, Object)
UnityEngine.DebugLogHandler:LogFormat(LogType, Object, String, Object[])
UnityEngine.Logger:Log(LogType, Object)
UnityEngine.Debug:Log(Object)
HighPrecisionStepperJuggler.ImageProcessingInstructionSender:Update()
 
(Filename: C:\build\output\unity\unity\Runtime/Export/Debug/Debug.bindings.h Line: 35)

Ball r, x, y :7.38, -168, 60
UnityEngine.DebugLogHandler:Internal_Log(LogType, LogOption, String, Object)
UnityEngine.DebugLogHandler:LogFormat(LogType, Object, String, Object[])
UnityEngine.Logger:Log(LogType, Object)
UnityEngine.Debug:Log(Object)
HighPrecisionStepperJuggler.ImageProcessingInstructionSender:Update()
 
(Filename: C:\build\output\unity\unity\Runtime/Export/Debug/Debug.bindings.h Line: 35)

Ball r, x, y :6.54, 313, 120
UnityEngine.DebugLogHandler:Internal_Log(LogType, LogOption, String, Object)
UnityEngine.DebugLogHandler:LogFormat(LogType, Object, String, Object[])
UnityEngine.Logger:Log(LogType, Object)
UnityEngine.Debug:Log(Object)
HighPrecisionStepperJuggler.ImageProcessingInstructionSender:Update()
 
(Filename: C:\build\output\unity\unity\Runtime/Export/Debug/Debug.bindings.h Line: 35)

Ball r, x, y :7.86, 311, 60
UnityEngine.DebugLogHandler:Internal_Log(LogType, LogOption, String, Object)
UnityEngine.DebugLogHandler:LogFormat(LogType, Object, String, Object[])
UnityEngine.Logger:Log(LogType, Object)
UnityEngine.Debug:Log(Object)
HighPrecisionStepperJuggler.ImageProcessingInstructionSender:Update()
 
(Filename: C:\build\output\unity\unity\Runtime/Export/Debug/Debug.bindings.h Line: 35)

Ball r, x, y :6.1, 313, 120
UnityEngine.DebugLogHandler:Internal_Log(LogType, LogOption, String, Object)
UnityEngine.DebugLogHandler:LogFormat(LogType, Object, String, Object[])
UnityEngine.Logger:Log(LogType, Object)
UnityEngine.Debug:Log(Object)
HighPrecisionStepperJuggler.ImageProcessingInstructionSender:Update()
 
(Filename: C:\build\output\unity\unity\Runtime/Export/Debug/Debug.bindings.h Line: 35)

Ball r, x, y :6.1, 313, 120
UnityEngine.DebugLogHandler:Internal_Log(LogType, LogOption, String, Object)
UnityEngine.DebugLogHandler:LogFormat(LogType, Object, String, Object[])
UnityEngine.Logger:Log(LogType, Object)
UnityEngine.Debug:Log(Object)
HighPrecisionStepperJuggler.ImageProcessingInstructionSender:Update()
 
(Filename: C:\build\output\unity\unity\Runtime/Export/Debug/Debug.bindings.h Line: 35)

Ball r, x, y :7.86, 311, 60
UnityEngine.DebugLogHandler:Internal_Log(LogType, LogOption, String, Object)
UnityEngine.DebugLogHandler:LogFormat(LogType, Object, String, Object[])
UnityEngine.Logger:Log(LogType, Object)
UnityEngine.Debug:Log(Object)
HighPrecisionStepperJuggler.ImageProcessingInstructionSender:Update()
 
(Filename: C:\build\output\unity\unity\Runtime/Export/Debug/Debug.bindings.h Line: 35)

Ball r, x, y :7.38, -168, 60
UnityEngine.DebugLogHandler:Internal_Log(LogType, LogOption, String, Object)
UnityEngine.DebugLogHandler:LogFormat(LogType, Object, String, Object[])
UnityEngine.Logger:Log(LogType, Object)
UnityEngine.Debug:Log(Object)
HighPrecisionStepperJuggler.ImageProcessingInstructionSender:Update()
 
(Filename: C:\build\output\unity\unity\Runtime/Export/Debug/Debug.bindings.h Line: 35)

Ball r, x, y :7.38, -168, 60
UnityEngine.DebugLogHandler:Internal_Log(LogType, LogOption, String, Object)
UnityEngine.DebugLogHandler:LogFormat(LogType, Object, String, Object[])
UnityEngine.Logger:Log(LogType, Object)
UnityEngine.Debug:Log(Object)
HighPrecisionStepperJuggler.ImageProcessingInstructionSender:Update()
 
(Filename: C:\build\output\unity\unity\Runtime/Export/Debug/Debug.bindings.h Line: 35)

Ball r, x, y :7.86, -169, 60
UnityEngine.DebugLogHandler:Internal_Log(LogType, LogOption, String, Object)
UnityEngine.DebugLogHandler:LogFormat(LogType, Object, String, Object[])
UnityEngine.Logger:Log(LogType, Object)
UnityEngine.Debug:Log(Object)
HighPrecisionStepperJuggler.ImageProcessingInstructionSender:Update()
 
(Filename: C:\build\output\unity\unity\Runtime/Export/Debug/Debug.bindings.h Line: 35)

Ball r, x, y :7.86, -169, 60
UnityEngine.DebugLogHandler:Internal_Log(LogType, LogOption, String, Object)
UnityEngine.DebugLogHandler:LogFormat(LogType, Object, String, Object[])
UnityEngine.Logger:Log(LogType, Object)
UnityEngine.Debug:Log(Object)
HighPrecisionStepperJuggler.ImageProcessingInstructionSender:Update()
 
(Filename: C:\build\output\unity\unity\Runtime/Export/Debug/Debug.bindings.h Line: 35)

Ball r, x, y :7.86, -169, 60
UnityEngine.DebugLogHandler:Internal_Log(LogType, LogOption, String, Object)
UnityEngine.DebugLogHandler:LogFormat(LogType, Object, String, Object[])
UnityEngine.Logger:Log(LogType, Object)
UnityEngine.Debug:Log(Object)
HighPrecisionStepperJuggler.ImageProcessingInstructionSender:Update()
 
(Filename: C:\build\output\unity\unity\Runtime/Export/Debug/Debug.bindings.h Line: 35)

Ball r, x, y :7.38, 312, 60
UnityEngine.DebugLogHandler:Internal_Log(LogType, LogOption, String, Object)
UnityEngine.DebugLogHandler:LogFormat(LogType, Object, String, Object[])
UnityEngine.Logger:Log(LogType, Object)
UnityEngine.Debug:Log(Object)
HighPrecisionStepperJuggler.ImageProcessingInstructionSender:Update()
 
(Filename: C:\build\output\unity\unity\Runtime/Export/Debug/Debug.bindings.h Line: 35)

Ball r, x, y :7.86, 311, 60
UnityEngine.DebugLogHandler:Internal_Log(LogType, LogOption, String, Object)
UnityEngine.DebugLogHandler:LogFormat(LogType, Object, String, Object[])
UnityEngine.Logger:Log(LogType, Object)
UnityEngine.Debug:Log(Object)
HighPrecisionStepperJuggler.ImageProcessingInstructionSender:Update()
 
(Filename: C:\build\output\unity\unity\Runtime/Export/Debug/Debug.bindings.h Line: 35)

Ball r, x, y :7.38, -168, 60
UnityEngine.DebugLogHandler:Internal_Log(LogType, LogOption, String, Object)
UnityEngine.DebugLogHandler:LogFormat(LogType, Object, String, Object[])
UnityEngine.Logger:Log(LogType, Object)
UnityEngine.Debug:Log(Object)
HighPrecisionStepperJuggler.ImageProcessingInstructionSender:Update()
 
(Filename: C:\build\output\unity\unity\Runtime/Export/Debug/Debug.bindings.h Line: 35)

Ball r, x, y :7.86, -169, 60
UnityEngine.DebugLogHandler:Internal_Log(LogType, LogOption, String, Object)
UnityEngine.DebugLogHandler:LogFormat(LogType, Object, String, Object[])
UnityEngine.Logger:Log(LogType, Object)
UnityEngine.Debug:Log(Object)
HighPrecisionStepperJuggler.ImageProcessingInstructionSender:Update()
 
(Filename: C:\build\output\unity\unity\Runtime/Export/Debug/Debug.bindings.h Line: 35)

Ball r, x, y :7.86, 311, 60
UnityEngine.DebugLogHandler:Internal_Log(LogType, LogOption, String, Object)
UnityEngine.DebugLogHandler:LogFormat(LogType, Object, String, Object[])
UnityEngine.Logger:Log(LogType, Object)
UnityEngine.Debug:Log(Object)
HighPrecisionStepperJuggler.ImageProcessingInstructionSender:Update()
 
(Filename: C:\build\output\unity\unity\Runtime/Export/Debug/Debug.bindings.h Line: 35)

Ball r, x, y :4.8, 315, 60
UnityEngine.DebugLogHandler:Internal_Log(LogType, LogOption, String, Object)
UnityEngine.DebugLogHandler:LogFormat(LogType, Object, String, Object[])
UnityEngine.Logger:Log(LogType, Object)
UnityEngine.Debug:Log(Object)
HighPrecisionStepperJuggler.ImageProcessingInstructionSender:Update()
 
(Filename: C:\build\output\unity\unity\Runtime/Export/Debug/Debug.bindings.h Line: 35)

Ball r, x, y :5.3, 314, 150
UnityEngine.DebugLogHandler:Internal_Log(LogType, LogOption, String, Object)
UnityEngine.DebugLogHandler:LogFormat(LogType, Object, String, Object[])
UnityEngine.Logger:Log(LogType, Object)
UnityEngine.Debug:Log(Object)
HighPrecisionStepperJuggler.ImageProcessingInstructionSender:Update()
 
(Filename: C:\build\output\unity\unity\Runtime/Export/Debug/Debug.bindings.h Line: 35)

Ball r, x, y :7.86, -169, 60
UnityEngine.DebugLogHandler:Internal_Log(LogType, LogOption, String, Object)
UnityEngine.DebugLogHandler:LogFormat(LogType, Object, String, Object[])
UnityEngine.Logger:Log(LogType, Object)
UnityEngine.Debug:Log(Object)
HighPrecisionStepperJuggler.ImageProcessingInstructionSender:Update()
 
(Filename: C:\build\output\unity\unity\Runtime/Export/Debug/Debug.bindings.h Line: 35)

Ball r, x, y :7.38, 312, 60
UnityEngine.DebugLogHandler:Internal_Log(LogType, LogOption, String, Object)
UnityEngine.DebugLogHandler:LogFormat(LogType, Object, String, Object[])
UnityEngine.Logger:Log(LogType, Object)
UnityEngine.Debug:Log(Object)
HighPrecisionStepperJuggler.ImageProcessingInstructionSender:Update()
 
(Filename: C:\build\output\unity\unity\Runtime/Export/Debug/Debug.bindings.h Line: 35)

Ball r, x, y :7.38, 312, 60
UnityEngine.DebugLogHandler:Internal_Log(LogType, LogOption, String, Object)
UnityEngine.DebugLogHandler:LogFormat(LogType, Object, String, Object[])
UnityEngine.Logger:Log(LogType, Object)
UnityEngine.Debug:Log(Object)
HighPrecisionStepperJuggler.ImageProcessingInstructionSender:Update()
 
(Filename: C:\build\output\unity\unity\Runtime/Export/Debug/Debug.bindings.h Line: 35)

Ball r, x, y :7.86, -169, 60
UnityEngine.DebugLogHandler:Internal_Log(LogType, LogOption, String, Object)
UnityEngine.DebugLogHandler:LogFormat(LogType, Object, String, Object[])
UnityEngine.Logger:Log(LogType, Object)
UnityEngine.Debug:Log(Object)
HighPrecisionStepperJuggler.ImageProcessingInstructionSender:Update()
 
(Filename: C:\build\output\unity\unity\Runtime/Export/Debug/Debug.bindings.h Line: 35)

Ball r, x, y :5.6, 314, 150
UnityEngine.DebugLogHandler:Internal_Log(LogType, LogOption, String, Object)
UnityEngine.DebugLogHandler:LogFormat(LogType, Object, String, Object[])
UnityEngine.Logger:Log(LogType, Object)
UnityEngine.Debug:Log(Object)
HighPrecisionStepperJuggler.ImageProcessingInstructionSender:Update()
 
(Filename: C:\build\output\unity\unity\Runtime/Export/Debug/Debug.bindings.h Line: 35)

Ball r, x, y :7.86, -169, 60
UnityEngine.DebugLogHandler:Internal_Log(LogType, LogOption, String, Object)
UnityEngine.DebugLogHandler:LogFormat(LogType, Object, String, Object[])
UnityEngine.Logger:Log(LogType, Object)
UnityEngine.Debug:Log(Object)
HighPrecisionStepperJuggler.ImageProcessingInstructionSender:Update()
 
(Filename: C:\build\output\unity\unity\Runtime/Export/Debug/Debug.bindings.h Line: 35)

Ball r, x, y :7.86, 311, 60
UnityEngine.DebugLogHandler:Internal_Log(LogType, LogOption, String, Object)
UnityEngine.DebugLogHandler:LogFormat(LogType, Object, String, Object[])
UnityEngine.Logger:Log(LogType, Object)
UnityEngine.Debug:Log(Object)
HighPrecisionStepperJuggler.ImageProcessingInstructionSender:Update()
 
(Filename: C:\build\output\unity\unity\Runtime/Export/Debug/Debug.bindings.h Line: 35)

Ball r, x, y :6.54, 313, 120
UnityEngine.DebugLogHandler:Internal_Log(LogType, LogOption, String, Object)
UnityEngine.DebugLogHandler:LogFormat(LogType, Object, String, Object[])
UnityEngine.Logger:Log(LogType, Object)
UnityEngine.Debug:Log(Object)
HighPrecisionStepperJuggler.ImageProcessingInstructionSender:Update()
 
(Filename: C:\build\output\unity\unity\Runtime/Export/Debug/Debug.bindings.h Line: 35)

Ball r, x, y :7.86, 311, 60
UnityEngine.DebugLogHandler:Internal_Log(LogType, LogOption, String, Object)
UnityEngine.DebugLogHandler:LogFormat(LogType, Object, String, Object[])
UnityEngine.Logger:Log(LogType, Object)
UnityEngine.Debug:Log(Object)
HighPrecisionStepperJuggler.ImageProcessingInstructionSender:Update()
 
(Filename: C:\build\output\unity\unity\Runtime/Export/Debug/Debug.bindings.h Line: 35)

Ball r, x, y :5.3, -166, 180
UnityEngine.DebugLogHandler:Internal_Log(LogType, LogOption, String, Object)
UnityEngine.DebugLogHandler:LogFormat(LogType, Object, String, Object[])
UnityEngine.Logger:Log(LogType, Object)
UnityEngine.Debug:Log(Object)
HighPrecisionStepperJuggler.ImageProcessingInstructionSender:Update()
 
(Filename: C:\build\output\unity\unity\Runtime/Export/Debug/Debug.bindings.h Line: 35)

Ball r, x, y :6.1, 313, 120
UnityEngine.DebugLogHandler:Internal_Log(LogType, LogOption, String, Object)
UnityEngine.DebugLogHandler:LogFormat(LogType, Object, String, Object[])
UnityEngine.Logger:Log(LogType, Object)
UnityEngine.Debug:Log(Object)
HighPrecisionStepperJuggler.ImageProcessingInstructionSender:Update()
 
(Filename: C:\build\output\unity\unity\Runtime/Export/Debug/Debug.bindings.h Line: 35)

Ball r, x, y :7.86, -169, 60
UnityEngine.DebugLogHandler:Internal_Log(LogType, LogOption, String, Object)
UnityEngine.DebugLogHandler:LogFormat(LogType, Object, String, Object[])
UnityEngine.Logger:Log(LogType, Object)
UnityEngine.Debug:Log(Object)
HighPrecisionStepperJuggler.ImageProcessingInstructionSender:Update()
 
(Filename: C:\build\output\unity\unity\Runtime/Export/Debug/Debug.bindings.h Line: 35)

Ball r, x, y :6.1, 313, 120
UnityEngine.DebugLogHandler:Internal_Log(LogType, LogOption, String, Object)
UnityEngine.DebugLogHandler:LogFormat(LogType, Object, String, Object[])
UnityEngine.Logger:Log(LogType, Object)
UnityEngine.Debug:Log(Object)
HighPrecisionStepperJuggler.ImageProcessingInstructionSender:Update()
 
(Filename: C:\build\output\unity\unity\Runtime/Export/Debug/Debug.bindings.h Line: 35)

Ball r, x, y :7, 312, 90
UnityEngine.DebugLogHandler:Internal_Log(LogType, LogOption, String, Object)
UnityEngine.DebugLogHandler:LogFormat(LogType, Object, String, Object[])
UnityEngine.Logger:Log(LogType, Object)
UnityEngine.Debug:Log(Object)
HighPrecisionStepperJuggler.ImageProcessingInstructionSender:Update()
 
(Filename: C:\build\output\unity\unity\Runtime/Export/Debug/Debug.bindings.h Line: 35)

Ball r, x, y :7.38, 312, 60
UnityEngine.DebugLogHandler:Internal_Log(LogType, LogOption, String, Object)
UnityEngine.DebugLogHandler:LogFormat(LogType, Object, String, Object[])
UnityEngine.Logger:Log(LogType, Object)
UnityEngine.Debug:Log(Object)
HighPrecisionStepperJuggler.ImageProcessingInstructionSender:Update()
 
(Filename: C:\build\output\unity\unity\Runtime/Export/Debug/Debug.bindings.h Line: 35)

Ball r, x, y :7.86, 311, 60
UnityEngine.DebugLogHandler:Internal_Log(LogType, LogOption, String, Object)
UnityEngine.DebugLogHandler:LogFormat(LogType, Object, String, Object[])
UnityEngine.Logger:Log(LogType, Object)
UnityEngine.Debug:Log(Object)
HighPrecisionStepperJuggler.ImageProcessingInstructionSender:Update()
 
(Filename: C:\build\output\unity\unity\Runtime/Export/Debug/Debug.bindings.h Line: 35)

Ball r, x, y :7.38, -168, 60
UnityEngine.DebugLogHandler:Internal_Log(LogType, LogOption, String, Object)
UnityEngine.DebugLogHandler:LogFormat(LogType, Object, String, Object[])
UnityEngine.Logger:Log(LogType, Object)
UnityEngine.Debug:Log(Object)
HighPrecisionStepperJuggler.ImageProcessingInstructionSender:Update()
 
(Filename: C:\build\output\unity\unity\Runtime/Export/Debug/Debug.bindings.h Line: 35)

Ball r, x, y :7.86, -169, 60
UnityEngine.DebugLogHandler:Internal_Log(LogType, LogOption, String, Object)
UnityEngine.DebugLogHandler:LogFormat(LogType, Object, String, Object[])
UnityEngine.Logger:Log(LogType, Object)
UnityEngine.Debug:Log(Object)
HighPrecisionStepperJuggler.ImageProcessingInstructionSender:Update()
 
(Filename: C:\build\output\unity\unity\Runtime/Export/Debug/Debug.bindings.h Line: 35)

Ball r, x, y :7.86, -169, 60
UnityEngine.DebugLogHandler:Internal_Log(LogType, LogOption, String, Object)
UnityEngine.DebugLogHandler:LogFormat(LogType, Object, String, Object[])
UnityEngine.Logger:Log(LogType, Object)
UnityEngine.Debug:Log(Object)
HighPrecisionStepperJuggler.ImageProcessingInstructionSender:Update()
 
(Filename: C:\build\output\unity\unity\Runtime/Export/Debug/Debug.bindings.h Line: 35)

Ball r, x, y :7.38, -168, 60
UnityEngine.DebugLogHandler:Internal_Log(LogType, LogOption, String, Object)
UnityEngine.DebugLogHandler:LogFormat(LogType, Object, String, Object[])
UnityEngine.Logger:Log(LogType, Object)
UnityEngine.Debug:Log(Object)
HighPrecisionStepperJuggler.ImageProcessingInstructionSender:Update()
 
(Filename: C:\build\output\unity\unity\Runtime/Export/Debug/Debug.bindings.h Line: 35)

Ball r, x, y :7.86, -169, 60
UnityEngine.DebugLogHandler:Internal_Log(LogType, LogOption, String, Object)
UnityEngine.DebugLogHandler:LogFormat(LogType, Object, String, Object[])
UnityEngine.Logger:Log(LogType, Object)
UnityEngine.Debug:Log(Object)
HighPrecisionStepperJuggler.ImageProcessingInstructionSender:Update()
 
(Filename: C:\build\output\unity\unity\Runtime/Export/Debug/Debug.bindings.h Line: 35)

Ball r, x, y :6.1, -167, 120
UnityEngine.DebugLogHandler:Internal_Log(LogType, LogOption, String, Object)
UnityEngine.DebugLogHandler:LogFormat(LogType, Object, String, Object[])
UnityEngine.Logger:Log(LogType, Object)
UnityEngine.Debug:Log(Object)
HighPrecisionStepperJuggler.ImageProcessingInstructionSender:Update()
 
(Filename: C:\build\output\unity\unity\Runtime/Export/Debug/Debug.bindings.h Line: 35)

Ball r, x, y :7.86, 311, 60
UnityEngine.DebugLogHandler:Internal_Log(LogType, LogOption, String, Object)
UnityEngine.DebugLogHandler:LogFormat(LogType, Object, String, Object[])
UnityEngine.Logger:Log(LogType, Object)
UnityEngine.Debug:Log(Object)
HighPrecisionStepperJuggler.ImageProcessingInstructionSender:Update()
 
(Filename: C:\build\output\unity\unity\Runtime/Export/Debug/Debug.bindings.h Line: 35)

Ball r, x, y :6.1, 313, 120
UnityEngine.DebugLogHandler:Internal_Log(LogType, LogOption, String, Object)
UnityEngine.DebugLogHandler:LogFormat(LogType, Object, String, Object[])
UnityEngine.Logger:Log(LogType, Object)
UnityEngine.Debug:Log(Object)
HighPrecisionStepperJuggler.ImageProcessingInstructionSender:Update()
 
(Filename: C:\build\output\unity\unity\Runtime/Export/Debug/Debug.bindings.h Line: 35)

Ball r, x, y :7.38, -168, 60
UnityEngine.DebugLogHandler:Internal_Log(LogType, LogOption, String, Object)
UnityEngine.DebugLogHandler:LogFormat(LogType, Object, String, Object[])
UnityEngine.Logger:Log(LogType, Object)
UnityEngine.Debug:Log(Object)
HighPrecisionStepperJuggler.ImageProcessingInstructionSender:Update()
 
(Filename: C:\build\output\unity\unity\Runtime/Export/Debug/Debug.bindings.h Line: 35)

Ball r, x, y :7.86, 311, 60
UnityEngine.DebugLogHandler:Internal_Log(LogType, LogOption, String, Object)
UnityEngine.DebugLogHandler:LogFormat(LogType, Object, String, Object[])
UnityEngine.Logger:Log(LogType, Object)
UnityEngine.Debug:Log(Object)
HighPrecisionStepperJuggler.ImageProcessingInstructionSender:Update()
 
(Filename: C:\build\output\unity\unity\Runtime/Export/Debug/Debug.bindings.h Line: 35)

Ball r, x, y :7, 312, 60
UnityEngine.DebugLogHandler:Internal_Log(LogType, LogOption, String, Object)
UnityEngine.DebugLogHandler:LogFormat(LogType, Object, String, Object[])
UnityEngine.Logger:Log(LogType, Object)
UnityEngine.Debug:Log(Object)
HighPrecisionStepperJuggler.ImageProcessingInstructionSender:Update()
 
(Filename: C:\build\output\unity\unity\Runtime/Export/Debug/Debug.bindings.h Line: 35)

