ISO-10303-21;
HEADER;
/* Generated by software containing ST-Developer
 * from STEP Tools, Inc. (www.steptools.com) 
 */

FILE_DESCRIPTION(
/* description */ (''),
/* implementation_level */ '2;1');

FILE_NAME(
/* name */ 'Arms.step',
/* time_stamp */ '2026-07-25T17:38:24+02:00',
/* author */ (''),
/* organization */ (''),
/* preprocessor_version */ 'ST-DEVELOPER v20.1',
/* originating_system */ 'Autodesk Translation Framework v15.8.0.0',
/* authorisation */ '');

FILE_SCHEMA (('AUTOMOTIVE_DESIGN { 1 0 10303 214 3 1 1 }'));
ENDSEC;

DATA;
#10=MECHANICAL_DESIGN_GEOMETRIC_PRESENTATION_REPRESENTATION('',(#23,#24,
#25,#26),#2103);
#11=ITEM_DEFINED_TRANSFORMATION($,$,#1285,#1403);
#12=ITEM_DEFINED_TRANSFORMATION($,$,#1368,#1404);
#13=(
REPRESENTATION_RELATIONSHIP($,$,#2117,#2116)
REPRESENTATION_RELATIONSHIP_WITH_TRANSFORMATION(#11)
SHAPE_REPRESENTATION_RELATIONSHIP()
);
#14=(
REPRESENTATION_RELATIONSHIP($,$,#2118,#2116)
REPRESENTATION_RELATIONSHIP_WITH_TRANSFORMATION(#12)
SHAPE_REPRESENTATION_RELATIONSHIP()
);
#15=CONTEXT_DEPENDENT_SHAPE_REPRESENTATION(#13,#2114);
#16=CONTEXT_DEPENDENT_SHAPE_REPRESENTATION(#14,#2115);
#17=NEXT_ASSEMBLY_USAGE_OCCURRENCE('UpperLink:1','UpperLink:1',
'UpperLink:1',#2120,#2121,'UpperLink:1');
#18=NEXT_ASSEMBLY_USAGE_OCCURRENCE('AcrylPlate:1','AcrylPlate:1',
'AcrylPlate:1',#2120,#2122,'AcrylPlate:1');
#19=SHAPE_REPRESENTATION_RELATIONSHIP('SRR','None',#2117,#21);
#20=SHAPE_REPRESENTATION_RELATIONSHIP('SRR','None',#2118,#22);
#21=ADVANCED_BREP_SHAPE_REPRESENTATION('',(#27,#28,#29),#2101);
#22=ADVANCED_BREP_SHAPE_REPRESENTATION('',(#30),#2102);
#23=STYLED_ITEM('',(#2135),#27);
#24=STYLED_ITEM('',(#2135),#28);
#25=STYLED_ITEM('',(#2135),#29);
#26=STYLED_ITEM('',(#2135),#30);
#27=MANIFOLD_SOLID_BREP('Body1',#1257);
#28=MANIFOLD_SOLID_BREP('Body2',#1258);
#29=MANIFOLD_SOLID_BREP('Body3',#1259);
#30=MANIFOLD_SOLID_BREP('Body1',#1260);
#31=FACE_BOUND('',#194,.T.);
#32=FACE_BOUND('',#195,.T.);
#33=FACE_BOUND('',#197,.T.);
#34=FACE_BOUND('',#198,.T.);
#35=FACE_BOUND('',#200,.T.);
#36=FACE_BOUND('',#201,.T.);
#37=FACE_BOUND('',#203,.T.);
#38=FACE_BOUND('',#204,.T.);
#39=FACE_BOUND('',#206,.T.);
#40=FACE_BOUND('',#207,.T.);
#41=FACE_BOUND('',#209,.T.);
#42=FACE_BOUND('',#211,.T.);
#43=FACE_BOUND('',#212,.T.);
#44=FACE_BOUND('',#214,.T.);
#45=FACE_BOUND('',#216,.T.);
#46=FACE_BOUND('',#217,.T.);
#47=FACE_BOUND('',#219,.T.);
#48=FACE_BOUND('',#220,.T.);
#49=FACE_BOUND('',#230,.T.);
#50=FACE_BOUND('',#235,.T.);
#51=FACE_BOUND('',#236,.T.);
#52=FACE_BOUND('',#237,.T.);
#53=FACE_BOUND('',#238,.T.);
#54=FACE_BOUND('',#240,.T.);
#55=FACE_BOUND('',#241,.T.);
#56=FACE_BOUND('',#242,.T.);
#57=FACE_BOUND('',#243,.T.);
#58=FACE_BOUND('',#253,.T.);
#59=FACE_BOUND('',#258,.T.);
#60=FACE_BOUND('',#259,.T.);
#61=FACE_BOUND('',#260,.T.);
#62=FACE_BOUND('',#261,.T.);
#63=FACE_BOUND('',#263,.T.);
#64=FACE_BOUND('',#264,.T.);
#65=FACE_BOUND('',#265,.T.);
#66=FACE_BOUND('',#266,.T.);
#67=FACE_BOUND('',#284,.T.);
#68=FACE_BOUND('',#285,.T.);
#69=FACE_BOUND('',#286,.T.);
#70=FACE_BOUND('',#287,.T.);
#71=FACE_BOUND('',#288,.T.);
#72=FACE_BOUND('',#289,.T.);
#73=FACE_BOUND('',#290,.T.);
#74=FACE_BOUND('',#291,.T.);
#75=FACE_BOUND('',#293,.T.);
#76=FACE_BOUND('',#294,.T.);
#77=FACE_BOUND('',#295,.T.);
#78=FACE_BOUND('',#296,.T.);
#79=FACE_BOUND('',#297,.T.);
#80=FACE_BOUND('',#298,.T.);
#81=FACE_BOUND('',#299,.T.);
#82=FACE_BOUND('',#300,.T.);
#83=PLANE('',#1310);
#84=PLANE('',#1311);
#85=PLANE('',#1312);
#86=PLANE('',#1313);
#87=PLANE('',#1314);
#88=PLANE('',#1315);
#89=PLANE('',#1316);
#90=PLANE('',#1317);
#91=PLANE('',#1318);
#92=PLANE('',#1319);
#93=PLANE('',#1329);
#94=PLANE('',#1330);
#95=PLANE('',#1331);
#96=PLANE('',#1332);
#97=PLANE('',#1336);
#98=PLANE('',#1340);
#99=PLANE('',#1341);
#100=PLANE('',#1342);
#101=PLANE('',#1343);
#102=PLANE('',#1353);
#103=PLANE('',#1354);
#104=PLANE('',#1355);
#105=PLANE('',#1356);
#106=PLANE('',#1360);
#107=PLANE('',#1364);
#108=PLANE('',#1365);
#109=PLANE('',#1366);
#110=PLANE('',#1367);
#111=PLANE('',#1369);
#112=PLANE('',#1370);
#113=PLANE('',#1371);
#114=PLANE('',#1372);
#115=PLANE('',#1373);
#116=PLANE('',#1374);
#117=PLANE('',#1375);
#118=PLANE('',#1400);
#119=PLANE('',#1401);
#120=PLANE('',#1402);
#121=FACE_OUTER_BOUND('',#185,.T.);
#122=FACE_OUTER_BOUND('',#186,.T.);
#123=FACE_OUTER_BOUND('',#187,.T.);
#124=FACE_OUTER_BOUND('',#188,.T.);
#125=FACE_OUTER_BOUND('',#189,.T.);
#126=FACE_OUTER_BOUND('',#190,.T.);
#127=FACE_OUTER_BOUND('',#191,.T.);
#128=FACE_OUTER_BOUND('',#192,.T.);
#129=FACE_OUTER_BOUND('',#193,.T.);
#130=FACE_OUTER_BOUND('',#196,.T.);
#131=FACE_OUTER_BOUND('',#199,.T.);
#132=FACE_OUTER_BOUND('',#202,.T.);
#133=FACE_OUTER_BOUND('',#205,.T.);
#134=FACE_OUTER_BOUND('',#208,.T.);
#135=FACE_OUTER_BOUND('',#210,.T.);
#136=FACE_OUTER_BOUND('',#213,.T.);
#137=FACE_OUTER_BOUND('',#215,.T.);
#138=FACE_OUTER_BOUND('',#218,.T.);
#139=FACE_OUTER_BOUND('',#221,.T.);
#140=FACE_OUTER_BOUND('',#222,.T.);
#141=FACE_OUTER_BOUND('',#223,.T.);
#142=FACE_OUTER_BOUND('',#224,.T.);
#143=FACE_OUTER_BOUND('',#225,.T.);
#144=FACE_OUTER_BOUND('',#226,.T.);
#145=FACE_OUTER_BOUND('',#227,.T.);
#146=FACE_OUTER_BOUND('',#228,.T.);
#147=FACE_OUTER_BOUND('',#229,.T.);
#148=FACE_OUTER_BOUND('',#231,.T.);
#149=FACE_OUTER_BOUND('',#232,.T.);
#150=FACE_OUTER_BOUND('',#233,.T.);
#151=FACE_OUTER_BOUND('',#234,.T.);
#152=FACE_OUTER_BOUND('',#239,.T.);
#153=FACE_OUTER_BOUND('',#244,.T.);
#154=FACE_OUTER_BOUND('',#245,.T.);
#155=FACE_OUTER_BOUND('',#246,.T.);
#156=FACE_OUTER_BOUND('',#247,.T.);
#157=FACE_OUTER_BOUND('',#248,.T.);
#158=FACE_OUTER_BOUND('',#249,.T.);
#159=FACE_OUTER_BOUND('',#250,.T.);
#160=FACE_OUTER_BOUND('',#251,.T.);
#161=FACE_OUTER_BOUND('',#252,.T.);
#162=FACE_OUTER_BOUND('',#254,.T.);
#163=FACE_OUTER_BOUND('',#255,.T.);
#164=FACE_OUTER_BOUND('',#256,.T.);
#165=FACE_OUTER_BOUND('',#257,.T.);
#166=FACE_OUTER_BOUND('',#262,.T.);
#167=FACE_OUTER_BOUND('',#267,.T.);
#168=FACE_OUTER_BOUND('',#268,.T.);
#169=FACE_OUTER_BOUND('',#269,.T.);
#170=FACE_OUTER_BOUND('',#270,.T.);
#171=FACE_OUTER_BOUND('',#271,.T.);
#172=FACE_OUTER_BOUND('',#272,.T.);
#173=FACE_OUTER_BOUND('',#273,.T.);
#174=FACE_OUTER_BOUND('',#274,.T.);
#175=FACE_OUTER_BOUND('',#275,.T.);
#176=FACE_OUTER_BOUND('',#276,.T.);
#177=FACE_OUTER_BOUND('',#277,.T.);
#178=FACE_OUTER_BOUND('',#278,.T.);
#179=FACE_OUTER_BOUND('',#279,.T.);
#180=FACE_OUTER_BOUND('',#280,.T.);
#181=FACE_OUTER_BOUND('',#281,.T.);
#182=FACE_OUTER_BOUND('',#282,.T.);
#183=FACE_OUTER_BOUND('',#283,.T.);
#184=FACE_OUTER_BOUND('',#292,.T.);
#185=EDGE_LOOP('',(#843,#844,#845,#846));
#186=EDGE_LOOP('',(#847,#848,#849,#850));
#187=EDGE_LOOP('',(#851,#852,#853,#854));
#188=EDGE_LOOP('',(#855,#856,#857,#858));
#189=EDGE_LOOP('',(#859,#860,#861,#862));
#190=EDGE_LOOP('',(#863,#864,#865,#866));
#191=EDGE_LOOP('',(#867,#868,#869,#870));
#192=EDGE_LOOP('',(#871,#872,#873,#874));
#193=EDGE_LOOP('',(#875,#876,#877,#878));
#194=EDGE_LOOP('',(#879));
#195=EDGE_LOOP('',(#880));
#196=EDGE_LOOP('',(#881,#882,#883,#884));
#197=EDGE_LOOP('',(#885));
#198=EDGE_LOOP('',(#886));
#199=EDGE_LOOP('',(#887,#888,#889,#890));
#200=EDGE_LOOP('',(#891));
#201=EDGE_LOOP('',(#892));
#202=EDGE_LOOP('',(#893,#894,#895,#896));
#203=EDGE_LOOP('',(#897));
#204=EDGE_LOOP('',(#898));
#205=EDGE_LOOP('',(#899,#900,#901,#902));
#206=EDGE_LOOP('',(#903));
#207=EDGE_LOOP('',(#904));
#208=EDGE_LOOP('',(#905,#906,#907,#908));
#209=EDGE_LOOP('',(#909,#910,#911,#912));
#210=EDGE_LOOP('',(#913,#914,#915,#916));
#211=EDGE_LOOP('',(#917));
#212=EDGE_LOOP('',(#918));
#213=EDGE_LOOP('',(#919,#920,#921,#922));
#214=EDGE_LOOP('',(#923,#924,#925,#926));
#215=EDGE_LOOP('',(#927,#928,#929,#930));
#216=EDGE_LOOP('',(#931));
#217=EDGE_LOOP('',(#932));
#218=EDGE_LOOP('',(#933,#934,#935,#936));
#219=EDGE_LOOP('',(#937));
#220=EDGE_LOOP('',(#938));
#221=EDGE_LOOP('',(#939,#940,#941,#942));
#222=EDGE_LOOP('',(#943,#944,#945,#946));
#223=EDGE_LOOP('',(#947,#948,#949,#950));
#224=EDGE_LOOP('',(#951,#952,#953,#954));
#225=EDGE_LOOP('',(#955,#956,#957,#958));
#226=EDGE_LOOP('',(#959,#960,#961,#962));
#227=EDGE_LOOP('',(#963,#964,#965,#966));
#228=EDGE_LOOP('',(#967,#968,#969,#970));
#229=EDGE_LOOP('',(#971));
#230=EDGE_LOOP('',(#972));
#231=EDGE_LOOP('',(#973,#974,#975,#976));
#232=EDGE_LOOP('',(#977,#978,#979,#980));
#233=EDGE_LOOP('',(#981,#982,#983,#984));
#234=EDGE_LOOP('',(#985,#986,#987,#988,#989,#990));
#235=EDGE_LOOP('',(#991));
#236=EDGE_LOOP('',(#992));
#237=EDGE_LOOP('',(#993));
#238=EDGE_LOOP('',(#994));
#239=EDGE_LOOP('',(#995,#996,#997,#998,#999,#1000));
#240=EDGE_LOOP('',(#1001));
#241=EDGE_LOOP('',(#1002));
#242=EDGE_LOOP('',(#1003));
#243=EDGE_LOOP('',(#1004));
#244=EDGE_LOOP('',(#1005,#1006,#1007,#1008));
#245=EDGE_LOOP('',(#1009,#1010,#1011,#1012));
#246=EDGE_LOOP('',(#1013,#1014,#1015,#1016));
#247=EDGE_LOOP('',(#1017,#1018,#1019,#1020));
#248=EDGE_LOOP('',(#1021,#1022,#1023,#1024));
#249=EDGE_LOOP('',(#1025,#1026,#1027,#1028));
#250=EDGE_LOOP('',(#1029,#1030,#1031,#1032));
#251=EDGE_LOOP('',(#1033,#1034,#1035,#1036));
#252=EDGE_LOOP('',(#1037));
#253=EDGE_LOOP('',(#1038));
#254=EDGE_LOOP('',(#1039,#1040,#1041,#1042));
#255=EDGE_LOOP('',(#1043,#1044,#1045,#1046));
#256=EDGE_LOOP('',(#1047,#1048,#1049,#1050));
#257=EDGE_LOOP('',(#1051,#1052,#1053,#1054,#1055,#1056));
#258=EDGE_LOOP('',(#1057));
#259=EDGE_LOOP('',(#1058));
#260=EDGE_LOOP('',(#1059));
#261=EDGE_LOOP('',(#1060));
#262=EDGE_LOOP('',(#1061,#1062,#1063,#1064,#1065,#1066));
#263=EDGE_LOOP('',(#1067));
#264=EDGE_LOOP('',(#1068));
#265=EDGE_LOOP('',(#1069));
#266=EDGE_LOOP('',(#1070));
#267=EDGE_LOOP('',(#1071,#1072,#1073,#1074));
#268=EDGE_LOOP('',(#1075,#1076,#1077,#1078));
#269=EDGE_LOOP('',(#1079,#1080,#1081,#1082));
#270=EDGE_LOOP('',(#1083,#1084,#1085,#1086));
#271=EDGE_LOOP('',(#1087,#1088,#1089,#1090));
#272=EDGE_LOOP('',(#1091,#1092,#1093,#1094));
#273=EDGE_LOOP('',(#1095,#1096,#1097,#1098));
#274=EDGE_LOOP('',(#1099,#1100,#1101,#1102));
#275=EDGE_LOOP('',(#1103,#1104,#1105,#1106));
#276=EDGE_LOOP('',(#1107,#1108,#1109,#1110));
#277=EDGE_LOOP('',(#1111,#1112,#1113,#1114));
#278=EDGE_LOOP('',(#1115,#1116,#1117,#1118));
#279=EDGE_LOOP('',(#1119,#1120,#1121,#1122));
#280=EDGE_LOOP('',(#1123,#1124,#1125,#1126));
#281=EDGE_LOOP('',(#1127,#1128,#1129,#1130));
#282=EDGE_LOOP('',(#1131,#1132,#1133,#1134));
#283=EDGE_LOOP('',(#1135,#1136,#1137,#1138,#1139,#1140,#1141,#1142));
#284=EDGE_LOOP('',(#1143));
#285=EDGE_LOOP('',(#1144));
#286=EDGE_LOOP('',(#1145));
#287=EDGE_LOOP('',(#1146));
#288=EDGE_LOOP('',(#1147));
#289=EDGE_LOOP('',(#1148));
#290=EDGE_LOOP('',(#1149));
#291=EDGE_LOOP('',(#1150));
#292=EDGE_LOOP('',(#1151,#1152,#1153,#1154,#1155,#1156,#1157,#1158));
#293=EDGE_LOOP('',(#1159));
#294=EDGE_LOOP('',(#1160));
#295=EDGE_LOOP('',(#1161));
#296=EDGE_LOOP('',(#1162));
#297=EDGE_LOOP('',(#1163));
#298=EDGE_LOOP('',(#1164));
#299=EDGE_LOOP('',(#1165));
#300=EDGE_LOOP('',(#1166));
#301=LINE('',#1763,#411);
#302=LINE('',#1769,#412);
#303=LINE('',#1775,#413);
#304=LINE('',#1781,#414);
#305=LINE('',#1787,#415);
#306=LINE('',#1793,#416);
#307=LINE('',#1799,#417);
#308=LINE('',#1805,#418);
#309=LINE('',#1810,#419);
#310=LINE('',#1812,#420);
#311=LINE('',#1814,#421);
#312=LINE('',#1815,#422);
#313=LINE('',#1818,#423);
#314=LINE('',#1820,#424);
#315=LINE('',#1821,#425);
#316=LINE('',#1824,#426);
#317=LINE('',#1826,#427);
#318=LINE('',#1827,#428);
#319=LINE('',#1829,#429);
#320=LINE('',#1830,#430);
#321=LINE('',#1834,#431);
#322=LINE('',#1836,#432);
#323=LINE('',#1838,#433);
#324=LINE('',#1839,#434);
#325=LINE('',#1842,#435);
#326=LINE('',#1844,#436);
#327=LINE('',#1845,#437);
#328=LINE('',#1848,#438);
#329=LINE('',#1850,#439);
#330=LINE('',#1851,#440);
#331=LINE('',#1853,#441);
#332=LINE('',#1854,#442);
#333=LINE('',#1861,#443);
#334=LINE('',#1867,#444);
#335=LINE('',#1873,#445);
#336=LINE('',#1878,#446);
#337=LINE('',#1880,#447);
#338=LINE('',#1882,#448);
#339=LINE('',#1883,#449);
#340=LINE('',#1887,#450);
#341=LINE('',#1889,#451);
#342=LINE('',#1891,#452);
#343=LINE('',#1892,#453);
#344=LINE('',#1895,#454);
#345=LINE('',#1897,#455);
#346=LINE('',#1898,#456);
#347=LINE('',#1900,#457);
#348=LINE('',#1901,#458);
#349=LINE('',#1906,#459);
#350=LINE('',#1913,#460);
#351=LINE('',#1917,#461);
#352=LINE('',#1919,#462);
#353=LINE('',#1920,#463);
#354=LINE('',#1922,#464);
#355=LINE('',#1923,#465);
#356=LINE('',#1930,#466);
#357=LINE('',#1936,#467);
#358=LINE('',#1942,#468);
#359=LINE('',#1947,#469);
#360=LINE('',#1949,#470);
#361=LINE('',#1951,#471);
#362=LINE('',#1952,#472);
#363=LINE('',#1956,#473);
#364=LINE('',#1958,#474);
#365=LINE('',#1960,#475);
#366=LINE('',#1961,#476);
#367=LINE('',#1964,#477);
#368=LINE('',#1966,#478);
#369=LINE('',#1967,#479);
#370=LINE('',#1969,#480);
#371=LINE('',#1970,#481);
#372=LINE('',#1975,#482);
#373=LINE('',#1982,#483);
#374=LINE('',#1986,#484);
#375=LINE('',#1988,#485);
#376=LINE('',#1989,#486);
#377=LINE('',#1991,#487);
#378=LINE('',#1992,#488);
#379=LINE('',#1999,#489);
#380=LINE('',#2001,#490);
#381=LINE('',#2003,#491);
#382=LINE('',#2004,#492);
#383=LINE('',#2008,#493);
#384=LINE('',#2010,#494);
#385=LINE('',#2012,#495);
#386=LINE('',#2013,#496);
#387=LINE('',#2017,#497);
#388=LINE('',#2019,#498);
#389=LINE('',#2021,#499);
#390=LINE('',#2022,#500);
#391=LINE('',#2026,#501);
#392=LINE('',#2028,#502);
#393=LINE('',#2030,#503);
#394=LINE('',#2031,#504);
#395=LINE('',#2033,#505);
#396=LINE('',#2034,#506);
#397=LINE('',#2036,#507);
#398=LINE('',#2037,#508);
#399=LINE('',#2039,#509);
#400=LINE('',#2040,#510);
#401=LINE('',#2045,#511);
#402=LINE('',#2051,#512);
#403=LINE('',#2057,#513);
#404=LINE('',#2063,#514);
#405=LINE('',#2069,#515);
#406=LINE('',#2075,#516);
#407=LINE('',#2081,#517);
#408=LINE('',#2087,#518);
#409=LINE('',#2090,#519);
#410=LINE('',#2091,#520);
#411=VECTOR('',#1413,1.5);
#412=VECTOR('',#1420,1.5);
#413=VECTOR('',#1427,1.5);
#414=VECTOR('',#1434,1.5);
#415=VECTOR('',#1441,1.5);
#416=VECTOR('',#1448,1.5);
#417=VECTOR('',#1455,1.5);
#418=VECTOR('',#1462,1.5);
#419=VECTOR('',#1467,10.);
#420=VECTOR('',#1468,10.);
#421=VECTOR('',#1469,10.);
#422=VECTOR('',#1470,10.);
#423=VECTOR('',#1473,10.);
#424=VECTOR('',#1474,10.);
#425=VECTOR('',#1475,10.);
#426=VECTOR('',#1478,10.);
#427=VECTOR('',#1479,10.);
#428=VECTOR('',#1480,10.);
#429=VECTOR('',#1483,10.);
#430=VECTOR('',#1484,10.);
#431=VECTOR('',#1487,10.);
#432=VECTOR('',#1488,10.);
#433=VECTOR('',#1489,10.);
#434=VECTOR('',#1490,10.);
#435=VECTOR('',#1493,10.);
#436=VECTOR('',#1494,10.);
#437=VECTOR('',#1495,10.);
#438=VECTOR('',#1498,10.);
#439=VECTOR('',#1499,10.);
#440=VECTOR('',#1500,10.);
#441=VECTOR('',#1503,10.);
#442=VECTOR('',#1504,10.);
#443=VECTOR('',#1513,1.5);
#444=VECTOR('',#1520,1.5);
#445=VECTOR('',#1527,1.5);
#446=VECTOR('',#1532,10.);
#447=VECTOR('',#1533,10.);
#448=VECTOR('',#1534,10.);
#449=VECTOR('',#1535,10.);
#450=VECTOR('',#1538,10.);
#451=VECTOR('',#1539,10.);
#452=VECTOR('',#1540,10.);
#453=VECTOR('',#1541,10.);
#454=VECTOR('',#1544,10.);
#455=VECTOR('',#1545,10.);
#456=VECTOR('',#1546,10.);
#457=VECTOR('',#1549,10.);
#458=VECTOR('',#1550,10.);
#459=VECTOR('',#1555,6.);
#460=VECTOR('',#1564,5.);
#461=VECTOR('',#1569,10.);
#462=VECTOR('',#1570,10.);
#463=VECTOR('',#1571,10.);
#464=VECTOR('',#1574,10.);
#465=VECTOR('',#1575,10.);
#466=VECTOR('',#1584,1.5);
#467=VECTOR('',#1591,1.5);
#468=VECTOR('',#1598,1.5);
#469=VECTOR('',#1603,10.);
#470=VECTOR('',#1604,10.);
#471=VECTOR('',#1605,10.);
#472=VECTOR('',#1606,10.);
#473=VECTOR('',#1609,10.);
#474=VECTOR('',#1610,10.);
#475=VECTOR('',#1611,10.);
#476=VECTOR('',#1612,10.);
#477=VECTOR('',#1615,10.);
#478=VECTOR('',#1616,10.);
#479=VECTOR('',#1617,10.);
#480=VECTOR('',#1620,10.);
#481=VECTOR('',#1621,10.);
#482=VECTOR('',#1626,6.);
#483=VECTOR('',#1635,5.);
#484=VECTOR('',#1640,10.);
#485=VECTOR('',#1641,10.);
#486=VECTOR('',#1642,10.);
#487=VECTOR('',#1645,10.);
#488=VECTOR('',#1646,10.);
#489=VECTOR('',#1655,10.);
#490=VECTOR('',#1656,10.);
#491=VECTOR('',#1657,10.);
#492=VECTOR('',#1658,10.);
#493=VECTOR('',#1661,10.);
#494=VECTOR('',#1662,10.);
#495=VECTOR('',#1663,10.);
#496=VECTOR('',#1664,10.);
#497=VECTOR('',#1667,10.);
#498=VECTOR('',#1668,10.);
#499=VECTOR('',#1669,10.);
#500=VECTOR('',#1670,10.);
#501=VECTOR('',#1673,10.);
#502=VECTOR('',#1674,10.);
#503=VECTOR('',#1675,10.);
#504=VECTOR('',#1676,10.);
#505=VECTOR('',#1679,10.);
#506=VECTOR('',#1680,10.);
#507=VECTOR('',#1683,10.);
#508=VECTOR('',#1684,10.);
#509=VECTOR('',#1687,10.);
#510=VECTOR('',#1688,10.);
#511=VECTOR('',#1693,1.5);
#512=VECTOR('',#1700,1.5);
#513=VECTOR('',#1707,1.5);
#514=VECTOR('',#1714,1.5);
#515=VECTOR('',#1721,1.5);
#516=VECTOR('',#1728,1.5);
#517=VECTOR('',#1735,1.5);
#518=VECTOR('',#1742,1.5);
#519=VECTOR('',#1747,10.);
#520=VECTOR('',#1748,10.);
#521=CIRCLE('',#1287,1.5);
#522=CIRCLE('',#1288,1.5);
#523=CIRCLE('',#1290,1.5);
#524=CIRCLE('',#1291,1.5);
#525=CIRCLE('',#1293,1.5);
#526=CIRCLE('',#1294,1.5);
#527=CIRCLE('',#1296,1.5);
#528=CIRCLE('',#1297,1.5);
#529=CIRCLE('',#1299,1.5);
#530=CIRCLE('',#1300,1.5);
#531=CIRCLE('',#1302,1.5);
#532=CIRCLE('',#1303,1.5);
#533=CIRCLE('',#1305,1.5);
#534=CIRCLE('',#1306,1.5);
#535=CIRCLE('',#1308,1.5);
#536=CIRCLE('',#1309,1.5);
#537=CIRCLE('',#1321,1.5);
#538=CIRCLE('',#1322,1.5);
#539=CIRCLE('',#1324,1.5);
#540=CIRCLE('',#1325,1.5);
#541=CIRCLE('',#1327,1.5);
#542=CIRCLE('',#1328,1.5);
#543=CIRCLE('',#1334,6.);
#544=CIRCLE('',#1335,6.);
#545=CIRCLE('',#1337,5.);
#546=CIRCLE('',#1339,5.);
#547=CIRCLE('',#1345,1.5);
#548=CIRCLE('',#1346,1.5);
#549=CIRCLE('',#1348,1.5);
#550=CIRCLE('',#1349,1.5);
#551=CIRCLE('',#1351,1.5);
#552=CIRCLE('',#1352,1.5);
#553=CIRCLE('',#1358,6.);
#554=CIRCLE('',#1359,6.);
#555=CIRCLE('',#1361,5.);
#556=CIRCLE('',#1363,5.);
#557=CIRCLE('',#1377,1.5);
#558=CIRCLE('',#1378,1.5);
#559=CIRCLE('',#1380,1.5);
#560=CIRCLE('',#1381,1.5);
#561=CIRCLE('',#1383,1.5);
#562=CIRCLE('',#1384,1.5);
#563=CIRCLE('',#1386,1.5);
#564=CIRCLE('',#1387,1.5);
#565=CIRCLE('',#1389,1.5);
#566=CIRCLE('',#1390,1.5);
#567=CIRCLE('',#1392,1.5);
#568=CIRCLE('',#1393,1.5);
#569=CIRCLE('',#1395,1.5);
#570=CIRCLE('',#1396,1.5);
#571=CIRCLE('',#1398,1.5);
#572=CIRCLE('',#1399,1.5);
#573=VERTEX_POINT('',#1760);
#574=VERTEX_POINT('',#1762);
#575=VERTEX_POINT('',#1766);
#576=VERTEX_POINT('',#1768);
#577=VERTEX_POINT('',#1772);
#578=VERTEX_POINT('',#1774);
#579=VERTEX_POINT('',#1778);
#580=VERTEX_POINT('',#1780);
#581=VERTEX_POINT('',#1784);
#582=VERTEX_POINT('',#1786);
#583=VERTEX_POINT('',#1790);
#584=VERTEX_POINT('',#1792);
#585=VERTEX_POINT('',#1796);
#586=VERTEX_POINT('',#1798);
#587=VERTEX_POINT('',#1802);
#588=VERTEX_POINT('',#1804);
#589=VERTEX_POINT('',#1808);
#590=VERTEX_POINT('',#1809);
#591=VERTEX_POINT('',#1811);
#592=VERTEX_POINT('',#1813);
#593=VERTEX_POINT('',#1817);
#594=VERTEX_POINT('',#1819);
#595=VERTEX_POINT('',#1823);
#596=VERTEX_POINT('',#1825);
#597=VERTEX_POINT('',#1832);
#598=VERTEX_POINT('',#1833);
#599=VERTEX_POINT('',#1835);
#600=VERTEX_POINT('',#1837);
#601=VERTEX_POINT('',#1841);
#602=VERTEX_POINT('',#1843);
#603=VERTEX_POINT('',#1847);
#604=VERTEX_POINT('',#1849);
#605=VERTEX_POINT('',#1858);
#606=VERTEX_POINT('',#1860);
#607=VERTEX_POINT('',#1864);
#608=VERTEX_POINT('',#1866);
#609=VERTEX_POINT('',#1870);
#610=VERTEX_POINT('',#1872);
#611=VERTEX_POINT('',#1876);
#612=VERTEX_POINT('',#1877);
#613=VERTEX_POINT('',#1879);
#614=VERTEX_POINT('',#1881);
#615=VERTEX_POINT('',#1885);
#616=VERTEX_POINT('',#1886);
#617=VERTEX_POINT('',#1888);
#618=VERTEX_POINT('',#1890);
#619=VERTEX_POINT('',#1894);
#620=VERTEX_POINT('',#1896);
#621=VERTEX_POINT('',#1903);
#622=VERTEX_POINT('',#1905);
#623=VERTEX_POINT('',#1909);
#624=VERTEX_POINT('',#1912);
#625=VERTEX_POINT('',#1916);
#626=VERTEX_POINT('',#1918);
#627=VERTEX_POINT('',#1927);
#628=VERTEX_POINT('',#1929);
#629=VERTEX_POINT('',#1933);
#630=VERTEX_POINT('',#1935);
#631=VERTEX_POINT('',#1939);
#632=VERTEX_POINT('',#1941);
#633=VERTEX_POINT('',#1945);
#634=VERTEX_POINT('',#1946);
#635=VERTEX_POINT('',#1948);
#636=VERTEX_POINT('',#1950);
#637=VERTEX_POINT('',#1954);
#638=VERTEX_POINT('',#1955);
#639=VERTEX_POINT('',#1957);
#640=VERTEX_POINT('',#1959);
#641=VERTEX_POINT('',#1963);
#642=VERTEX_POINT('',#1965);
#643=VERTEX_POINT('',#1972);
#644=VERTEX_POINT('',#1974);
#645=VERTEX_POINT('',#1978);
#646=VERTEX_POINT('',#1981);
#647=VERTEX_POINT('',#1985);
#648=VERTEX_POINT('',#1987);
#649=VERTEX_POINT('',#1997);
#650=VERTEX_POINT('',#1998);
#651=VERTEX_POINT('',#2000);
#652=VERTEX_POINT('',#2002);
#653=VERTEX_POINT('',#2006);
#654=VERTEX_POINT('',#2007);
#655=VERTEX_POINT('',#2009);
#656=VERTEX_POINT('',#2011);
#657=VERTEX_POINT('',#2015);
#658=VERTEX_POINT('',#2016);
#659=VERTEX_POINT('',#2018);
#660=VERTEX_POINT('',#2020);
#661=VERTEX_POINT('',#2024);
#662=VERTEX_POINT('',#2025);
#663=VERTEX_POINT('',#2027);
#664=VERTEX_POINT('',#2029);
#665=VERTEX_POINT('',#2042);
#666=VERTEX_POINT('',#2044);
#667=VERTEX_POINT('',#2048);
#668=VERTEX_POINT('',#2050);
#669=VERTEX_POINT('',#2054);
#670=VERTEX_POINT('',#2056);
#671=VERTEX_POINT('',#2060);
#672=VERTEX_POINT('',#2062);
#673=VERTEX_POINT('',#2066);
#674=VERTEX_POINT('',#2068);
#675=VERTEX_POINT('',#2072);
#676=VERTEX_POINT('',#2074);
#677=VERTEX_POINT('',#2078);
#678=VERTEX_POINT('',#2080);
#679=VERTEX_POINT('',#2084);
#680=VERTEX_POINT('',#2086);
#681=EDGE_CURVE('',#573,#573,#521,.T.);
#682=EDGE_CURVE('',#573,#574,#301,.T.);
#683=EDGE_CURVE('',#574,#574,#522,.T.);
#684=EDGE_CURVE('',#575,#575,#523,.T.);
#685=EDGE_CURVE('',#575,#576,#302,.T.);
#686=EDGE_CURVE('',#576,#576,#524,.T.);
#687=EDGE_CURVE('',#577,#577,#525,.T.);
#688=EDGE_CURVE('',#577,#578,#303,.T.);
#689=EDGE_CURVE('',#578,#578,#526,.T.);
#690=EDGE_CURVE('',#579,#579,#527,.T.);
#691=EDGE_CURVE('',#579,#580,#304,.T.);
#692=EDGE_CURVE('',#580,#580,#528,.T.);
#693=EDGE_CURVE('',#581,#581,#529,.T.);
#694=EDGE_CURVE('',#581,#582,#305,.T.);
#695=EDGE_CURVE('',#582,#582,#530,.T.);
#696=EDGE_CURVE('',#583,#583,#531,.T.);
#697=EDGE_CURVE('',#583,#584,#306,.T.);
#698=EDGE_CURVE('',#584,#584,#532,.T.);
#699=EDGE_CURVE('',#585,#585,#533,.T.);
#700=EDGE_CURVE('',#585,#586,#307,.T.);
#701=EDGE_CURVE('',#586,#586,#534,.T.);
#702=EDGE_CURVE('',#587,#587,#535,.T.);
#703=EDGE_CURVE('',#587,#588,#308,.T.);
#704=EDGE_CURVE('',#588,#588,#536,.T.);
#705=EDGE_CURVE('',#589,#590,#309,.T.);
#706=EDGE_CURVE('',#591,#589,#310,.T.);
#707=EDGE_CURVE('',#592,#591,#311,.T.);
#708=EDGE_CURVE('',#592,#590,#312,.T.);
#709=EDGE_CURVE('',#590,#593,#313,.T.);
#710=EDGE_CURVE('',#594,#592,#314,.T.);
#711=EDGE_CURVE('',#594,#593,#315,.T.);
#712=EDGE_CURVE('',#593,#595,#316,.T.);
#713=EDGE_CURVE('',#596,#594,#317,.T.);
#714=EDGE_CURVE('',#596,#595,#318,.T.);
#715=EDGE_CURVE('',#595,#589,#319,.T.);
#716=EDGE_CURVE('',#591,#596,#320,.T.);
#717=EDGE_CURVE('',#597,#598,#321,.T.);
#718=EDGE_CURVE('',#597,#599,#322,.T.);
#719=EDGE_CURVE('',#600,#599,#323,.T.);
#720=EDGE_CURVE('',#598,#600,#324,.T.);
#721=EDGE_CURVE('',#598,#601,#325,.T.);
#722=EDGE_CURVE('',#602,#600,#326,.T.);
#723=EDGE_CURVE('',#601,#602,#327,.T.);
#724=EDGE_CURVE('',#601,#603,#328,.T.);
#725=EDGE_CURVE('',#604,#602,#329,.T.);
#726=EDGE_CURVE('',#603,#604,#330,.T.);
#727=EDGE_CURVE('',#603,#597,#331,.T.);
#728=EDGE_CURVE('',#599,#604,#332,.T.);
#729=EDGE_CURVE('',#605,#605,#537,.T.);
#730=EDGE_CURVE('',#605,#606,#333,.T.);
#731=EDGE_CURVE('',#606,#606,#538,.T.);
#732=EDGE_CURVE('',#607,#607,#539,.T.);
#733=EDGE_CURVE('',#607,#608,#334,.T.);
#734=EDGE_CURVE('',#608,#608,#540,.T.);
#735=EDGE_CURVE('',#609,#609,#541,.T.);
#736=EDGE_CURVE('',#609,#610,#335,.T.);
#737=EDGE_CURVE('',#610,#610,#542,.T.);
#738=EDGE_CURVE('',#611,#612,#336,.T.);
#739=EDGE_CURVE('',#613,#611,#337,.T.);
#740=EDGE_CURVE('',#614,#613,#338,.T.);
#741=EDGE_CURVE('',#612,#614,#339,.T.);
#742=EDGE_CURVE('',#615,#616,#340,.T.);
#743=EDGE_CURVE('',#617,#615,#341,.T.);
#744=EDGE_CURVE('',#618,#617,#342,.T.);
#745=EDGE_CURVE('',#616,#618,#343,.T.);
#746=EDGE_CURVE('',#611,#619,#344,.T.);
#747=EDGE_CURVE('',#619,#620,#345,.T.);
#748=EDGE_CURVE('',#613,#620,#346,.T.);
#749=EDGE_CURVE('',#617,#614,#347,.F.);
#750=EDGE_CURVE('',#615,#612,#348,.F.);
#751=EDGE_CURVE('',#621,#621,#543,.T.);
#752=EDGE_CURVE('',#621,#622,#349,.T.);
#753=EDGE_CURVE('',#622,#622,#544,.T.);
#754=EDGE_CURVE('',#623,#623,#545,.T.);
#755=EDGE_CURVE('',#623,#624,#350,.T.);
#756=EDGE_CURVE('',#624,#624,#546,.T.);
#757=EDGE_CURVE('',#625,#618,#351,.T.);
#758=EDGE_CURVE('',#626,#625,#352,.T.);
#759=EDGE_CURVE('',#626,#616,#353,.T.);
#760=EDGE_CURVE('',#619,#626,#354,.T.);
#761=EDGE_CURVE('',#620,#625,#355,.T.);
#762=EDGE_CURVE('',#627,#627,#547,.T.);
#763=EDGE_CURVE('',#627,#628,#356,.T.);
#764=EDGE_CURVE('',#628,#628,#548,.T.);
#765=EDGE_CURVE('',#629,#629,#549,.T.);
#766=EDGE_CURVE('',#629,#630,#357,.T.);
#767=EDGE_CURVE('',#630,#630,#550,.T.);
#768=EDGE_CURVE('',#631,#631,#551,.T.);
#769=EDGE_CURVE('',#631,#632,#358,.T.);
#770=EDGE_CURVE('',#632,#632,#552,.T.);
#771=EDGE_CURVE('',#633,#634,#359,.T.);
#772=EDGE_CURVE('',#635,#633,#360,.T.);
#773=EDGE_CURVE('',#636,#635,#361,.T.);
#774=EDGE_CURVE('',#634,#636,#362,.T.);
#775=EDGE_CURVE('',#637,#638,#363,.T.);
#776=EDGE_CURVE('',#639,#637,#364,.T.);
#777=EDGE_CURVE('',#640,#639,#365,.T.);
#778=EDGE_CURVE('',#638,#640,#366,.T.);
#779=EDGE_CURVE('',#633,#641,#367,.T.);
#780=EDGE_CURVE('',#641,#642,#368,.T.);
#781=EDGE_CURVE('',#635,#642,#369,.T.);
#782=EDGE_CURVE('',#639,#636,#370,.F.);
#783=EDGE_CURVE('',#637,#634,#371,.F.);
#784=EDGE_CURVE('',#643,#643,#553,.T.);
#785=EDGE_CURVE('',#643,#644,#372,.T.);
#786=EDGE_CURVE('',#644,#644,#554,.T.);
#787=EDGE_CURVE('',#645,#645,#555,.T.);
#788=EDGE_CURVE('',#645,#646,#373,.T.);
#789=EDGE_CURVE('',#646,#646,#556,.T.);
#790=EDGE_CURVE('',#647,#640,#374,.T.);
#791=EDGE_CURVE('',#648,#647,#375,.T.);
#792=EDGE_CURVE('',#648,#638,#376,.T.);
#793=EDGE_CURVE('',#641,#648,#377,.T.);
#794=EDGE_CURVE('',#642,#647,#378,.T.);
#795=EDGE_CURVE('',#649,#650,#379,.T.);
#796=EDGE_CURVE('',#651,#649,#380,.T.);
#797=EDGE_CURVE('',#652,#651,#381,.T.);
#798=EDGE_CURVE('',#650,#652,#382,.T.);
#799=EDGE_CURVE('',#653,#654,#383,.T.);
#800=EDGE_CURVE('',#655,#653,#384,.T.);
#801=EDGE_CURVE('',#656,#655,#385,.T.);
#802=EDGE_CURVE('',#654,#656,#386,.T.);
#803=EDGE_CURVE('',#657,#658,#387,.T.);
#804=EDGE_CURVE('',#659,#657,#388,.T.);
#805=EDGE_CURVE('',#660,#659,#389,.T.);
#806=EDGE_CURVE('',#658,#660,#390,.T.);
#807=EDGE_CURVE('',#661,#662,#391,.T.);
#808=EDGE_CURVE('',#663,#661,#392,.T.);
#809=EDGE_CURVE('',#664,#663,#393,.T.);
#810=EDGE_CURVE('',#662,#664,#394,.T.);
#811=EDGE_CURVE('',#649,#654,#395,.T.);
#812=EDGE_CURVE('',#651,#656,#396,.T.);
#813=EDGE_CURVE('',#659,#652,#397,.T.);
#814=EDGE_CURVE('',#657,#650,#398,.T.);
#815=EDGE_CURVE('',#653,#662,#399,.T.);
#816=EDGE_CURVE('',#655,#664,#400,.T.);
#817=EDGE_CURVE('',#665,#665,#557,.T.);
#818=EDGE_CURVE('',#665,#666,#401,.T.);
#819=EDGE_CURVE('',#666,#666,#558,.T.);
#820=EDGE_CURVE('',#667,#667,#559,.T.);
#821=EDGE_CURVE('',#667,#668,#402,.T.);
#822=EDGE_CURVE('',#668,#668,#560,.T.);
#823=EDGE_CURVE('',#669,#669,#561,.T.);
#824=EDGE_CURVE('',#669,#670,#403,.T.);
#825=EDGE_CURVE('',#670,#670,#562,.T.);
#826=EDGE_CURVE('',#671,#671,#563,.T.);
#827=EDGE_CURVE('',#671,#672,#404,.T.);
#828=EDGE_CURVE('',#672,#672,#564,.T.);
#829=EDGE_CURVE('',#673,#673,#565,.T.);
#830=EDGE_CURVE('',#673,#674,#405,.T.);
#831=EDGE_CURVE('',#674,#674,#566,.T.);
#832=EDGE_CURVE('',#675,#675,#567,.T.);
#833=EDGE_CURVE('',#675,#676,#406,.T.);
#834=EDGE_CURVE('',#676,#676,#568,.T.);
#835=EDGE_CURVE('',#677,#677,#569,.T.);
#836=EDGE_CURVE('',#677,#678,#407,.T.);
#837=EDGE_CURVE('',#678,#678,#570,.T.);
#838=EDGE_CURVE('',#679,#679,#571,.T.);
#839=EDGE_CURVE('',#679,#680,#408,.T.);
#840=EDGE_CURVE('',#680,#680,#572,.T.);
#841=EDGE_CURVE('',#663,#660,#409,.T.);
#842=EDGE_CURVE('',#661,#658,#410,.T.);
#843=ORIENTED_EDGE('',*,*,#681,.F.);
#844=ORIENTED_EDGE('',*,*,#682,.T.);
#845=ORIENTED_EDGE('',*,*,#683,.F.);
#846=ORIENTED_EDGE('',*,*,#682,.F.);
#847=ORIENTED_EDGE('',*,*,#684,.F.);
#848=ORIENTED_EDGE('',*,*,#685,.T.);
#849=ORIENTED_EDGE('',*,*,#686,.F.);
#850=ORIENTED_EDGE('',*,*,#685,.F.);
#851=ORIENTED_EDGE('',*,*,#687,.F.);
#852=ORIENTED_EDGE('',*,*,#688,.T.);
#853=ORIENTED_EDGE('',*,*,#689,.F.);
#854=ORIENTED_EDGE('',*,*,#688,.F.);
#855=ORIENTED_EDGE('',*,*,#690,.F.);
#856=ORIENTED_EDGE('',*,*,#691,.T.);
#857=ORIENTED_EDGE('',*,*,#692,.F.);
#858=ORIENTED_EDGE('',*,*,#691,.F.);
#859=ORIENTED_EDGE('',*,*,#693,.F.);
#860=ORIENTED_EDGE('',*,*,#694,.T.);
#861=ORIENTED_EDGE('',*,*,#695,.F.);
#862=ORIENTED_EDGE('',*,*,#694,.F.);
#863=ORIENTED_EDGE('',*,*,#696,.F.);
#864=ORIENTED_EDGE('',*,*,#697,.T.);
#865=ORIENTED_EDGE('',*,*,#698,.F.);
#866=ORIENTED_EDGE('',*,*,#697,.F.);
#867=ORIENTED_EDGE('',*,*,#699,.F.);
#868=ORIENTED_EDGE('',*,*,#700,.T.);
#869=ORIENTED_EDGE('',*,*,#701,.F.);
#870=ORIENTED_EDGE('',*,*,#700,.F.);
#871=ORIENTED_EDGE('',*,*,#702,.F.);
#872=ORIENTED_EDGE('',*,*,#703,.T.);
#873=ORIENTED_EDGE('',*,*,#704,.F.);
#874=ORIENTED_EDGE('',*,*,#703,.F.);
#875=ORIENTED_EDGE('',*,*,#705,.F.);
#876=ORIENTED_EDGE('',*,*,#706,.F.);
#877=ORIENTED_EDGE('',*,*,#707,.F.);
#878=ORIENTED_EDGE('',*,*,#708,.T.);
#879=ORIENTED_EDGE('',*,*,#696,.T.);
#880=ORIENTED_EDGE('',*,*,#702,.T.);
#881=ORIENTED_EDGE('',*,*,#709,.F.);
#882=ORIENTED_EDGE('',*,*,#708,.F.);
#883=ORIENTED_EDGE('',*,*,#710,.F.);
#884=ORIENTED_EDGE('',*,*,#711,.T.);
#885=ORIENTED_EDGE('',*,*,#684,.T.);
#886=ORIENTED_EDGE('',*,*,#690,.T.);
#887=ORIENTED_EDGE('',*,*,#712,.F.);
#888=ORIENTED_EDGE('',*,*,#711,.F.);
#889=ORIENTED_EDGE('',*,*,#713,.F.);
#890=ORIENTED_EDGE('',*,*,#714,.T.);
#891=ORIENTED_EDGE('',*,*,#695,.T.);
#892=ORIENTED_EDGE('',*,*,#701,.T.);
#893=ORIENTED_EDGE('',*,*,#715,.F.);
#894=ORIENTED_EDGE('',*,*,#714,.F.);
#895=ORIENTED_EDGE('',*,*,#716,.F.);
#896=ORIENTED_EDGE('',*,*,#706,.T.);
#897=ORIENTED_EDGE('',*,*,#683,.T.);
#898=ORIENTED_EDGE('',*,*,#689,.T.);
#899=ORIENTED_EDGE('',*,*,#717,.F.);
#900=ORIENTED_EDGE('',*,*,#718,.T.);
#901=ORIENTED_EDGE('',*,*,#719,.F.);
#902=ORIENTED_EDGE('',*,*,#720,.F.);
#903=ORIENTED_EDGE('',*,*,#693,.T.);
#904=ORIENTED_EDGE('',*,*,#699,.T.);
#905=ORIENTED_EDGE('',*,*,#721,.F.);
#906=ORIENTED_EDGE('',*,*,#720,.T.);
#907=ORIENTED_EDGE('',*,*,#722,.F.);
#908=ORIENTED_EDGE('',*,*,#723,.F.);
#909=ORIENTED_EDGE('',*,*,#705,.T.);
#910=ORIENTED_EDGE('',*,*,#709,.T.);
#911=ORIENTED_EDGE('',*,*,#712,.T.);
#912=ORIENTED_EDGE('',*,*,#715,.T.);
#913=ORIENTED_EDGE('',*,*,#724,.F.);
#914=ORIENTED_EDGE('',*,*,#723,.T.);
#915=ORIENTED_EDGE('',*,*,#725,.F.);
#916=ORIENTED_EDGE('',*,*,#726,.F.);
#917=ORIENTED_EDGE('',*,*,#698,.T.);
#918=ORIENTED_EDGE('',*,*,#704,.T.);
#919=ORIENTED_EDGE('',*,*,#727,.F.);
#920=ORIENTED_EDGE('',*,*,#726,.T.);
#921=ORIENTED_EDGE('',*,*,#728,.F.);
#922=ORIENTED_EDGE('',*,*,#718,.F.);
#923=ORIENTED_EDGE('',*,*,#707,.T.);
#924=ORIENTED_EDGE('',*,*,#716,.T.);
#925=ORIENTED_EDGE('',*,*,#713,.T.);
#926=ORIENTED_EDGE('',*,*,#710,.T.);
#927=ORIENTED_EDGE('',*,*,#728,.T.);
#928=ORIENTED_EDGE('',*,*,#725,.T.);
#929=ORIENTED_EDGE('',*,*,#722,.T.);
#930=ORIENTED_EDGE('',*,*,#719,.T.);
#931=ORIENTED_EDGE('',*,*,#686,.T.);
#932=ORIENTED_EDGE('',*,*,#692,.T.);
#933=ORIENTED_EDGE('',*,*,#727,.T.);
#934=ORIENTED_EDGE('',*,*,#717,.T.);
#935=ORIENTED_EDGE('',*,*,#721,.T.);
#936=ORIENTED_EDGE('',*,*,#724,.T.);
#937=ORIENTED_EDGE('',*,*,#681,.T.);
#938=ORIENTED_EDGE('',*,*,#687,.T.);
#939=ORIENTED_EDGE('',*,*,#729,.F.);
#940=ORIENTED_EDGE('',*,*,#730,.T.);
#941=ORIENTED_EDGE('',*,*,#731,.F.);
#942=ORIENTED_EDGE('',*,*,#730,.F.);
#943=ORIENTED_EDGE('',*,*,#732,.F.);
#944=ORIENTED_EDGE('',*,*,#733,.T.);
#945=ORIENTED_EDGE('',*,*,#734,.F.);
#946=ORIENTED_EDGE('',*,*,#733,.F.);
#947=ORIENTED_EDGE('',*,*,#735,.F.);
#948=ORIENTED_EDGE('',*,*,#736,.T.);
#949=ORIENTED_EDGE('',*,*,#737,.F.);
#950=ORIENTED_EDGE('',*,*,#736,.F.);
#951=ORIENTED_EDGE('',*,*,#738,.F.);
#952=ORIENTED_EDGE('',*,*,#739,.F.);
#953=ORIENTED_EDGE('',*,*,#740,.F.);
#954=ORIENTED_EDGE('',*,*,#741,.F.);
#955=ORIENTED_EDGE('',*,*,#742,.F.);
#956=ORIENTED_EDGE('',*,*,#743,.F.);
#957=ORIENTED_EDGE('',*,*,#744,.F.);
#958=ORIENTED_EDGE('',*,*,#745,.F.);
#959=ORIENTED_EDGE('',*,*,#739,.T.);
#960=ORIENTED_EDGE('',*,*,#746,.T.);
#961=ORIENTED_EDGE('',*,*,#747,.T.);
#962=ORIENTED_EDGE('',*,*,#748,.F.);
#963=ORIENTED_EDGE('',*,*,#741,.T.);
#964=ORIENTED_EDGE('',*,*,#749,.F.);
#965=ORIENTED_EDGE('',*,*,#743,.T.);
#966=ORIENTED_EDGE('',*,*,#750,.T.);
#967=ORIENTED_EDGE('',*,*,#751,.F.);
#968=ORIENTED_EDGE('',*,*,#752,.T.);
#969=ORIENTED_EDGE('',*,*,#753,.T.);
#970=ORIENTED_EDGE('',*,*,#752,.F.);
#971=ORIENTED_EDGE('',*,*,#753,.F.);
#972=ORIENTED_EDGE('',*,*,#754,.F.);
#973=ORIENTED_EDGE('',*,*,#754,.T.);
#974=ORIENTED_EDGE('',*,*,#755,.T.);
#975=ORIENTED_EDGE('',*,*,#756,.F.);
#976=ORIENTED_EDGE('',*,*,#755,.F.);
#977=ORIENTED_EDGE('',*,*,#745,.T.);
#978=ORIENTED_EDGE('',*,*,#757,.F.);
#979=ORIENTED_EDGE('',*,*,#758,.F.);
#980=ORIENTED_EDGE('',*,*,#759,.T.);
#981=ORIENTED_EDGE('',*,*,#760,.T.);
#982=ORIENTED_EDGE('',*,*,#758,.T.);
#983=ORIENTED_EDGE('',*,*,#761,.F.);
#984=ORIENTED_EDGE('',*,*,#747,.F.);
#985=ORIENTED_EDGE('',*,*,#740,.T.);
#986=ORIENTED_EDGE('',*,*,#748,.T.);
#987=ORIENTED_EDGE('',*,*,#761,.T.);
#988=ORIENTED_EDGE('',*,*,#757,.T.);
#989=ORIENTED_EDGE('',*,*,#744,.T.);
#990=ORIENTED_EDGE('',*,*,#749,.T.);
#991=ORIENTED_EDGE('',*,*,#729,.T.);
#992=ORIENTED_EDGE('',*,*,#732,.T.);
#993=ORIENTED_EDGE('',*,*,#735,.T.);
#994=ORIENTED_EDGE('',*,*,#751,.T.);
#995=ORIENTED_EDGE('',*,*,#738,.T.);
#996=ORIENTED_EDGE('',*,*,#750,.F.);
#997=ORIENTED_EDGE('',*,*,#742,.T.);
#998=ORIENTED_EDGE('',*,*,#759,.F.);
#999=ORIENTED_EDGE('',*,*,#760,.F.);
#1000=ORIENTED_EDGE('',*,*,#746,.F.);
#1001=ORIENTED_EDGE('',*,*,#731,.T.);
#1002=ORIENTED_EDGE('',*,*,#734,.T.);
#1003=ORIENTED_EDGE('',*,*,#737,.T.);
#1004=ORIENTED_EDGE('',*,*,#756,.T.);
#1005=ORIENTED_EDGE('',*,*,#762,.F.);
#1006=ORIENTED_EDGE('',*,*,#763,.T.);
#1007=ORIENTED_EDGE('',*,*,#764,.F.);
#1008=ORIENTED_EDGE('',*,*,#763,.F.);
#1009=ORIENTED_EDGE('',*,*,#765,.F.);
#1010=ORIENTED_EDGE('',*,*,#766,.T.);
#1011=ORIENTED_EDGE('',*,*,#767,.F.);
#1012=ORIENTED_EDGE('',*,*,#766,.F.);
#1013=ORIENTED_EDGE('',*,*,#768,.F.);
#1014=ORIENTED_EDGE('',*,*,#769,.T.);
#1015=ORIENTED_EDGE('',*,*,#770,.F.);
#1016=ORIENTED_EDGE('',*,*,#769,.F.);
#1017=ORIENTED_EDGE('',*,*,#771,.F.);
#1018=ORIENTED_EDGE('',*,*,#772,.F.);
#1019=ORIENTED_EDGE('',*,*,#773,.F.);
#1020=ORIENTED_EDGE('',*,*,#774,.F.);
#1021=ORIENTED_EDGE('',*,*,#775,.F.);
#1022=ORIENTED_EDGE('',*,*,#776,.F.);
#1023=ORIENTED_EDGE('',*,*,#777,.F.);
#1024=ORIENTED_EDGE('',*,*,#778,.F.);
#1025=ORIENTED_EDGE('',*,*,#772,.T.);
#1026=ORIENTED_EDGE('',*,*,#779,.T.);
#1027=ORIENTED_EDGE('',*,*,#780,.T.);
#1028=ORIENTED_EDGE('',*,*,#781,.F.);
#1029=ORIENTED_EDGE('',*,*,#774,.T.);
#1030=ORIENTED_EDGE('',*,*,#782,.F.);
#1031=ORIENTED_EDGE('',*,*,#776,.T.);
#1032=ORIENTED_EDGE('',*,*,#783,.T.);
#1033=ORIENTED_EDGE('',*,*,#784,.F.);
#1034=ORIENTED_EDGE('',*,*,#785,.T.);
#1035=ORIENTED_EDGE('',*,*,#786,.T.);
#1036=ORIENTED_EDGE('',*,*,#785,.F.);
#1037=ORIENTED_EDGE('',*,*,#786,.F.);
#1038=ORIENTED_EDGE('',*,*,#787,.F.);
#1039=ORIENTED_EDGE('',*,*,#787,.T.);
#1040=ORIENTED_EDGE('',*,*,#788,.T.);
#1041=ORIENTED_EDGE('',*,*,#789,.F.);
#1042=ORIENTED_EDGE('',*,*,#788,.F.);
#1043=ORIENTED_EDGE('',*,*,#778,.T.);
#1044=ORIENTED_EDGE('',*,*,#790,.F.);
#1045=ORIENTED_EDGE('',*,*,#791,.F.);
#1046=ORIENTED_EDGE('',*,*,#792,.T.);
#1047=ORIENTED_EDGE('',*,*,#793,.T.);
#1048=ORIENTED_EDGE('',*,*,#791,.T.);
#1049=ORIENTED_EDGE('',*,*,#794,.F.);
#1050=ORIENTED_EDGE('',*,*,#780,.F.);
#1051=ORIENTED_EDGE('',*,*,#773,.T.);
#1052=ORIENTED_EDGE('',*,*,#781,.T.);
#1053=ORIENTED_EDGE('',*,*,#794,.T.);
#1054=ORIENTED_EDGE('',*,*,#790,.T.);
#1055=ORIENTED_EDGE('',*,*,#777,.T.);
#1056=ORIENTED_EDGE('',*,*,#782,.T.);
#1057=ORIENTED_EDGE('',*,*,#764,.T.);
#1058=ORIENTED_EDGE('',*,*,#767,.T.);
#1059=ORIENTED_EDGE('',*,*,#770,.T.);
#1060=ORIENTED_EDGE('',*,*,#784,.T.);
#1061=ORIENTED_EDGE('',*,*,#771,.T.);
#1062=ORIENTED_EDGE('',*,*,#783,.F.);
#1063=ORIENTED_EDGE('',*,*,#775,.T.);
#1064=ORIENTED_EDGE('',*,*,#792,.F.);
#1065=ORIENTED_EDGE('',*,*,#793,.F.);
#1066=ORIENTED_EDGE('',*,*,#779,.F.);
#1067=ORIENTED_EDGE('',*,*,#762,.T.);
#1068=ORIENTED_EDGE('',*,*,#765,.T.);
#1069=ORIENTED_EDGE('',*,*,#768,.T.);
#1070=ORIENTED_EDGE('',*,*,#789,.T.);
#1071=ORIENTED_EDGE('',*,*,#795,.F.);
#1072=ORIENTED_EDGE('',*,*,#796,.F.);
#1073=ORIENTED_EDGE('',*,*,#797,.F.);
#1074=ORIENTED_EDGE('',*,*,#798,.F.);
#1075=ORIENTED_EDGE('',*,*,#799,.F.);
#1076=ORIENTED_EDGE('',*,*,#800,.F.);
#1077=ORIENTED_EDGE('',*,*,#801,.F.);
#1078=ORIENTED_EDGE('',*,*,#802,.F.);
#1079=ORIENTED_EDGE('',*,*,#803,.F.);
#1080=ORIENTED_EDGE('',*,*,#804,.F.);
#1081=ORIENTED_EDGE('',*,*,#805,.F.);
#1082=ORIENTED_EDGE('',*,*,#806,.F.);
#1083=ORIENTED_EDGE('',*,*,#807,.F.);
#1084=ORIENTED_EDGE('',*,*,#808,.F.);
#1085=ORIENTED_EDGE('',*,*,#809,.F.);
#1086=ORIENTED_EDGE('',*,*,#810,.F.);
#1087=ORIENTED_EDGE('',*,*,#796,.T.);
#1088=ORIENTED_EDGE('',*,*,#811,.T.);
#1089=ORIENTED_EDGE('',*,*,#802,.T.);
#1090=ORIENTED_EDGE('',*,*,#812,.F.);
#1091=ORIENTED_EDGE('',*,*,#798,.T.);
#1092=ORIENTED_EDGE('',*,*,#813,.F.);
#1093=ORIENTED_EDGE('',*,*,#804,.T.);
#1094=ORIENTED_EDGE('',*,*,#814,.T.);
#1095=ORIENTED_EDGE('',*,*,#800,.T.);
#1096=ORIENTED_EDGE('',*,*,#815,.T.);
#1097=ORIENTED_EDGE('',*,*,#810,.T.);
#1098=ORIENTED_EDGE('',*,*,#816,.F.);
#1099=ORIENTED_EDGE('',*,*,#817,.F.);
#1100=ORIENTED_EDGE('',*,*,#818,.T.);
#1101=ORIENTED_EDGE('',*,*,#819,.F.);
#1102=ORIENTED_EDGE('',*,*,#818,.F.);
#1103=ORIENTED_EDGE('',*,*,#820,.F.);
#1104=ORIENTED_EDGE('',*,*,#821,.T.);
#1105=ORIENTED_EDGE('',*,*,#822,.F.);
#1106=ORIENTED_EDGE('',*,*,#821,.F.);
#1107=ORIENTED_EDGE('',*,*,#823,.F.);
#1108=ORIENTED_EDGE('',*,*,#824,.T.);
#1109=ORIENTED_EDGE('',*,*,#825,.F.);
#1110=ORIENTED_EDGE('',*,*,#824,.F.);
#1111=ORIENTED_EDGE('',*,*,#826,.F.);
#1112=ORIENTED_EDGE('',*,*,#827,.T.);
#1113=ORIENTED_EDGE('',*,*,#828,.F.);
#1114=ORIENTED_EDGE('',*,*,#827,.F.);
#1115=ORIENTED_EDGE('',*,*,#829,.F.);
#1116=ORIENTED_EDGE('',*,*,#830,.T.);
#1117=ORIENTED_EDGE('',*,*,#831,.F.);
#1118=ORIENTED_EDGE('',*,*,#830,.F.);
#1119=ORIENTED_EDGE('',*,*,#832,.F.);
#1120=ORIENTED_EDGE('',*,*,#833,.T.);
#1121=ORIENTED_EDGE('',*,*,#834,.F.);
#1122=ORIENTED_EDGE('',*,*,#833,.F.);
#1123=ORIENTED_EDGE('',*,*,#835,.F.);
#1124=ORIENTED_EDGE('',*,*,#836,.T.);
#1125=ORIENTED_EDGE('',*,*,#837,.F.);
#1126=ORIENTED_EDGE('',*,*,#836,.F.);
#1127=ORIENTED_EDGE('',*,*,#838,.F.);
#1128=ORIENTED_EDGE('',*,*,#839,.T.);
#1129=ORIENTED_EDGE('',*,*,#840,.F.);
#1130=ORIENTED_EDGE('',*,*,#839,.F.);
#1131=ORIENTED_EDGE('',*,*,#806,.T.);
#1132=ORIENTED_EDGE('',*,*,#841,.F.);
#1133=ORIENTED_EDGE('',*,*,#808,.T.);
#1134=ORIENTED_EDGE('',*,*,#842,.T.);
#1135=ORIENTED_EDGE('',*,*,#797,.T.);
#1136=ORIENTED_EDGE('',*,*,#812,.T.);
#1137=ORIENTED_EDGE('',*,*,#801,.T.);
#1138=ORIENTED_EDGE('',*,*,#816,.T.);
#1139=ORIENTED_EDGE('',*,*,#809,.T.);
#1140=ORIENTED_EDGE('',*,*,#841,.T.);
#1141=ORIENTED_EDGE('',*,*,#805,.T.);
#1142=ORIENTED_EDGE('',*,*,#813,.T.);
#1143=ORIENTED_EDGE('',*,*,#817,.T.);
#1144=ORIENTED_EDGE('',*,*,#820,.T.);
#1145=ORIENTED_EDGE('',*,*,#823,.T.);
#1146=ORIENTED_EDGE('',*,*,#826,.T.);
#1147=ORIENTED_EDGE('',*,*,#829,.T.);
#1148=ORIENTED_EDGE('',*,*,#832,.T.);
#1149=ORIENTED_EDGE('',*,*,#835,.T.);
#1150=ORIENTED_EDGE('',*,*,#838,.T.);
#1151=ORIENTED_EDGE('',*,*,#795,.T.);
#1152=ORIENTED_EDGE('',*,*,#814,.F.);
#1153=ORIENTED_EDGE('',*,*,#803,.T.);
#1154=ORIENTED_EDGE('',*,*,#842,.F.);
#1155=ORIENTED_EDGE('',*,*,#807,.T.);
#1156=ORIENTED_EDGE('',*,*,#815,.F.);
#1157=ORIENTED_EDGE('',*,*,#799,.T.);
#1158=ORIENTED_EDGE('',*,*,#811,.F.);
#1159=ORIENTED_EDGE('',*,*,#819,.T.);
#1160=ORIENTED_EDGE('',*,*,#822,.T.);
#1161=ORIENTED_EDGE('',*,*,#825,.T.);
#1162=ORIENTED_EDGE('',*,*,#828,.T.);
#1163=ORIENTED_EDGE('',*,*,#831,.T.);
#1164=ORIENTED_EDGE('',*,*,#834,.T.);
#1165=ORIENTED_EDGE('',*,*,#837,.T.);
#1166=ORIENTED_EDGE('',*,*,#840,.T.);
#1167=CYLINDRICAL_SURFACE('',#1286,1.5);
#1168=CYLINDRICAL_SURFACE('',#1289,1.5);
#1169=CYLINDRICAL_SURFACE('',#1292,1.5);
#1170=CYLINDRICAL_SURFACE('',#1295,1.5);
#1171=CYLINDRICAL_SURFACE('',#1298,1.5);
#1172=CYLINDRICAL_SURFACE('',#1301,1.5);
#1173=CYLINDRICAL_SURFACE('',#1304,1.5);
#1174=CYLINDRICAL_SURFACE('',#1307,1.5);
#1175=CYLINDRICAL_SURFACE('',#1320,1.5);
#1176=CYLINDRICAL_SURFACE('',#1323,1.5);
#1177=CYLINDRICAL_SURFACE('',#1326,1.5);
#1178=CYLINDRICAL_SURFACE('',#1333,6.);
#1179=CYLINDRICAL_SURFACE('',#1338,5.);
#1180=CYLINDRICAL_SURFACE('',#1344,1.5);
#1181=CYLINDRICAL_SURFACE('',#1347,1.5);
#1182=CYLINDRICAL_SURFACE('',#1350,1.5);
#1183=CYLINDRICAL_SURFACE('',#1357,6.);
#1184=CYLINDRICAL_SURFACE('',#1362,5.);
#1185=CYLINDRICAL_SURFACE('',#1376,1.5);
#1186=CYLINDRICAL_SURFACE('',#1379,1.5);
#1187=CYLINDRICAL_SURFACE('',#1382,1.5);
#1188=CYLINDRICAL_SURFACE('',#1385,1.5);
#1189=CYLINDRICAL_SURFACE('',#1388,1.5);
#1190=CYLINDRICAL_SURFACE('',#1391,1.5);
#1191=CYLINDRICAL_SURFACE('',#1394,1.5);
#1192=CYLINDRICAL_SURFACE('',#1397,1.5);
#1193=ADVANCED_FACE('',(#121),#1167,.F.);
#1194=ADVANCED_FACE('',(#122),#1168,.F.);
#1195=ADVANCED_FACE('',(#123),#1169,.F.);
#1196=ADVANCED_FACE('',(#124),#1170,.F.);
#1197=ADVANCED_FACE('',(#125),#1171,.F.);
#1198=ADVANCED_FACE('',(#126),#1172,.F.);
#1199=ADVANCED_FACE('',(#127),#1173,.F.);
#1200=ADVANCED_FACE('',(#128),#1174,.F.);
#1201=ADVANCED_FACE('',(#129,#31,#32),#83,.F.);
#1202=ADVANCED_FACE('',(#130,#33,#34),#84,.F.);
#1203=ADVANCED_FACE('',(#131,#35,#36),#85,.F.);
#1204=ADVANCED_FACE('',(#132,#37,#38),#86,.F.);
#1205=ADVANCED_FACE('',(#133,#39,#40),#87,.T.);
#1206=ADVANCED_FACE('',(#134,#41),#88,.T.);
#1207=ADVANCED_FACE('',(#135,#42,#43),#89,.T.);
#1208=ADVANCED_FACE('',(#136,#44),#90,.T.);
#1209=ADVANCED_FACE('',(#137,#45,#46),#91,.T.);
#1210=ADVANCED_FACE('',(#138,#47,#48),#92,.F.);
#1211=ADVANCED_FACE('',(#139),#1175,.F.);
#1212=ADVANCED_FACE('',(#140),#1176,.F.);
#1213=ADVANCED_FACE('',(#141),#1177,.F.);
#1214=ADVANCED_FACE('',(#142),#93,.F.);
#1215=ADVANCED_FACE('',(#143),#94,.F.);
#1216=ADVANCED_FACE('',(#144),#95,.T.);
#1217=ADVANCED_FACE('',(#145),#96,.T.);
#1218=ADVANCED_FACE('',(#146),#1178,.F.);
#1219=ADVANCED_FACE('',(#147,#49),#97,.T.);
#1220=ADVANCED_FACE('',(#148),#1179,.F.);
#1221=ADVANCED_FACE('',(#149),#98,.T.);
#1222=ADVANCED_FACE('',(#150),#99,.T.);
#1223=ADVANCED_FACE('',(#151,#50,#51,#52,#53),#100,.T.);
#1224=ADVANCED_FACE('',(#152,#54,#55,#56,#57),#101,.F.);
#1225=ADVANCED_FACE('',(#153),#1180,.F.);
#1226=ADVANCED_FACE('',(#154),#1181,.F.);
#1227=ADVANCED_FACE('',(#155),#1182,.F.);
#1228=ADVANCED_FACE('',(#156),#102,.F.);
#1229=ADVANCED_FACE('',(#157),#103,.F.);
#1230=ADVANCED_FACE('',(#158),#104,.T.);
#1231=ADVANCED_FACE('',(#159),#105,.T.);
#1232=ADVANCED_FACE('',(#160),#1183,.F.);
#1233=ADVANCED_FACE('',(#161,#58),#106,.T.);
#1234=ADVANCED_FACE('',(#162),#1184,.F.);
#1235=ADVANCED_FACE('',(#163),#107,.T.);
#1236=ADVANCED_FACE('',(#164),#108,.T.);
#1237=ADVANCED_FACE('',(#165,#59,#60,#61,#62),#109,.T.);
#1238=ADVANCED_FACE('',(#166,#63,#64,#65,#66),#110,.F.);
#1239=ADVANCED_FACE('',(#167),#111,.F.);
#1240=ADVANCED_FACE('',(#168),#112,.F.);
#1241=ADVANCED_FACE('',(#169),#113,.F.);
#1242=ADVANCED_FACE('',(#170),#114,.F.);
#1243=ADVANCED_FACE('',(#171),#115,.T.);
#1244=ADVANCED_FACE('',(#172),#116,.T.);
#1245=ADVANCED_FACE('',(#173),#117,.T.);
#1246=ADVANCED_FACE('',(#174),#1185,.F.);
#1247=ADVANCED_FACE('',(#175),#1186,.F.);
#1248=ADVANCED_FACE('',(#176),#1187,.F.);
#1249=ADVANCED_FACE('',(#177),#1188,.F.);
#1250=ADVANCED_FACE('',(#178),#1189,.F.);
#1251=ADVANCED_FACE('',(#179),#1190,.F.);
#1252=ADVANCED_FACE('',(#180),#1191,.F.);
#1253=ADVANCED_FACE('',(#181),#1192,.F.);
#1254=ADVANCED_FACE('',(#182),#118,.T.);
#1255=ADVANCED_FACE('',(#183,#67,#68,#69,#70,#71,#72,#73,#74),#119,.T.);
#1256=ADVANCED_FACE('',(#184,#75,#76,#77,#78,#79,#80,#81,#82),#120,.F.);
#1257=CLOSED_SHELL('',(#1193,#1194,#1195,#1196,#1197,#1198,#1199,#1200,
#1201,#1202,#1203,#1204,#1205,#1206,#1207,#1208,#1209,#1210));
#1258=CLOSED_SHELL('',(#1211,#1212,#1213,#1214,#1215,#1216,#1217,#1218,
#1219,#1220,#1221,#1222,#1223,#1224));
#1259=CLOSED_SHELL('',(#1225,#1226,#1227,#1228,#1229,#1230,#1231,#1232,
#1233,#1234,#1235,#1236,#1237,#1238));
#1260=CLOSED_SHELL('',(#1239,#1240,#1241,#1242,#1243,#1244,#1245,#1246,
#1247,#1248,#1249,#1250,#1251,#1252,#1253,#1254,#1255,#1256));
#1261=DERIVED_UNIT_ELEMENT(#1265,1.);
#1262=DERIVED_UNIT_ELEMENT(#2105,-3.);
#1263=DERIVED_UNIT_ELEMENT(#1265,1.);
#1264=DERIVED_UNIT_ELEMENT(#2105,-3.);
#1265=(
MASS_UNIT()
NAMED_UNIT(*)
SI_UNIT(.KILO.,.GRAM.)
);
#1266=DERIVED_UNIT((#1261,#1262));
#1267=DERIVED_UNIT((#1263,#1264));
#1268=MEASURE_REPRESENTATION_ITEM('density measure',
POSITIVE_RATIO_MEASURE(7850.),#1266);
#1269=MEASURE_REPRESENTATION_ITEM('density measure',
POSITIVE_RATIO_MEASURE(7850.),#1267);
#1270=PROPERTY_DEFINITION_REPRESENTATION(#1280,#1274);
#1271=PROPERTY_DEFINITION_REPRESENTATION(#1281,#1275);
#1272=PROPERTY_DEFINITION_REPRESENTATION(#1282,#1276);
#1273=PROPERTY_DEFINITION_REPRESENTATION(#1283,#1277);
#1274=REPRESENTATION('material name',(#1278),#2101);
#1275=REPRESENTATION('density',(#1268),#2101);
#1276=REPRESENTATION('material name',(#1279),#2102);
#1277=REPRESENTATION('density',(#1269),#2102);
#1278=DESCRIPTIVE_REPRESENTATION_ITEM('Steel','Steel');
#1279=DESCRIPTIVE_REPRESENTATION_ITEM('Steel','Steel');
#1280=PROPERTY_DEFINITION('material property','material name',#2121);
#1281=PROPERTY_DEFINITION('material property','density of part',#2121);
#1282=PROPERTY_DEFINITION('material property','material name',#2122);
#1283=PROPERTY_DEFINITION('material property','density of part',#2122);
#1284=AXIS2_PLACEMENT_3D('',#1757,#1405,#1406);
#1285=AXIS2_PLACEMENT_3D('',#1758,#1407,#1408);
#1286=AXIS2_PLACEMENT_3D('',#1759,#1409,#1410);
#1287=AXIS2_PLACEMENT_3D('',#1761,#1411,#1412);
#1288=AXIS2_PLACEMENT_3D('',#1764,#1414,#1415);
#1289=AXIS2_PLACEMENT_3D('',#1765,#1416,#1417);
#1290=AXIS2_PLACEMENT_3D('',#1767,#1418,#1419);
#1291=AXIS2_PLACEMENT_3D('',#1770,#1421,#1422);
#1292=AXIS2_PLACEMENT_3D('',#1771,#1423,#1424);
#1293=AXIS2_PLACEMENT_3D('',#1773,#1425,#1426);
#1294=AXIS2_PLACEMENT_3D('',#1776,#1428,#1429);
#1295=AXIS2_PLACEMENT_3D('',#1777,#1430,#1431);
#1296=AXIS2_PLACEMENT_3D('',#1779,#1432,#1433);
#1297=AXIS2_PLACEMENT_3D('',#1782,#1435,#1436);
#1298=AXIS2_PLACEMENT_3D('',#1783,#1437,#1438);
#1299=AXIS2_PLACEMENT_3D('',#1785,#1439,#1440);
#1300=AXIS2_PLACEMENT_3D('',#1788,#1442,#1443);
#1301=AXIS2_PLACEMENT_3D('',#1789,#1444,#1445);
#1302=AXIS2_PLACEMENT_3D('',#1791,#1446,#1447);
#1303=AXIS2_PLACEMENT_3D('',#1794,#1449,#1450);
#1304=AXIS2_PLACEMENT_3D('',#1795,#1451,#1452);
#1305=AXIS2_PLACEMENT_3D('',#1797,#1453,#1454);
#1306=AXIS2_PLACEMENT_3D('',#1800,#1456,#1457);
#1307=AXIS2_PLACEMENT_3D('',#1801,#1458,#1459);
#1308=AXIS2_PLACEMENT_3D('',#1803,#1460,#1461);
#1309=AXIS2_PLACEMENT_3D('',#1806,#1463,#1464);
#1310=AXIS2_PLACEMENT_3D('',#1807,#1465,#1466);
#1311=AXIS2_PLACEMENT_3D('',#1816,#1471,#1472);
#1312=AXIS2_PLACEMENT_3D('',#1822,#1476,#1477);
#1313=AXIS2_PLACEMENT_3D('',#1828,#1481,#1482);
#1314=AXIS2_PLACEMENT_3D('',#1831,#1485,#1486);
#1315=AXIS2_PLACEMENT_3D('',#1840,#1491,#1492);
#1316=AXIS2_PLACEMENT_3D('',#1846,#1496,#1497);
#1317=AXIS2_PLACEMENT_3D('',#1852,#1501,#1502);
#1318=AXIS2_PLACEMENT_3D('',#1855,#1505,#1506);
#1319=AXIS2_PLACEMENT_3D('',#1856,#1507,#1508);
#1320=AXIS2_PLACEMENT_3D('',#1857,#1509,#1510);
#1321=AXIS2_PLACEMENT_3D('',#1859,#1511,#1512);
#1322=AXIS2_PLACEMENT_3D('',#1862,#1514,#1515);
#1323=AXIS2_PLACEMENT_3D('',#1863,#1516,#1517);
#1324=AXIS2_PLACEMENT_3D('',#1865,#1518,#1519);
#1325=AXIS2_PLACEMENT_3D('',#1868,#1521,#1522);
#1326=AXIS2_PLACEMENT_3D('',#1869,#1523,#1524);
#1327=AXIS2_PLACEMENT_3D('',#1871,#1525,#1526);
#1328=AXIS2_PLACEMENT_3D('',#1874,#1528,#1529);
#1329=AXIS2_PLACEMENT_3D('',#1875,#1530,#1531);
#1330=AXIS2_PLACEMENT_3D('',#1884,#1536,#1537);
#1331=AXIS2_PLACEMENT_3D('',#1893,#1542,#1543);
#1332=AXIS2_PLACEMENT_3D('',#1899,#1547,#1548);
#1333=AXIS2_PLACEMENT_3D('',#1902,#1551,#1552);
#1334=AXIS2_PLACEMENT_3D('',#1904,#1553,#1554);
#1335=AXIS2_PLACEMENT_3D('',#1907,#1556,#1557);
#1336=AXIS2_PLACEMENT_3D('',#1908,#1558,#1559);
#1337=AXIS2_PLACEMENT_3D('',#1910,#1560,#1561);
#1338=AXIS2_PLACEMENT_3D('',#1911,#1562,#1563);
#1339=AXIS2_PLACEMENT_3D('',#1914,#1565,#1566);
#1340=AXIS2_PLACEMENT_3D('',#1915,#1567,#1568);
#1341=AXIS2_PLACEMENT_3D('',#1921,#1572,#1573);
#1342=AXIS2_PLACEMENT_3D('',#1924,#1576,#1577);
#1343=AXIS2_PLACEMENT_3D('',#1925,#1578,#1579);
#1344=AXIS2_PLACEMENT_3D('',#1926,#1580,#1581);
#1345=AXIS2_PLACEMENT_3D('',#1928,#1582,#1583);
#1346=AXIS2_PLACEMENT_3D('',#1931,#1585,#1586);
#1347=AXIS2_PLACEMENT_3D('',#1932,#1587,#1588);
#1348=AXIS2_PLACEMENT_3D('',#1934,#1589,#1590);
#1349=AXIS2_PLACEMENT_3D('',#1937,#1592,#1593);
#1350=AXIS2_PLACEMENT_3D('',#1938,#1594,#1595);
#1351=AXIS2_PLACEMENT_3D('',#1940,#1596,#1597);
#1352=AXIS2_PLACEMENT_3D('',#1943,#1599,#1600);
#1353=AXIS2_PLACEMENT_3D('',#1944,#1601,#1602);
#1354=AXIS2_PLACEMENT_3D('',#1953,#1607,#1608);
#1355=AXIS2_PLACEMENT_3D('',#1962,#1613,#1614);
#1356=AXIS2_PLACEMENT_3D('',#1968,#1618,#1619);
#1357=AXIS2_PLACEMENT_3D('',#1971,#1622,#1623);
#1358=AXIS2_PLACEMENT_3D('',#1973,#1624,#1625);
#1359=AXIS2_PLACEMENT_3D('',#1976,#1627,#1628);
#1360=AXIS2_PLACEMENT_3D('',#1977,#1629,#1630);
#1361=AXIS2_PLACEMENT_3D('',#1979,#1631,#1632);
#1362=AXIS2_PLACEMENT_3D('',#1980,#1633,#1634);
#1363=AXIS2_PLACEMENT_3D('',#1983,#1636,#1637);
#1364=AXIS2_PLACEMENT_3D('',#1984,#1638,#1639);
#1365=AXIS2_PLACEMENT_3D('',#1990,#1643,#1644);
#1366=AXIS2_PLACEMENT_3D('',#1993,#1647,#1648);
#1367=AXIS2_PLACEMENT_3D('',#1994,#1649,#1650);
#1368=AXIS2_PLACEMENT_3D('',#1995,#1651,#1652);
#1369=AXIS2_PLACEMENT_3D('',#1996,#1653,#1654);
#1370=AXIS2_PLACEMENT_3D('',#2005,#1659,#1660);
#1371=AXIS2_PLACEMENT_3D('',#2014,#1665,#1666);
#1372=AXIS2_PLACEMENT_3D('',#2023,#1671,#1672);
#1373=AXIS2_PLACEMENT_3D('',#2032,#1677,#1678);
#1374=AXIS2_PLACEMENT_3D('',#2035,#1681,#1682);
#1375=AXIS2_PLACEMENT_3D('',#2038,#1685,#1686);
#1376=AXIS2_PLACEMENT_3D('',#2041,#1689,#1690);
#1377=AXIS2_PLACEMENT_3D('',#2043,#1691,#1692);
#1378=AXIS2_PLACEMENT_3D('',#2046,#1694,#1695);
#1379=AXIS2_PLACEMENT_3D('',#2047,#1696,#1697);
#1380=AXIS2_PLACEMENT_3D('',#2049,#1698,#1699);
#1381=AXIS2_PLACEMENT_3D('',#2052,#1701,#1702);
#1382=AXIS2_PLACEMENT_3D('',#2053,#1703,#1704);
#1383=AXIS2_PLACEMENT_3D('',#2055,#1705,#1706);
#1384=AXIS2_PLACEMENT_3D('',#2058,#1708,#1709);
#1385=AXIS2_PLACEMENT_3D('',#2059,#1710,#1711);
#1386=AXIS2_PLACEMENT_3D('',#2061,#1712,#1713);
#1387=AXIS2_PLACEMENT_3D('',#2064,#1715,#1716);
#1388=AXIS2_PLACEMENT_3D('',#2065,#1717,#1718);
#1389=AXIS2_PLACEMENT_3D('',#2067,#1719,#1720);
#1390=AXIS2_PLACEMENT_3D('',#2070,#1722,#1723);
#1391=AXIS2_PLACEMENT_3D('',#2071,#1724,#1725);
#1392=AXIS2_PLACEMENT_3D('',#2073,#1726,#1727);
#1393=AXIS2_PLACEMENT_3D('',#2076,#1729,#1730);
#1394=AXIS2_PLACEMENT_3D('',#2077,#1731,#1732);
#1395=AXIS2_PLACEMENT_3D('',#2079,#1733,#1734);
#1396=AXIS2_PLACEMENT_3D('',#2082,#1736,#1737);
#1397=AXIS2_PLACEMENT_3D('',#2083,#1738,#1739);
#1398=AXIS2_PLACEMENT_3D('',#2085,#1740,#1741);
#1399=AXIS2_PLACEMENT_3D('',#2088,#1743,#1744);
#1400=AXIS2_PLACEMENT_3D('',#2089,#1745,#1746);
#1401=AXIS2_PLACEMENT_3D('',#2092,#1749,#1750);
#1402=AXIS2_PLACEMENT_3D('',#2093,#1751,#1752);
#1403=AXIS2_PLACEMENT_3D('',#2094,#1753,#1754);
#1404=AXIS2_PLACEMENT_3D('',#2095,#1755,#1756);
#1405=DIRECTION('axis',(0.,0.,1.));
#1406=DIRECTION('refdir',(1.,0.,0.));
#1407=DIRECTION('axis',(0.,0.,1.));
#1408=DIRECTION('refdir',(1.,0.,0.));
#1409=DIRECTION('center_axis',(0.,0.,-1.));
#1410=DIRECTION('ref_axis',(1.,0.,0.));
#1411=DIRECTION('center_axis',(1.48029736616688E-15,0.,-1.));
#1412=DIRECTION('ref_axis',(1.,0.,0.));
#1413=DIRECTION('',(0.,0.,-1.));
#1414=DIRECTION('center_axis',(0.,0.,1.));
#1415=DIRECTION('ref_axis',(1.,0.,0.));
#1416=DIRECTION('center_axis',(0.,0.,-1.));
#1417=DIRECTION('ref_axis',(1.,0.,0.));
#1418=DIRECTION('center_axis',(0.,0.,-1.));
#1419=DIRECTION('ref_axis',(1.,0.,0.));
#1420=DIRECTION('',(0.,0.,-1.));
#1421=DIRECTION('center_axis',(-1.77635683940025E-15,0.,1.));
#1422=DIRECTION('ref_axis',(1.,0.,0.));
#1423=DIRECTION('center_axis',(0.,0.,-1.));
#1424=DIRECTION('ref_axis',(1.,0.,0.));
#1425=DIRECTION('center_axis',(1.48029736616688E-15,0.,-1.));
#1426=DIRECTION('ref_axis',(1.,0.,0.));
#1427=DIRECTION('',(0.,0.,-1.));
#1428=DIRECTION('center_axis',(0.,0.,1.));
#1429=DIRECTION('ref_axis',(1.,0.,0.));
#1430=DIRECTION('center_axis',(0.,0.,-1.));
#1431=DIRECTION('ref_axis',(1.,0.,0.));
#1432=DIRECTION('center_axis',(0.,0.,-1.));
#1433=DIRECTION('ref_axis',(1.,0.,0.));
#1434=DIRECTION('',(0.,0.,-1.));
#1435=DIRECTION('center_axis',(-1.77635683940025E-15,0.,1.));
#1436=DIRECTION('ref_axis',(1.,0.,0.));
#1437=DIRECTION('center_axis',(1.,1.44184808392877E-16,-1.73021770071453E-15));
#1438=DIRECTION('ref_axis',(1.44184808392877E-16,-1.,-3.75805507546746E-32));
#1439=DIRECTION('center_axis',(1.,0.,1.77635683940025E-15));
#1440=DIRECTION('ref_axis',(1.44184808392877E-16,-1.,-3.75805507546746E-32));
#1441=DIRECTION('',(1.,1.44184808392877E-16,-1.73021770071453E-15));
#1442=DIRECTION('center_axis',(-1.,0.,0.));
#1443=DIRECTION('ref_axis',(1.44184808392877E-16,-1.,-3.75805507546746E-32));
#1444=DIRECTION('center_axis',(1.,1.44184808392877E-16,-1.73021770071453E-15));
#1445=DIRECTION('ref_axis',(1.44184808392877E-16,-1.,-3.75805507546746E-32));
#1446=DIRECTION('center_axis',(1.,0.,0.));
#1447=DIRECTION('ref_axis',(1.44184808392877E-16,-1.,-3.75805507546746E-32));
#1448=DIRECTION('',(1.,1.44184808392877E-16,-1.73021770071453E-15));
#1449=DIRECTION('center_axis',(-1.,0.,-1.77635683940025E-15));
#1450=DIRECTION('ref_axis',(1.44184808392877E-16,-1.,-3.75805507546746E-32));
#1451=DIRECTION('center_axis',(1.,1.44184808392877E-16,-1.73021770071453E-15));
#1452=DIRECTION('ref_axis',(1.44184808392877E-16,-1.,-3.75805507546745E-32));
#1453=DIRECTION('center_axis',(1.,0.,1.77635683940025E-15));
#1454=DIRECTION('ref_axis',(1.44184808392877E-16,-1.,-3.75805507546745E-32));
#1455=DIRECTION('',(1.,1.44184808392877E-16,-1.73021770071453E-15));
#1456=DIRECTION('center_axis',(-1.,0.,0.));
#1457=DIRECTION('ref_axis',(1.44184808392877E-16,-1.,-3.75805507546745E-32));
#1458=DIRECTION('center_axis',(1.,1.44184808392877E-16,-1.73021770071453E-15));
#1459=DIRECTION('ref_axis',(1.44184808392877E-16,-1.,-3.75805507546745E-32));
#1460=DIRECTION('center_axis',(1.,0.,0.));
#1461=DIRECTION('ref_axis',(1.44184808392877E-16,-1.,-3.75805507546745E-32));
#1462=DIRECTION('',(1.,1.44184808392877E-16,-1.73021770071453E-15));
#1463=DIRECTION('center_axis',(-1.,0.,-1.77635683940025E-15));
#1464=DIRECTION('ref_axis',(1.44184808392877E-16,-1.,-3.75805507546745E-32));
#1465=DIRECTION('center_axis',(1.,0.,0.));
#1466=DIRECTION('ref_axis',(0.,0.,1.));
#1467=DIRECTION('',(0.,0.,-1.));
#1468=DIRECTION('',(0.,-1.,0.));
#1469=DIRECTION('',(0.,0.,1.));
#1470=DIRECTION('',(0.,-1.,0.));
#1471=DIRECTION('center_axis',(0.,0.,-1.));
#1472=DIRECTION('ref_axis',(1.,0.,0.));
#1473=DIRECTION('',(-1.,0.,0.));
#1474=DIRECTION('',(1.,0.,0.));
#1475=DIRECTION('',(0.,-1.,0.));
#1476=DIRECTION('center_axis',(-1.,0.,0.));
#1477=DIRECTION('ref_axis',(0.,0.,-1.));
#1478=DIRECTION('',(0.,0.,1.));
#1479=DIRECTION('',(0.,0.,-1.));
#1480=DIRECTION('',(0.,-1.,0.));
#1481=DIRECTION('center_axis',(0.,0.,1.));
#1482=DIRECTION('ref_axis',(-1.,0.,0.));
#1483=DIRECTION('',(1.,0.,0.));
#1484=DIRECTION('',(-1.,0.,0.));
#1485=DIRECTION('center_axis',(-1.,0.,-1.77635683940025E-15));
#1486=DIRECTION('ref_axis',(0.,1.,0.));
#1487=DIRECTION('',(0.,-1.,0.));
#1488=DIRECTION('',(1.77635683940025E-15,0.,-1.));
#1489=DIRECTION('',(0.,1.,0.));
#1490=DIRECTION('',(1.77635683940025E-15,0.,-1.));
#1491=DIRECTION('center_axis',(0.,-1.,0.));
#1492=DIRECTION('ref_axis',(-1.,0.,-1.48029736616688E-15));
#1493=DIRECTION('',(1.,0.,1.48029736616688E-15));
#1494=DIRECTION('',(-1.,0.,-1.48029736616688E-15));
#1495=DIRECTION('',(1.77635683940025E-15,0.,-1.));
#1496=DIRECTION('center_axis',(1.,0.,1.77635683940025E-15));
#1497=DIRECTION('ref_axis',(0.,-1.,0.));
#1498=DIRECTION('',(0.,1.,0.));
#1499=DIRECTION('',(0.,-1.,0.));
#1500=DIRECTION('',(1.77635683940025E-15,0.,-1.));
#1501=DIRECTION('center_axis',(0.,1.,0.));
#1502=DIRECTION('ref_axis',(1.,0.,1.48029736616688E-15));
#1503=DIRECTION('',(-1.,0.,-1.48029736616688E-15));
#1504=DIRECTION('',(1.,0.,1.48029736616688E-15));
#1505=DIRECTION('center_axis',(1.77635683940025E-15,0.,-1.));
#1506=DIRECTION('ref_axis',(-1.,0.,-1.77635683940025E-15));
#1507=DIRECTION('center_axis',(1.48029736616688E-15,0.,-1.));
#1508=DIRECTION('ref_axis',(1.,0.,1.48029736616688E-15));
#1509=DIRECTION('center_axis',(1.,1.26161707343768E-16,-2.01858731750029E-15));
#1510=DIRECTION('ref_axis',(1.26161707343768E-16,-1.,-7.46277268069629E-33));
#1511=DIRECTION('center_axis',(1.,0.,2.96059473233374E-15));
#1512=DIRECTION('ref_axis',(1.26161707343768E-16,-1.,-7.46277268069629E-33));
#1513=DIRECTION('',(1.,1.26161707343768E-16,-2.01858731750029E-15));
#1514=DIRECTION('center_axis',(-1.,0.,-1.77635683940025E-15));
#1515=DIRECTION('ref_axis',(1.26161707343768E-16,-1.,-7.46277268069629E-33));
#1516=DIRECTION('center_axis',(1.,1.44184808392877E-16,-1.73021770071453E-15));
#1517=DIRECTION('ref_axis',(1.44184808392877E-16,-1.,-3.75805507546746E-32));
#1518=DIRECTION('center_axis',(1.,0.,2.96059473233374E-15));
#1519=DIRECTION('ref_axis',(1.44184808392877E-16,-1.,-3.75805507546746E-32));
#1520=DIRECTION('',(1.,1.44184808392877E-16,-1.73021770071453E-15));
#1521=DIRECTION('center_axis',(-1.,0.,-1.77635683940025E-15));
#1522=DIRECTION('ref_axis',(1.44184808392877E-16,-1.,-3.75805507546746E-32));
#1523=DIRECTION('center_axis',(1.,1.44184808392877E-16,-1.73021770071453E-15));
#1524=DIRECTION('ref_axis',(1.44184808392877E-16,-1.,-3.75805507546745E-32));
#1525=DIRECTION('center_axis',(1.,0.,2.96059473233374E-15));
#1526=DIRECTION('ref_axis',(1.44184808392877E-16,-1.,-3.75805507546745E-32));
#1527=DIRECTION('',(1.,1.44184808392877E-16,-1.73021770071453E-15));
#1528=DIRECTION('center_axis',(-1.,0.,-1.77635683940025E-15));
#1529=DIRECTION('ref_axis',(1.44184808392877E-16,-1.,-3.75805507546745E-32));
#1530=DIRECTION('center_axis',(1.90314237416216E-15,-0.707106781186548,
-0.707106781186548));
#1531=DIRECTION('ref_axis',(2.09345661157836E-15,0.707106781186548,-0.707106781186548));
#1532=DIRECTION('',(-1.25607396694702E-15,-0.707106781186548,0.707106781186548));
#1533=DIRECTION('',(1.,0.,2.69144975666706E-15));
#1534=DIRECTION('',(2.09345661157836E-15,0.707106781186548,-0.707106781186548));
#1535=DIRECTION('',(-1.,2.69144975666684E-16,-2.96059473233374E-15));
#1536=DIRECTION('center_axis',(1.90314237416216E-15,0.707106781186547,-0.707106781186548));
#1537=DIRECTION('ref_axis',(-2.09345661157836E-15,0.707106781186548,0.707106781186547));
#1538=DIRECTION('',(1.25607396694702E-15,-0.707106781186548,-0.707106781186547));
#1539=DIRECTION('',(1.,2.69144975666684E-16,2.96059473233374E-15));
#1540=DIRECTION('',(-2.09345661157836E-15,0.707106781186548,0.707106781186547));
#1541=DIRECTION('',(-1.,0.,-2.69144975666706E-15));
#1542=DIRECTION('center_axis',(0.,1.,0.));
#1543=DIRECTION('ref_axis',(1.77635683940025E-15,0.,-1.));
#1544=DIRECTION('',(1.77635683940025E-15,0.,-1.));
#1545=DIRECTION('',(-1.,0.,-2.96059473233374E-15));
#1546=DIRECTION('',(1.77635683940025E-15,0.,-1.));
#1547=DIRECTION('center_axis',(-2.96059473233374E-15,0.,1.));
#1548=DIRECTION('ref_axis',(0.,1.,0.));
#1549=DIRECTION('',(0.,-1.,0.));
#1550=DIRECTION('',(0.,-1.,0.));
#1551=DIRECTION('center_axis',(1.,0.,2.16628882853689E-15));
#1552=DIRECTION('ref_axis',(0.,-1.,0.));
#1553=DIRECTION('center_axis',(1.,0.,2.96059473233374E-15));
#1554=DIRECTION('ref_axis',(0.,-1.,0.));
#1555=DIRECTION('',(1.,0.,2.16628882853689E-15));
#1556=DIRECTION('center_axis',(1.,0.,2.96059473233374E-15));
#1557=DIRECTION('ref_axis',(0.,-1.,0.));
#1558=DIRECTION('center_axis',(-1.,0.,-2.96059473233374E-15));
#1559=DIRECTION('ref_axis',(0.,-1.,0.));
#1560=DIRECTION('center_axis',(-1.,0.,-2.96059473233374E-15));
#1561=DIRECTION('ref_axis',(0.,-1.,0.));
#1562=DIRECTION('center_axis',(1.,0.,2.69144975666706E-15));
#1563=DIRECTION('ref_axis',(0.,-1.,0.));
#1564=DIRECTION('',(1.,0.,2.69144975666706E-15));
#1565=DIRECTION('center_axis',(-1.,0.,-1.77635683940025E-15));
#1566=DIRECTION('ref_axis',(0.,-1.,0.));
#1567=DIRECTION('center_axis',(0.,-1.,0.));
#1568=DIRECTION('ref_axis',(-1.77635683940025E-15,0.,1.));
#1569=DIRECTION('',(-1.77635683940025E-15,0.,1.));
#1570=DIRECTION('',(-1.,0.,-2.96059473233374E-15));
#1571=DIRECTION('',(-1.77635683940025E-15,0.,1.));
#1572=DIRECTION('center_axis',(2.96059473233374E-15,0.,-1.));
#1573=DIRECTION('ref_axis',(0.,-1.,0.));
#1574=DIRECTION('',(0.,-1.,0.));
#1575=DIRECTION('',(0.,-1.,0.));
#1576=DIRECTION('center_axis',(-1.,0.,-2.96059473233374E-15));
#1577=DIRECTION('ref_axis',(-2.96059473233374E-15,0.,1.));
#1578=DIRECTION('center_axis',(-1.,0.,-1.77635683940025E-15));
#1579=DIRECTION('ref_axis',(0.,-1.,0.));
#1580=DIRECTION('center_axis',(1.,1.26161707343768E-16,-2.01858731750029E-15));
#1581=DIRECTION('ref_axis',(1.26161707343768E-16,-1.,-7.46277268069629E-33));
#1582=DIRECTION('center_axis',(1.,1.22464679914735E-16,-1.77635683940025E-15));
#1583=DIRECTION('ref_axis',(1.26161707343768E-16,-1.,-7.46277268069629E-33));
#1584=DIRECTION('',(1.,1.26161707343768E-16,-2.01858731750029E-15));
#1585=DIRECTION('center_axis',(-1.,-1.22464679914735E-16,2.96059473233374E-15));
#1586=DIRECTION('ref_axis',(1.26161707343768E-16,-1.,-7.46277268069629E-33));
#1587=DIRECTION('center_axis',(1.,1.44184808392877E-16,-1.73021770071453E-15));
#1588=DIRECTION('ref_axis',(1.44184808392877E-16,-1.,-3.75805507546746E-32));
#1589=DIRECTION('center_axis',(1.,1.22464679914735E-16,-1.77635683940025E-15));
#1590=DIRECTION('ref_axis',(1.44184808392877E-16,-1.,-3.75805507546746E-32));
#1591=DIRECTION('',(1.,1.44184808392877E-16,-1.73021770071453E-15));
#1592=DIRECTION('center_axis',(-1.,-1.22464679914735E-16,2.96059473233374E-15));
#1593=DIRECTION('ref_axis',(1.44184808392877E-16,-1.,-3.75805507546746E-32));
#1594=DIRECTION('center_axis',(1.,1.44184808392877E-16,-1.73021770071453E-15));
#1595=DIRECTION('ref_axis',(1.44184808392877E-16,-1.,-3.75805507546745E-32));
#1596=DIRECTION('center_axis',(1.,1.22464679914735E-16,-1.77635683940025E-15));
#1597=DIRECTION('ref_axis',(1.44184808392877E-16,-1.,-3.75805507546745E-32));
#1598=DIRECTION('',(1.,1.44184808392877E-16,-1.73021770071453E-15));
#1599=DIRECTION('center_axis',(-1.,-1.22464679914735E-16,2.96059473233374E-15));
#1600=DIRECTION('ref_axis',(1.44184808392877E-16,-1.,-3.75805507546745E-32));
#1601=DIRECTION('center_axis',(-1.98973797978571E-15,0.707106781186548,
-0.707106781186548));
#1602=DIRECTION('ref_axis',(-2.00686100595481E-15,-0.707106781186548,-0.707106781186548));
#1603=DIRECTION('',(1.16947836132347E-15,0.707106781186548,0.707106781186548));
#1604=DIRECTION('',(-1.,-1.22464679914735E-16,2.69144975666706E-15));
#1605=DIRECTION('',(-2.00686100595481E-15,-0.707106781186548,-0.707106781186548));
#1606=DIRECTION('',(1.,-1.46680295751949E-16,-2.96059473233374E-15));
#1607=DIRECTION('center_axis',(-1.81654676853861E-15,-0.707106781186547,
-0.707106781186548));
#1608=DIRECTION('ref_axis',(2.18005221720191E-15,-0.707106781186548,0.707106781186547));
#1609=DIRECTION('',(-1.34266957257057E-15,0.707106781186548,-0.707106781186547));
#1610=DIRECTION('',(-1.,-3.9160965558142E-16,2.96059473233374E-15));
#1611=DIRECTION('',(2.18005221720191E-15,-0.707106781186548,0.707106781186547));
#1612=DIRECTION('',(1.,1.22464679914735E-16,-2.69144975666706E-15));
#1613=DIRECTION('center_axis',(1.22464679914735E-16,-1.,0.));
#1614=DIRECTION('ref_axis',(-1.77635683940025E-15,-2.17540971751503E-31,
-1.));
#1615=DIRECTION('',(-1.77635683940025E-15,-2.17540971751503E-31,-1.));
#1616=DIRECTION('',(1.,1.22464679914735E-16,-2.96059473233374E-15));
#1617=DIRECTION('',(-1.77635683940025E-15,-2.17540971751503E-31,-1.));
#1618=DIRECTION('center_axis',(2.96059473233374E-15,3.62568286252503E-31,
1.));
#1619=DIRECTION('ref_axis',(1.22464679914735E-16,-1.,0.));
#1620=DIRECTION('',(-1.22464679914735E-16,1.,0.));
#1621=DIRECTION('',(-1.22464679914735E-16,1.,0.));
#1622=DIRECTION('center_axis',(-1.,-1.22464679914735E-16,2.16628882853689E-15));
#1623=DIRECTION('ref_axis',(-1.22464679914735E-16,1.,0.));
#1624=DIRECTION('center_axis',(-1.,-1.22464679914735E-16,2.96059473233374E-15));
#1625=DIRECTION('ref_axis',(-1.22464679914735E-16,1.,0.));
#1626=DIRECTION('',(-1.,-1.22464679914735E-16,2.16628882853689E-15));
#1627=DIRECTION('center_axis',(-1.,-1.22464679914735E-16,2.96059473233374E-15));
#1628=DIRECTION('ref_axis',(-1.22464679914735E-16,1.,0.));
#1629=DIRECTION('center_axis',(1.,1.22464679914735E-16,-2.96059473233374E-15));
#1630=DIRECTION('ref_axis',(-1.22464679914735E-16,1.,0.));
#1631=DIRECTION('center_axis',(1.,1.22464679914735E-16,-2.96059473233374E-15));
#1632=DIRECTION('ref_axis',(-1.22464679914735E-16,1.,0.));
#1633=DIRECTION('center_axis',(-1.,-1.22464679914735E-16,2.69144975666706E-15));
#1634=DIRECTION('ref_axis',(-1.22464679914735E-16,1.,0.));
#1635=DIRECTION('',(-1.,-1.22464679914735E-16,2.69144975666706E-15));
#1636=DIRECTION('center_axis',(1.,1.22464679914735E-16,-1.77635683940025E-15));
#1637=DIRECTION('ref_axis',(-1.22464679914735E-16,1.,0.));
#1638=DIRECTION('center_axis',(-1.22464679914735E-16,1.,0.));
#1639=DIRECTION('ref_axis',(1.77635683940025E-15,2.17540971751503E-31,1.));
#1640=DIRECTION('',(1.77635683940025E-15,2.17540971751503E-31,1.));
#1641=DIRECTION('',(1.,1.22464679914735E-16,-2.96059473233374E-15));
#1642=DIRECTION('',(1.77635683940025E-15,2.17540971751503E-31,1.));
#1643=DIRECTION('center_axis',(-2.96059473233374E-15,-3.62568286252503E-31,
-1.));
#1644=DIRECTION('ref_axis',(-1.22464679914735E-16,1.,0.));
#1645=DIRECTION('',(-1.22464679914735E-16,1.,0.));
#1646=DIRECTION('',(-1.22464679914735E-16,1.,0.));
#1647=DIRECTION('center_axis',(1.,1.22464679914735E-16,-2.96059473233374E-15));
#1648=DIRECTION('ref_axis',(2.96059473233374E-15,3.62568286252503E-31,1.));
#1649=DIRECTION('center_axis',(1.,1.22464679914735E-16,-1.77635683940025E-15));
#1650=DIRECTION('ref_axis',(-1.22464679914735E-16,1.,0.));
#1651=DIRECTION('axis',(0.,0.,1.));
#1652=DIRECTION('refdir',(1.,0.,0.));
#1653=DIRECTION('center_axis',(0.707106781186547,-0.707106781186548,-1.42735678062162E-15));
#1654=DIRECTION('ref_axis',(-0.707106781186548,-0.707106781186547,-1.57009245868377E-15));
#1655=DIRECTION('',(0.707106781186548,0.707106781186547,1.04672830578918E-15));
#1656=DIRECTION('',(5.39344474609538E-40,2.0185873175003E-15,-1.));
#1657=DIRECTION('',(-0.707106781186548,-0.707106781186547,-1.57009245868377E-15));
#1658=DIRECTION('',(-2.01858731750014E-16,-2.22044604925031E-15,1.));
#1659=DIRECTION('center_axis',(0.707106781186548,0.707106781186547,1.42735678062162E-15));
#1660=DIRECTION('ref_axis',(0.707106781186547,-0.707106781186548,-1.57009245868377E-15));
#1661=DIRECTION('',(-0.707106781186547,0.707106781186548,1.04672830578918E-15));
#1662=DIRECTION('',(-2.01858731750014E-16,2.22044604925031E-15,-1.));
#1663=DIRECTION('',(0.707106781186547,-0.707106781186548,-1.57009245868377E-15));
#1664=DIRECTION('',(-5.39344474609538E-40,-2.0185873175003E-15,1.));
#1665=DIRECTION('center_axis',(-0.707106781186547,-0.707106781186548,-1.42735678062162E-15));
#1666=DIRECTION('ref_axis',(-0.707106781186548,0.707106781186547,1.57009245868377E-15));
#1667=DIRECTION('',(0.707106781186548,-0.707106781186547,-1.04672830578918E-15));
#1668=DIRECTION('',(-2.01858731750014E-16,2.22044604925031E-15,-1.));
#1669=DIRECTION('',(-0.707106781186548,0.707106781186547,1.57009245868377E-15));
#1670=DIRECTION('',(-5.39344474609538E-40,-2.0185873175003E-15,1.));
#1671=DIRECTION('center_axis',(-0.707106781186548,0.707106781186547,1.42735678062162E-15));
#1672=DIRECTION('ref_axis',(0.707106781186547,0.707106781186548,1.57009245868377E-15));
#1673=DIRECTION('',(-0.707106781186547,-0.707106781186548,-1.04672830578918E-15));
#1674=DIRECTION('',(5.39344474609538E-40,2.0185873175003E-15,-1.));
#1675=DIRECTION('',(0.707106781186547,0.707106781186548,1.57009245868377E-15));
#1676=DIRECTION('',(-2.01858731750014E-16,-2.22044604925031E-15,1.));
#1677=DIRECTION('center_axis',(-1.,-2.67189073236363E-24,-5.93278922070535E-39));
#1678=DIRECTION('ref_axis',(2.67189073236363E-24,-1.,-1.48029736616688E-15));
#1679=DIRECTION('',(2.67189073236363E-24,-1.,-1.48029736616688E-15));
#1680=DIRECTION('',(2.67189073236363E-24,-1.,-1.48029736616688E-15));
#1681=DIRECTION('center_axis',(-2.67189073236363E-24,1.,2.22044604925031E-15));
#1682=DIRECTION('ref_axis',(-1.,-2.67189073236363E-24,-9.06420715631261E-32));
#1683=DIRECTION('',(-1.,-2.67189073236363E-24,-9.06420715631261E-32));
#1684=DIRECTION('',(-1.,-2.67189073236363E-24,-9.06420715631261E-32));
#1685=DIRECTION('center_axis',(2.67189073236363E-24,-1.,-2.22044604925031E-15));
#1686=DIRECTION('ref_axis',(1.,2.67189073236363E-24,9.06420715631261E-32));
#1687=DIRECTION('',(1.,2.67189073236363E-24,9.06420715631261E-32));
#1688=DIRECTION('',(1.,2.67189073236363E-24,9.06420715631261E-32));
#1689=DIRECTION('center_axis',(0.,2.0185873175003E-15,-1.));
#1690=DIRECTION('ref_axis',(-1.,-4.41975516893516E-63,0.));
#1691=DIRECTION('center_axis',(0.,2.22044604925031E-15,-1.));
#1692=DIRECTION('ref_axis',(-1.,-4.41975516893516E-63,0.));
#1693=DIRECTION('',(0.,2.0185873175003E-15,-1.));
#1694=DIRECTION('center_axis',(-9.06420676079333E-32,-1.48029736616688E-15,
1.));
#1695=DIRECTION('ref_axis',(-1.,-4.41975516893516E-63,0.));
#1696=DIRECTION('center_axis',(0.,2.0185873175003E-15,-1.));
#1697=DIRECTION('ref_axis',(-1.,0.,0.));
#1698=DIRECTION('center_axis',(0.,2.22044604925031E-15,-1.));
#1699=DIRECTION('ref_axis',(-1.,0.,0.));
#1700=DIRECTION('',(0.,2.0185873175003E-15,-1.));
#1701=DIRECTION('center_axis',(-9.06420676079333E-32,-1.48029736616688E-15,
1.));
#1702=DIRECTION('ref_axis',(-1.,0.,0.));
#1703=DIRECTION('center_axis',(0.,2.27091073218784E-15,-1.));
#1704=DIRECTION('ref_axis',(-1.,0.,0.));
#1705=DIRECTION('center_axis',(0.,2.22044604925031E-15,-1.));
#1706=DIRECTION('ref_axis',(-1.,0.,0.));
#1707=DIRECTION('',(0.,2.27091073218784E-15,-1.));
#1708=DIRECTION('center_axis',(-9.06420676079333E-32,-1.48029736616688E-15,
1.));
#1709=DIRECTION('ref_axis',(-1.,0.,0.));
#1710=DIRECTION('center_axis',(0.,2.27091073218784E-15,-1.));
#1711=DIRECTION('ref_axis',(-1.,-2.20987758446843E-63,0.));
#1712=DIRECTION('center_axis',(0.,2.22044604925031E-15,-1.));
#1713=DIRECTION('ref_axis',(-1.,-2.20987758446843E-63,0.));
#1714=DIRECTION('',(0.,2.27091073218784E-15,-1.));
#1715=DIRECTION('center_axis',(-9.06420676079333E-32,-1.48029736616688E-15,
1.));
#1716=DIRECTION('ref_axis',(-1.,-2.20987758446843E-63,0.));
#1717=DIRECTION('center_axis',(0.,2.0185873175003E-15,-1.));
#1718=DIRECTION('ref_axis',(-1.,-4.41975516893516E-63,0.));
#1719=DIRECTION('center_axis',(0.,2.22044604925031E-15,-1.));
#1720=DIRECTION('ref_axis',(-1.,-4.41975516893516E-63,0.));
#1721=DIRECTION('',(0.,2.0185873175003E-15,-1.));
#1722=DIRECTION('center_axis',(-9.06420676079333E-32,-1.48029736616688E-15,
1.));
#1723=DIRECTION('ref_axis',(-1.,-4.41975516893516E-63,0.));
#1724=DIRECTION('center_axis',(0.,2.0185873175003E-15,-1.));
#1725=DIRECTION('ref_axis',(-1.,0.,0.));
#1726=DIRECTION('center_axis',(0.,2.22044604925031E-15,-1.));
#1727=DIRECTION('ref_axis',(-1.,0.,0.));
#1728=DIRECTION('',(0.,2.0185873175003E-15,-1.));
#1729=DIRECTION('center_axis',(-9.06420676079333E-32,-1.48029736616688E-15,
1.));
#1730=DIRECTION('ref_axis',(-1.,0.,0.));
#1731=DIRECTION('center_axis',(0.,2.27091073218784E-15,-1.));
#1732=DIRECTION('ref_axis',(-1.,0.,0.));
#1733=DIRECTION('center_axis',(0.,2.22044604925031E-15,-1.));
#1734=DIRECTION('ref_axis',(-1.,0.,0.));
#1735=DIRECTION('',(0.,2.27091073218784E-15,-1.));
#1736=DIRECTION('center_axis',(-9.06420676079333E-32,-1.48029736616688E-15,
1.));
#1737=DIRECTION('ref_axis',(-1.,0.,0.));
#1738=DIRECTION('center_axis',(0.,2.27091073218784E-15,-1.));
#1739=DIRECTION('ref_axis',(-1.,-2.20987758446843E-63,0.));
#1740=DIRECTION('center_axis',(0.,2.22044604925031E-15,-1.));
#1741=DIRECTION('ref_axis',(-1.,-2.20987758446843E-63,0.));
#1742=DIRECTION('',(0.,2.27091073218784E-15,-1.));
#1743=DIRECTION('center_axis',(-9.06420676079333E-32,-1.48029736616688E-15,
1.));
#1744=DIRECTION('ref_axis',(-1.,-2.20987758446843E-63,0.));
#1745=DIRECTION('center_axis',(1.,2.67189073236363E-24,5.93278922070535E-39));
#1746=DIRECTION('ref_axis',(-2.67189073236363E-24,1.,1.48029736616688E-15));
#1747=DIRECTION('',(-2.67189073236363E-24,1.,1.48029736616688E-15));
#1748=DIRECTION('',(-2.67189073236363E-24,1.,1.48029736616688E-15));
#1749=DIRECTION('center_axis',(0.,-2.22044604925031E-15,1.));
#1750=DIRECTION('ref_axis',(1.,0.,0.));
#1751=DIRECTION('center_axis',(-9.06420676079333E-32,-1.48029736616688E-15,
1.));
#1752=DIRECTION('ref_axis',(-1.,-2.67189073236363E-24,-9.06420715631261E-32));
#1753=DIRECTION('',(0.,0.,1.));
#1754=DIRECTION('',(1.,-2.96262331820366E-97,0.));
#1755=DIRECTION('',(0.,0.,1.));
#1756=DIRECTION('',(1.,0.,0.));
#1757=CARTESIAN_POINT('',(0.,0.,0.));
#1758=CARTESIAN_POINT('',(0.,0.,0.));
#1759=CARTESIAN_POINT('Origin',(-91.5000003583643,11.5000000651355,33.));
#1760=CARTESIAN_POINT('',(-93.0000003583643,11.5000000651355,17.9999999999998));
#1761=CARTESIAN_POINT('Origin',(-91.5000003583643,11.5000000651355,17.9999999999998));
#1762=CARTESIAN_POINT('',(-93.0000003583643,11.5000000651355,17.0000002533197));
#1763=CARTESIAN_POINT('',(-93.0000003583643,11.5000000651355,33.));
#1764=CARTESIAN_POINT('Origin',(-91.5000003583643,11.5000000651355,17.0000002533197));
#1765=CARTESIAN_POINT('Origin',(-91.5000003583643,11.5000000651355,33.));
#1766=CARTESIAN_POINT('',(-93.0000003583643,11.5000000651355,9.00000013411045));
#1767=CARTESIAN_POINT('Origin',(-91.5000003583643,11.5000000651355,9.00000013411045));
#1768=CARTESIAN_POINT('',(-93.0000003583643,11.5000000651355,7.99999999999984));
#1769=CARTESIAN_POINT('',(-93.0000003583643,11.5000000651355,33.));
#1770=CARTESIAN_POINT('Origin',(-91.5000003583643,11.5000000651355,7.99999999999984));
#1771=CARTESIAN_POINT('Origin',(-91.5000003583643,-11.4999999348645,33.));
#1772=CARTESIAN_POINT('',(-93.0000003583643,-11.4999999348645,17.9999999999998));
#1773=CARTESIAN_POINT('Origin',(-91.5000003583643,-11.4999999348645,17.9999999999998));
#1774=CARTESIAN_POINT('',(-93.0000003583643,-11.4999999348645,17.0000002533197));
#1775=CARTESIAN_POINT('',(-93.0000003583643,-11.4999999348645,33.));
#1776=CARTESIAN_POINT('Origin',(-91.5000003583643,-11.4999999348645,17.0000002533197));
#1777=CARTESIAN_POINT('Origin',(-91.5000003583643,-11.4999999348645,33.));
#1778=CARTESIAN_POINT('',(-93.0000003583643,-11.4999999348645,9.00000013411045));
#1779=CARTESIAN_POINT('Origin',(-91.5000003583643,-11.4999999348645,9.00000013411045));
#1780=CARTESIAN_POINT('',(-93.0000003583643,-11.4999999348645,7.99999999999984));
#1781=CARTESIAN_POINT('',(-93.0000003583643,-11.4999999348645,33.));
#1782=CARTESIAN_POINT('Origin',(-91.5000003583643,-11.4999999348645,7.99999999999984));
#1783=CARTESIAN_POINT('Origin',(-107.500000358364,7.50000006513551,12.9999999999998));
#1784=CARTESIAN_POINT('',(-101.500000358364,9.00000006513551,12.9999999999998));
#1785=CARTESIAN_POINT('Origin',(-101.500000358364,7.50000006513551,12.9999999999998));
#1786=CARTESIAN_POINT('',(-100.500000358364,9.00000006513551,12.9999999999998));
#1787=CARTESIAN_POINT('',(-107.500000358364,9.00000006513551,12.9999999999998));
#1788=CARTESIAN_POINT('Origin',(-100.500000358364,7.50000006513551,12.9999999999998));
#1789=CARTESIAN_POINT('Origin',(-107.500000358364,7.50000006513551,12.9999999999998));
#1790=CARTESIAN_POINT('',(-87.5000003583643,9.00000006513551,12.9999999999998));
#1791=CARTESIAN_POINT('Origin',(-87.5000003583643,7.50000006513551,12.9999999999998));
#1792=CARTESIAN_POINT('',(-86.5000003583643,9.00000006513551,12.9999999999998));
#1793=CARTESIAN_POINT('',(-107.500000358364,9.00000006513551,12.9999999999998));
#1794=CARTESIAN_POINT('Origin',(-86.5000003583643,7.50000006513551,12.9999999999998));
#1795=CARTESIAN_POINT('Origin',(-107.500000358364,-7.49999993486449,12.9999999999998));
#1796=CARTESIAN_POINT('',(-101.500000358364,-5.99999993486449,12.9999999999998));
#1797=CARTESIAN_POINT('Origin',(-101.500000358364,-7.49999993486449,12.9999999999998));
#1798=CARTESIAN_POINT('',(-100.500000358364,-5.99999993486449,12.9999999999998));
#1799=CARTESIAN_POINT('',(-107.500000358364,-5.99999993486449,12.9999999999998));
#1800=CARTESIAN_POINT('Origin',(-100.500000358364,-7.49999993486449,12.9999999999998));
#1801=CARTESIAN_POINT('Origin',(-107.500000358364,-7.49999993486449,12.9999999999998));
#1802=CARTESIAN_POINT('',(-87.5000003583643,-5.99999993486449,12.9999999999998));
#1803=CARTESIAN_POINT('Origin',(-87.5000003583643,-7.49999993486448,12.9999999999998));
#1804=CARTESIAN_POINT('',(-86.5000003583643,-5.99999993486449,12.9999999999998));
#1805=CARTESIAN_POINT('',(-107.500000358364,-5.99999993486449,12.9999999999998));
#1806=CARTESIAN_POINT('Origin',(-86.5000003583643,-7.49999993486448,12.9999999999998));
#1807=CARTESIAN_POINT('Origin',(-87.5000003583643,16.5000000651355,9.00000013411045));
#1808=CARTESIAN_POINT('',(-87.5000003583643,-16.4999999348645,17.0000002533197));
#1809=CARTESIAN_POINT('',(-87.5000003583643,-16.4999999348645,9.00000013411045));
#1810=CARTESIAN_POINT('',(-87.5000003583643,-16.4999999348645,13.5000000670552));
#1811=CARTESIAN_POINT('',(-87.5000003583643,16.5000000651355,17.0000002533197));
#1812=CARTESIAN_POINT('',(-87.5000003583643,16.5000000651355,17.0000002533197));
#1813=CARTESIAN_POINT('',(-87.5000003583643,16.5000000651355,9.00000013411045));
#1814=CARTESIAN_POINT('',(-87.5000003583643,16.5000000651355,13.5000000670551));
#1815=CARTESIAN_POINT('',(-87.5000003583643,16.5000000651355,9.00000013411045));
#1816=CARTESIAN_POINT('Origin',(-100.500000358364,16.5000000651355,9.00000013411045));
#1817=CARTESIAN_POINT('',(-100.500000358364,-16.4999999348645,9.00000013411045));
#1818=CARTESIAN_POINT('',(-93.5000003583643,-16.4999999348645,9.00000013411045));
#1819=CARTESIAN_POINT('',(-100.500000358364,16.5000000651355,9.00000013411045));
#1820=CARTESIAN_POINT('',(-101.000000358364,16.5000000651355,9.00000013411045));
#1821=CARTESIAN_POINT('',(-100.500000358364,16.5000000651355,9.00000013411045));
#1822=CARTESIAN_POINT('Origin',(-100.500000358364,16.5000000651355,17.0000002533197));
#1823=CARTESIAN_POINT('',(-100.500000358364,-16.4999999348645,17.0000002533197));
#1824=CARTESIAN_POINT('',(-100.500000358364,-16.4999999348645,17.5000001266598));
#1825=CARTESIAN_POINT('',(-100.500000358364,16.5000000651355,17.0000002533197));
#1826=CARTESIAN_POINT('',(-100.500000358364,16.5000000651355,17.5000001266598));
#1827=CARTESIAN_POINT('',(-100.500000358364,16.5000000651355,17.0000002533197));
#1828=CARTESIAN_POINT('Origin',(-87.5000003583643,16.5000000651355,17.0000002533197));
#1829=CARTESIAN_POINT('',(-87.0000003583643,-16.4999999348645,17.0000002533197));
#1830=CARTESIAN_POINT('',(-94.5000003583643,16.5000000651355,17.0000002533197));
#1831=CARTESIAN_POINT('Origin',(-101.500000358364,-16.4999999348645,17.9999999999998));
#1832=CARTESIAN_POINT('',(-101.500000358364,16.5000000651355,17.9999999999998));
#1833=CARTESIAN_POINT('',(-101.500000358364,-16.4999999348645,17.9999999999998));
#1834=CARTESIAN_POINT('',(-101.500000358364,16.5000000651355,17.9999999999998));
#1835=CARTESIAN_POINT('',(-101.500000358364,16.5000000651355,7.99999999999983));
#1836=CARTESIAN_POINT('',(-101.500000358364,16.5000000651355,17.9999999999998));
#1837=CARTESIAN_POINT('',(-101.500000358364,-16.4999999348645,7.99999999999983));
#1838=CARTESIAN_POINT('',(-101.500000358364,16.5000000651355,7.99999999999983));
#1839=CARTESIAN_POINT('',(-101.500000358364,-16.4999999348645,17.9999999999998));
#1840=CARTESIAN_POINT('Origin',(-86.5000003583643,-16.4999999348645,17.9999999999999));
#1841=CARTESIAN_POINT('',(-86.5000003583643,-16.4999999348645,17.9999999999999));
#1842=CARTESIAN_POINT('',(-101.500000358364,-16.4999999348645,17.9999999999998));
#1843=CARTESIAN_POINT('',(-86.5000003583643,-16.4999999348645,7.99999999999985));
#1844=CARTESIAN_POINT('',(-101.500000358364,-16.4999999348645,7.99999999999983));
#1845=CARTESIAN_POINT('',(-86.5000003583643,-16.4999999348645,17.9999999999999));
#1846=CARTESIAN_POINT('Origin',(-86.5000003583643,16.5000000651355,17.9999999999999));
#1847=CARTESIAN_POINT('',(-86.5000003583643,16.5000000651355,17.9999999999999));
#1848=CARTESIAN_POINT('',(-86.5000003583643,-16.4999999348645,17.9999999999999));
#1849=CARTESIAN_POINT('',(-86.5000003583643,16.5000000651355,7.99999999999985));
#1850=CARTESIAN_POINT('',(-86.5000003583643,-16.4999999348645,7.99999999999985));
#1851=CARTESIAN_POINT('',(-86.5000003583643,16.5000000651355,17.9999999999999));
#1852=CARTESIAN_POINT('Origin',(-101.500000358364,16.5000000651355,17.9999999999998));
#1853=CARTESIAN_POINT('',(-86.5000003583643,16.5000000651355,17.9999999999999));
#1854=CARTESIAN_POINT('',(-86.5000003583643,16.5000000651355,7.99999999999985));
#1855=CARTESIAN_POINT('Origin',(-94.0000003583643,6.51355058778336E-8,7.99999999999984));
#1856=CARTESIAN_POINT('Origin',(-94.0000003583643,6.51355058778336E-8,17.9999999999998));
#1857=CARTESIAN_POINT('Origin',(-107.500000358364,1.28767775089602E-8,31.4999999999998));
#1858=CARTESIAN_POINT('',(-104.500000358364,1.50000001287678,31.4999999999998));
#1859=CARTESIAN_POINT('Origin',(-104.500000358364,1.28767778874453E-8,31.4999999999998));
#1860=CARTESIAN_POINT('',(-101.500000358364,1.50000001287678,31.4999999999998));
#1861=CARTESIAN_POINT('',(-107.500000358364,1.50000001287678,31.4999999999998));
#1862=CARTESIAN_POINT('Origin',(-101.500000358364,1.28767782659305E-8,31.4999999999998));
#1863=CARTESIAN_POINT('Origin',(-107.500000358364,7.50000006513551,12.9999999999998));
#1864=CARTESIAN_POINT('',(-104.500000358364,9.00000006513551,12.9999999999998));
#1865=CARTESIAN_POINT('Origin',(-104.500000358364,7.50000006513551,12.9999999999998));
#1866=CARTESIAN_POINT('',(-101.500000358364,9.00000006513551,12.9999999999998));
#1867=CARTESIAN_POINT('',(-107.500000358364,9.00000006513551,12.9999999999998));
#1868=CARTESIAN_POINT('Origin',(-101.500000358364,7.50000006513551,12.9999999999998));
#1869=CARTESIAN_POINT('Origin',(-107.500000358364,-7.49999993486449,12.9999999999998));
#1870=CARTESIAN_POINT('',(-104.500000358364,-5.99999993486449,12.9999999999998));
#1871=CARTESIAN_POINT('Origin',(-104.500000358364,-7.49999993486449,12.9999999999998));
#1872=CARTESIAN_POINT('',(-101.500000358364,-5.99999993486449,12.9999999999998));
#1873=CARTESIAN_POINT('',(-107.500000358364,-5.99999993486449,12.9999999999998));
#1874=CARTESIAN_POINT('Origin',(-101.500000358364,-7.49999993486449,12.9999999999998));
#1875=CARTESIAN_POINT('Origin',(-104.500000358364,6.83452384429157,35.9999999999998));
#1876=CARTESIAN_POINT('',(-101.500000358364,16.5000000651355,26.3345237791559));
#1877=CARTESIAN_POINT('',(-101.500000358364,6.83452384429157,35.9999999999998));
#1878=CARTESIAN_POINT('',(-101.500000358364,8.00089289950256,34.8336309447889));
#1879=CARTESIAN_POINT('',(-104.500000358364,16.5000000651355,26.3345237791559));
#1880=CARTESIAN_POINT('',(-103.000000358364,16.5000000651355,26.3345237791559));
#1881=CARTESIAN_POINT('',(-104.500000358364,6.83452384429157,35.9999999999998));
#1882=CARTESIAN_POINT('',(-104.500000358364,8.00089289950256,34.8336309447888));
#1883=CARTESIAN_POINT('',(-103.000000358364,6.83452384429158,35.9999999999998));
#1884=CARTESIAN_POINT('Origin',(-104.500000358364,-16.4999999348645,26.3345237791559));
#1885=CARTESIAN_POINT('',(-101.500000358364,-6.83452371402056,35.9999999999998));
#1886=CARTESIAN_POINT('',(-101.500000358364,-16.4999999348645,26.3345237791559));
#1887=CARTESIAN_POINT('',(-101.500000358364,-12.8336308796535,30.0008928343669));
#1888=CARTESIAN_POINT('',(-104.500000358364,-6.83452371402056,35.9999999999998));
#1889=CARTESIAN_POINT('',(-103.000000358364,-6.83452371402056,35.9999999999998));
#1890=CARTESIAN_POINT('',(-104.500000358364,-16.4999999348645,26.3345237791559));
#1891=CARTESIAN_POINT('',(-104.500000358364,-12.8336308796535,30.0008928343669));
#1892=CARTESIAN_POINT('',(-103.000000358364,-16.4999999348645,26.3345237791559));
#1893=CARTESIAN_POINT('Origin',(-101.500000358364,16.5000000651355,40.9999999999998));
#1894=CARTESIAN_POINT('',(-101.500000358364,16.5000000651355,7.99999999999983));
#1895=CARTESIAN_POINT('',(-101.500000358364,16.5000000651355,40.9999999999998));
#1896=CARTESIAN_POINT('',(-104.500000358364,16.5000000651355,7.99999999999982));
#1897=CARTESIAN_POINT('',(-101.500000358364,16.5000000651355,7.99999999999983));
#1898=CARTESIAN_POINT('',(-104.500000358364,16.5000000651355,40.9999999999998));
#1899=CARTESIAN_POINT('Origin',(-101.500000358364,-16.4999999348645,35.9999999999998));
#1900=CARTESIAN_POINT('',(-104.500000358364,-8.24999993486449,35.9999999999998));
#1901=CARTESIAN_POINT('',(-101.500000358364,-8.24999993486449,35.9999999999998));
#1902=CARTESIAN_POINT('Origin',(-104.500000358364,0.,22.0000003278252));
#1903=CARTESIAN_POINT('',(-104.500000358364,6.,22.0000003278252));
#1904=CARTESIAN_POINT('Origin',(-104.500000358364,0.,22.0000003278252));
#1905=CARTESIAN_POINT('',(-102.450000358364,6.,22.0000003278252));
#1906=CARTESIAN_POINT('',(-104.500000358364,6.,22.0000003278252));
#1907=CARTESIAN_POINT('Origin',(-102.450000358364,0.,22.0000003278252));
#1908=CARTESIAN_POINT('Origin',(-102.450000358364,0.,22.0000003278252));
#1909=CARTESIAN_POINT('',(-102.450000358364,5.,22.0000003278252));
#1910=CARTESIAN_POINT('Origin',(-102.450000358364,0.,22.0000003278252));
#1911=CARTESIAN_POINT('Origin',(-104.500000358364,0.,22.0000003278252));
#1912=CARTESIAN_POINT('',(-101.500000358364,5.,22.0000003278252));
#1913=CARTESIAN_POINT('',(-104.500000358364,5.,22.0000003278252));
#1914=CARTESIAN_POINT('Origin',(-101.500000358364,0.,22.0000003278252));
#1915=CARTESIAN_POINT('Origin',(-101.500000358364,-16.4999999348645,7.99999999999983));
#1916=CARTESIAN_POINT('',(-104.500000358364,-16.4999999348645,7.99999999999982));
#1917=CARTESIAN_POINT('',(-104.500000358364,-16.4999999348645,7.99999999999982));
#1918=CARTESIAN_POINT('',(-101.500000358364,-16.4999999348645,7.99999999999983));
#1919=CARTESIAN_POINT('',(-101.500000358364,-16.4999999348645,7.99999999999983));
#1920=CARTESIAN_POINT('',(-101.500000358364,-16.4999999348645,7.99999999999983));
#1921=CARTESIAN_POINT('Origin',(-101.500000358364,16.5000000651355,7.99999999999983));
#1922=CARTESIAN_POINT('',(-101.500000358364,16.5000000651355,7.99999999999983));
#1923=CARTESIAN_POINT('',(-104.500000358364,16.5000000651355,7.99999999999982));
#1924=CARTESIAN_POINT('Origin',(-104.500000358364,6.51355058778336E-8,24.4999999999998));
#1925=CARTESIAN_POINT('Origin',(-101.500000358364,6.51355058778336E-8,24.4999999999998));
#1926=CARTESIAN_POINT('Origin',(-107.500000358364,1.28767775089602E-8,31.4999999999998));
#1927=CARTESIAN_POINT('',(-107.500000358364,1.50000001287678,31.4999999999998));
#1928=CARTESIAN_POINT('Origin',(-107.500000358364,1.28767775089602E-8,31.4999999999998));
#1929=CARTESIAN_POINT('',(-104.500000358364,1.50000001287678,31.4999999999998));
#1930=CARTESIAN_POINT('',(-107.500000358364,1.50000001287678,31.4999999999998));
#1931=CARTESIAN_POINT('Origin',(-104.500000358364,1.28767778874453E-8,31.4999999999998));
#1932=CARTESIAN_POINT('Origin',(-107.500000358364,7.50000006513551,12.9999999999998));
#1933=CARTESIAN_POINT('',(-107.500000358364,9.00000006513551,12.9999999999998));
#1934=CARTESIAN_POINT('Origin',(-107.500000358364,7.50000006513551,12.9999999999998));
#1935=CARTESIAN_POINT('',(-104.500000358364,9.00000006513551,12.9999999999998));
#1936=CARTESIAN_POINT('',(-107.500000358364,9.00000006513551,12.9999999999998));
#1937=CARTESIAN_POINT('Origin',(-104.500000358364,7.50000006513551,12.9999999999998));
#1938=CARTESIAN_POINT('Origin',(-107.500000358364,-7.49999993486449,12.9999999999998));
#1939=CARTESIAN_POINT('',(-107.500000358364,-5.99999993486449,12.9999999999998));
#1940=CARTESIAN_POINT('Origin',(-107.500000358364,-7.49999993486449,12.9999999999998));
#1941=CARTESIAN_POINT('',(-104.500000358364,-5.99999993486449,12.9999999999998));
#1942=CARTESIAN_POINT('',(-107.500000358364,-5.99999993486449,12.9999999999998));
#1943=CARTESIAN_POINT('Origin',(-104.500000358364,-7.49999993486449,12.9999999999998));
#1944=CARTESIAN_POINT('Origin',(-104.500000358364,-6.83452371402056,35.9999999999998));
#1945=CARTESIAN_POINT('',(-107.500000358364,-16.4999999348645,26.3345237791559));
#1946=CARTESIAN_POINT('',(-107.500000358364,-6.83452371402056,35.9999999999998));
#1947=CARTESIAN_POINT('',(-107.500000358364,-8.00089276923154,34.8336309447889));
#1948=CARTESIAN_POINT('',(-104.500000358364,-16.4999999348645,26.3345237791559));
#1949=CARTESIAN_POINT('',(-106.000000358364,-16.4999999348645,26.3345237791559));
#1950=CARTESIAN_POINT('',(-104.500000358364,-6.83452371402056,35.9999999999998));
#1951=CARTESIAN_POINT('',(-104.500000358364,-8.00089276923154,34.8336309447888));
#1952=CARTESIAN_POINT('',(-106.000000358364,-6.83452371402056,35.9999999999998));
#1953=CARTESIAN_POINT('Origin',(-104.500000358364,16.5000000651355,26.3345237791559));
#1954=CARTESIAN_POINT('',(-107.500000358364,6.83452384429158,35.9999999999998));
#1955=CARTESIAN_POINT('',(-107.500000358364,16.5000000651355,26.3345237791559));
#1956=CARTESIAN_POINT('',(-107.500000358364,12.8336310099245,30.0008928343669));
#1957=CARTESIAN_POINT('',(-104.500000358364,6.83452384429158,35.9999999999998));
#1958=CARTESIAN_POINT('',(-106.000000358364,6.83452384429158,35.9999999999998));
#1959=CARTESIAN_POINT('',(-104.500000358364,16.5000000651355,26.3345237791559));
#1960=CARTESIAN_POINT('',(-104.500000358364,12.8336310099245,30.0008928343669));
#1961=CARTESIAN_POINT('',(-106.000000358364,16.5000000651355,26.3345237791559));
#1962=CARTESIAN_POINT('Origin',(-107.500000358364,-16.4999999348645,40.9999999999998));
#1963=CARTESIAN_POINT('',(-107.500000358364,-16.4999999348645,7.99999999999983));
#1964=CARTESIAN_POINT('',(-107.500000358364,-16.4999999348645,40.9999999999998));
#1965=CARTESIAN_POINT('',(-104.500000358364,-16.4999999348645,7.99999999999982));
#1966=CARTESIAN_POINT('',(-107.500000358364,-16.4999999348645,7.99999999999983));
#1967=CARTESIAN_POINT('',(-104.500000358364,-16.4999999348645,40.9999999999998));
#1968=CARTESIAN_POINT('Origin',(-107.500000358364,16.5000000651355,35.9999999999998));
#1969=CARTESIAN_POINT('',(-104.500000358364,8.25000006513551,35.9999999999998));
#1970=CARTESIAN_POINT('',(-107.500000358364,8.25000006513551,35.9999999999998));
#1971=CARTESIAN_POINT('Origin',(-104.500000358364,1.30271018120736E-7,22.0000003278252));
#1972=CARTESIAN_POINT('',(-104.500000358364,-5.99999986972898,22.0000003278252));
#1973=CARTESIAN_POINT('Origin',(-104.500000358364,1.30271018120736E-7,22.0000003278252));
#1974=CARTESIAN_POINT('',(-106.550000358364,-5.99999986972898,22.0000003278252));
#1975=CARTESIAN_POINT('',(-104.500000358364,-5.99999986972898,22.0000003278252));
#1976=CARTESIAN_POINT('Origin',(-106.550000358364,1.30271017869683E-7,22.0000003278252));
#1977=CARTESIAN_POINT('Origin',(-106.550000358364,1.30271017869683E-7,22.0000003278252));
#1978=CARTESIAN_POINT('',(-106.550000358364,-4.99999986972898,22.0000003278252));
#1979=CARTESIAN_POINT('Origin',(-106.550000358364,1.30271017869683E-7,22.0000003278252));
#1980=CARTESIAN_POINT('Origin',(-104.500000358364,1.30271018120736E-7,22.0000003278252));
#1981=CARTESIAN_POINT('',(-107.500000358364,-4.99999986972898,22.0000003278252));
#1982=CARTESIAN_POINT('',(-104.500000358364,-4.99999986972898,22.0000003278252));
#1983=CARTESIAN_POINT('Origin',(-107.500000358364,1.30271017753342E-7,22.0000003278252));
#1984=CARTESIAN_POINT('Origin',(-107.500000358364,16.5000000651355,7.99999999999983));
#1985=CARTESIAN_POINT('',(-104.500000358364,16.5000000651355,7.99999999999982));
#1986=CARTESIAN_POINT('',(-104.500000358364,16.5000000651355,7.99999999999982));
#1987=CARTESIAN_POINT('',(-107.500000358364,16.5000000651355,7.99999999999983));
#1988=CARTESIAN_POINT('',(-107.500000358364,16.5000000651355,7.99999999999983));
#1989=CARTESIAN_POINT('',(-107.500000358364,16.5000000651355,7.99999999999983));
#1990=CARTESIAN_POINT('Origin',(-107.500000358364,-16.4999999348645,7.99999999999983));
#1991=CARTESIAN_POINT('',(-107.500000358364,-16.4999999348645,7.99999999999983));
#1992=CARTESIAN_POINT('',(-104.500000358364,-16.4999999348645,7.99999999999982));
#1993=CARTESIAN_POINT('Origin',(-104.500000358364,6.51355122429021E-8,24.4999999999998));
#1994=CARTESIAN_POINT('Origin',(-107.500000358364,6.5135511875508E-8,24.4999999999998));
#1995=CARTESIAN_POINT('',(0.,0.,0.));
#1996=CARTESIAN_POINT('Origin',(-41.4213562373095,99.9999999999999,26.0000000000001));
#1997=CARTESIAN_POINT('',(-100.,41.4213562373095,18.));
#1998=CARTESIAN_POINT('',(-41.4213562373095,100.,18.0000000000001));
#1999=CARTESIAN_POINT('',(-56.0660171779821,85.3553390593273,18.0000000000001));
#2000=CARTESIAN_POINT('',(-100.,41.4213562373095,26.));
#2001=CARTESIAN_POINT('',(-100.,41.4213562373094,22.));
#2002=CARTESIAN_POINT('',(-41.4213562373095,99.9999999999999,26.0000000000001));
#2003=CARTESIAN_POINT('',(-56.0660171779821,85.3553390593273,26.0000000000001));
#2004=CARTESIAN_POINT('',(-41.4213562373095,100.,22.0000000000001));
#2005=CARTESIAN_POINT('Origin',(-100.,-41.4213562373095,25.9999999999998));
#2006=CARTESIAN_POINT('',(-41.4213562373095,-100.,17.9999999999998));
#2007=CARTESIAN_POINT('',(-100.,-41.4213562373095,17.9999999999999));
#2008=CARTESIAN_POINT('',(-85.3553390593274,-56.0660171779822,17.9999999999999));
#2009=CARTESIAN_POINT('',(-41.4213562373095,-100.,25.9999999999997));
#2010=CARTESIAN_POINT('',(-41.4213562373095,-100.,21.9999999999998));
#2011=CARTESIAN_POINT('',(-100.,-41.4213562373095,25.9999999999998));
#2012=CARTESIAN_POINT('',(-85.3553390593274,-56.0660171779822,25.9999999999998));
#2013=CARTESIAN_POINT('',(-100.,-41.4213562373096,21.9999999999998));
#2014=CARTESIAN_POINT('Origin',(100.,41.4213562373095,26.));
#2015=CARTESIAN_POINT('',(41.4213562373095,100.,18.0000000000001));
#2016=CARTESIAN_POINT('',(100.,41.4213562373095,18.));
#2017=CARTESIAN_POINT('',(85.3553390593274,56.0660171779821,18.0000000000001));
#2018=CARTESIAN_POINT('',(41.4213562373095,99.9999999999999,26.0000000000001));
#2019=CARTESIAN_POINT('',(41.4213562373095,100.,22.0000000000001));
#2020=CARTESIAN_POINT('',(100.,41.4213562373095,26.));
#2021=CARTESIAN_POINT('',(85.3553390593274,56.0660171779821,26.));
#2022=CARTESIAN_POINT('',(100.,41.4213562373095,22.0000000000001));
#2023=CARTESIAN_POINT('Origin',(41.4213562373095,-100.,25.9999999999997));
#2024=CARTESIAN_POINT('',(100.,-41.4213562373095,17.9999999999999));
#2025=CARTESIAN_POINT('',(41.4213562373095,-100.,17.9999999999998));
#2026=CARTESIAN_POINT('',(56.0660171779821,-85.3553390593274,17.9999999999999));
#2027=CARTESIAN_POINT('',(100.,-41.4213562373095,25.9999999999998));
#2028=CARTESIAN_POINT('',(100.,-41.4213562373095,21.9999999999999));
#2029=CARTESIAN_POINT('',(41.4213562373095,-100.,25.9999999999997));
#2030=CARTESIAN_POINT('',(56.0660171779821,-85.3553390593274,25.9999999999997));
#2031=CARTESIAN_POINT('',(41.4213562373095,-100.,21.9999999999998));
#2032=CARTESIAN_POINT('Origin',(-100.,100.,18.0000000000001));
#2033=CARTESIAN_POINT('',(-100.,100.,18.0000000000001));
#2034=CARTESIAN_POINT('',(-100.,99.9999999999999,26.0000000000001));
#2035=CARTESIAN_POINT('Origin',(100.,100.,18.0000000000001));
#2036=CARTESIAN_POINT('',(100.,99.9999999999999,26.0000000000001));
#2037=CARTESIAN_POINT('',(100.,100.,18.0000000000001));
#2038=CARTESIAN_POINT('Origin',(-100.,-100.,17.9999999999998));
#2039=CARTESIAN_POINT('',(-100.,-100.,17.9999999999998));
#2040=CARTESIAN_POINT('',(-100.,-100.,25.9999999999998));
#2041=CARTESIAN_POINT('Origin',(-11.5000000651355,-95.0000003583643,25.9999999999997));
#2042=CARTESIAN_POINT('',(-10.0000000651355,-95.0000003583643,25.9999999999997));
#2043=CARTESIAN_POINT('Origin',(-11.5000000651355,-95.0000003583643,25.9999999999997));
#2044=CARTESIAN_POINT('',(-10.0000000651355,-95.0000003583643,17.9999999999998));
#2045=CARTESIAN_POINT('',(-10.0000000651355,-95.0000003583643,25.9999999999997));
#2046=CARTESIAN_POINT('Origin',(-11.5000000651355,-95.0000003583643,17.9999999999998));
#2047=CARTESIAN_POINT('Origin',(-11.4999999348645,95.0000003583643,26.0000000000001));
#2048=CARTESIAN_POINT('',(-9.99999993486447,95.0000003583643,26.0000000000001));
#2049=CARTESIAN_POINT('Origin',(-11.4999999348645,95.0000003583643,26.0000000000001));
#2050=CARTESIAN_POINT('',(-9.99999993486447,95.0000003583643,18.0000000000002));
#2051=CARTESIAN_POINT('',(-9.99999993486447,95.0000003583643,26.0000000000001));
#2052=CARTESIAN_POINT('Origin',(-11.4999999348645,95.0000003583643,18.0000000000002));
#2053=CARTESIAN_POINT('Origin',(-95.0000003583643,11.5000000651355,25.9999999999999));
#2054=CARTESIAN_POINT('',(-93.5000003583643,11.5000000651355,25.9999999999999));
#2055=CARTESIAN_POINT('Origin',(-95.0000003583643,11.5000000651355,25.9999999999999));
#2056=CARTESIAN_POINT('',(-93.5000003583643,11.5000000651355,18.));
#2057=CARTESIAN_POINT('',(-93.5000003583643,11.5000000651355,25.9999999999999));
#2058=CARTESIAN_POINT('Origin',(-95.0000003583643,11.5000000651355,18.));
#2059=CARTESIAN_POINT('Origin',(95.0000003583643,11.4999999348644,25.9999999999999));
#2060=CARTESIAN_POINT('',(96.5000003583643,11.4999999348644,25.9999999999999));
#2061=CARTESIAN_POINT('Origin',(95.0000003583643,11.4999999348644,25.9999999999999));
#2062=CARTESIAN_POINT('',(96.5000003583643,11.4999999348645,18.));
#2063=CARTESIAN_POINT('',(96.5000003583643,11.4999999348644,25.9999999999999));
#2064=CARTESIAN_POINT('Origin',(95.0000003583643,11.4999999348645,18.));
#2065=CARTESIAN_POINT('Origin',(11.4999999348645,-95.0000003583643,25.9999999999997));
#2066=CARTESIAN_POINT('',(12.9999999348645,-95.0000003583643,25.9999999999997));
#2067=CARTESIAN_POINT('Origin',(11.4999999348645,-95.0000003583643,25.9999999999997));
#2068=CARTESIAN_POINT('',(12.9999999348645,-95.0000003583643,17.9999999999998));
#2069=CARTESIAN_POINT('',(12.9999999348645,-95.0000003583643,25.9999999999997));
#2070=CARTESIAN_POINT('Origin',(11.4999999348645,-95.0000003583643,17.9999999999998));
#2071=CARTESIAN_POINT('Origin',(11.5000000651355,95.0000003583643,26.0000000000001));
#2072=CARTESIAN_POINT('',(13.0000000651355,95.0000003583643,26.0000000000001));
#2073=CARTESIAN_POINT('Origin',(11.5000000651355,95.0000003583643,26.0000000000001));
#2074=CARTESIAN_POINT('',(13.0000000651355,95.0000003583643,18.0000000000002));
#2075=CARTESIAN_POINT('',(13.0000000651355,95.0000003583643,26.0000000000001));
#2076=CARTESIAN_POINT('Origin',(11.5000000651355,95.0000003583643,18.0000000000002));
#2077=CARTESIAN_POINT('Origin',(-95.0000003583643,-11.4999999348645,25.9999999999999));
#2078=CARTESIAN_POINT('',(-93.5000003583643,-11.4999999348645,25.9999999999999));
#2079=CARTESIAN_POINT('Origin',(-95.0000003583643,-11.4999999348645,25.9999999999999));
#2080=CARTESIAN_POINT('',(-93.5000003583643,-11.4999999348645,18.));
#2081=CARTESIAN_POINT('',(-93.5000003583643,-11.4999999348645,25.9999999999999));
#2082=CARTESIAN_POINT('Origin',(-95.0000003583643,-11.4999999348645,18.));
#2083=CARTESIAN_POINT('Origin',(95.0000003583643,-11.5000000651356,25.9999999999999));
#2084=CARTESIAN_POINT('',(96.5000003583643,-11.5000000651356,25.9999999999999));
#2085=CARTESIAN_POINT('Origin',(95.0000003583643,-11.5000000651356,25.9999999999999));
#2086=CARTESIAN_POINT('',(96.5000003583643,-11.5000000651355,18.));
#2087=CARTESIAN_POINT('',(96.5000003583643,-11.5000000651356,25.9999999999999));
#2088=CARTESIAN_POINT('Origin',(95.0000003583643,-11.5000000651355,18.));
#2089=CARTESIAN_POINT('Origin',(100.,-100.,17.9999999999998));
#2090=CARTESIAN_POINT('',(100.,-100.,25.9999999999998));
#2091=CARTESIAN_POINT('',(100.,-100.,17.9999999999998));
#2092=CARTESIAN_POINT('Origin',(0.,-5.32907051820073E-14,25.9999999999999));
#2093=CARTESIAN_POINT('Origin',(-1.60237371373018E-30,-2.66453525910038E-14,
18.));
#2094=CARTESIAN_POINT('',(-3.5,0.,0.));
#2095=CARTESIAN_POINT('',(0.,0.,0.));
#2096=UNCERTAINTY_MEASURE_WITH_UNIT(LENGTH_MEASURE(0.01),#2104,
'DISTANCE_ACCURACY_VALUE',
'Maximum model space distance between geometric entities at asserted c
onnectivities');
#2097=UNCERTAINTY_MEASURE_WITH_UNIT(LENGTH_MEASURE(0.01),#2104,
'DISTANCE_ACCURACY_VALUE',
'Maximum model space distance between geometric entities at asserted c
onnectivities');
#2098=UNCERTAINTY_MEASURE_WITH_UNIT(LENGTH_MEASURE(0.01),#2104,
'DISTANCE_ACCURACY_VALUE',
'Maximum model space distance between geometric entities at asserted c
onnectivities');
#2099=UNCERTAINTY_MEASURE_WITH_UNIT(LENGTH_MEASURE(0.01),#2104,
'DISTANCE_ACCURACY_VALUE',
'Maximum model space distance between geometric entities at asserted c
onnectivities');
#2100=(
GEOMETRIC_REPRESENTATION_CONTEXT(3)
GLOBAL_UNCERTAINTY_ASSIGNED_CONTEXT((#2096))
GLOBAL_UNIT_ASSIGNED_CONTEXT((#2104,#2106,#2107))
REPRESENTATION_CONTEXT('','3D')
);
#2101=(
GEOMETRIC_REPRESENTATION_CONTEXT(3)
GLOBAL_UNCERTAINTY_ASSIGNED_CONTEXT((#2097))
GLOBAL_UNIT_ASSIGNED_CONTEXT((#2104,#2106,#2107))
REPRESENTATION_CONTEXT('','3D')
);
#2102=(
GEOMETRIC_REPRESENTATION_CONTEXT(3)
GLOBAL_UNCERTAINTY_ASSIGNED_CONTEXT((#2098))
GLOBAL_UNIT_ASSIGNED_CONTEXT((#2104,#2106,#2107))
REPRESENTATION_CONTEXT('','3D')
);
#2103=(
GEOMETRIC_REPRESENTATION_CONTEXT(3)
GLOBAL_UNCERTAINTY_ASSIGNED_CONTEXT((#2099))
GLOBAL_UNIT_ASSIGNED_CONTEXT((#2104,#2106,#2107))
REPRESENTATION_CONTEXT('','3D')
);
#2104=(
LENGTH_UNIT()
NAMED_UNIT(*)
SI_UNIT(.MILLI.,.METRE.)
);
#2105=(
LENGTH_UNIT()
NAMED_UNIT(*)
SI_UNIT($,.METRE.)
);
#2106=(
NAMED_UNIT(*)
PLANE_ANGLE_UNIT()
SI_UNIT($,.RADIAN.)
);
#2107=(
NAMED_UNIT(*)
SI_UNIT($,.STERADIAN.)
SOLID_ANGLE_UNIT()
);
#2108=SHAPE_DEFINITION_REPRESENTATION(#2111,#2116);
#2109=SHAPE_DEFINITION_REPRESENTATION(#2112,#2117);
#2110=SHAPE_DEFINITION_REPRESENTATION(#2113,#2118);
#2111=PRODUCT_DEFINITION_SHAPE('',$,#2120);
#2112=PRODUCT_DEFINITION_SHAPE('',$,#2121);
#2113=PRODUCT_DEFINITION_SHAPE('',$,#2122);
#2114=PRODUCT_DEFINITION_SHAPE($,$,#17);
#2115=PRODUCT_DEFINITION_SHAPE($,$,#18);
#2116=SHAPE_REPRESENTATION('',(#1284,#1403,#1404),#2100);
#2117=SHAPE_REPRESENTATION('',(#1285),#2101);
#2118=SHAPE_REPRESENTATION('',(#1368),#2102);
#2119=PRODUCT_DEFINITION_CONTEXT('part definition',#2130,'design');
#2120=PRODUCT_DEFINITION('Arms','Arms v1',#2123,#2119);
#2121=PRODUCT_DEFINITION('UpperLink','UpperLink',#2124,#2119);
#2122=PRODUCT_DEFINITION('AcrylPlate','AcrylPlate',#2125,#2119);
#2123=PRODUCT_DEFINITION_FORMATION('',$,#2132);
#2124=PRODUCT_DEFINITION_FORMATION('',$,#2133);
#2125=PRODUCT_DEFINITION_FORMATION('',$,#2134);
#2126=PRODUCT_RELATED_PRODUCT_CATEGORY('Arms v1','Arms v1',(#2132));
#2127=PRODUCT_RELATED_PRODUCT_CATEGORY('UpperLink','UpperLink',(#2133));
#2128=PRODUCT_RELATED_PRODUCT_CATEGORY('AcrylPlate','AcrylPlate',(#2134));
#2129=APPLICATION_PROTOCOL_DEFINITION('international standard',
'automotive_design',2009,#2130);
#2130=APPLICATION_CONTEXT(
'Core Data for Automotive Mechanical Design Process');
#2131=PRODUCT_CONTEXT('part definition',#2130,'mechanical');
#2132=PRODUCT('Arms','Arms v1',$,(#2131));
#2133=PRODUCT('UpperLink','UpperLink',$,(#2131));
#2134=PRODUCT('AcrylPlate','AcrylPlate',$,(#2131));
#2135=PRESENTATION_STYLE_ASSIGNMENT((#2136));
#2136=SURFACE_STYLE_USAGE(.BOTH.,#2137);
#2137=SURFACE_SIDE_STYLE('',(#2138));
#2138=SURFACE_STYLE_FILL_AREA(#2139);
#2139=FILL_AREA_STYLE('Steel - Satin',(#2140));
#2140=FILL_AREA_STYLE_COLOUR('Steel - Satin',#2141);
#2141=COLOUR_RGB('Steel - Satin',0.627450980392157,0.627450980392157,0.627450980392157);
ENDSEC;
END-ISO-10303-21;
